ats	board	misses	last_checked
greenhouse	https://job-boards.greenhouse.io/0x	1	2026-09-28T06:57:22.679Z
greenhouse	https://job-boards.greenhouse.io/100x	1	2026-09-28T06:57:22.663Z
greenhouse	https://job-boards.greenhouse.io/1047games	1	2026-09-28T06:57:22.660Z
greenhouse	https://job-boards.greenhouse.io/10pearls	1	2026-09-28T06:57:22.695Z
greenhouse	https://job-boards.greenhouse.io/10up	1	2026-09-28T06:57:22.686Z
greenhouse	https://job-boards.greenhouse.io/10xgenomics	1	2026-09-28T06:57:22.694Z
greenhouse	https://job-boards.greenhouse.io/113134	1	2026-09-28T06:57:22.697Z
greenhouse	https://job-boards.greenhouse.io/123	1	2026-09-28T06:57:22.711Z
greenhouse	https://job-boards.greenhouse.io/174powerglobal	1	2026-09-28T06:57:22.744Z
greenhouse	https://job-boards.greenhouse.io/1848ventures	1	2026-09-28T06:57:22.761Z
greenhouse	https://job-boards.greenhouse.io/1906newhighs	1	2026-09-28T06:57:22.761Z
greenhouse	https://job-boards.greenhouse.io/21co	1	2026-09-28T06:57:22.798Z
greenhouse	https://job-boards.greenhouse.io/2seventybioinc	1	2026-09-28T06:57:22.841Z
greenhouse	https://job-boards.greenhouse.io/2uevents	1	2026-09-28T06:57:22.862Z
greenhouse	https://job-boards.greenhouse.io/350org	1	2026-09-28T06:57:22.930Z
greenhouse	https://job-boards.greenhouse.io/360campaignconsulting	1	2026-09-28T06:57:22.934Z
greenhouse	https://job-boards.greenhouse.io/3aware	1	2026-09-28T06:57:22.949Z
greenhouse	https://job-boards.greenhouse.io/3q	1	2026-09-28T06:57:22.968Z
greenhouse	https://job-boards.greenhouse.io/48f-relo	1	2026-09-28T06:57:22.989Z
greenhouse	https://job-boards.greenhouse.io/5careferrals	1	2026-09-28T06:57:23.071Z
greenhouse	https://job-boards.greenhouse.io/6b16e998554a4006a2f0f0a47869e3e2	1	2026-09-28T06:57:23.109Z
greenhouse	https://job-boards.greenhouse.io/777partners	1	2026-09-28T06:57:23.115Z
greenhouse	https://job-boards.greenhouse.io/86repairs	1	2026-09-28T06:57:23.157Z
greenhouse	https://job-boards.greenhouse.io/8rivers	1	2026-09-28T06:57:23.158Z
greenhouse	https://job-boards.greenhouse.io/98point6	1	2026-09-28T06:57:23.185Z
greenhouse	https://job-boards.greenhouse.io/a1mreferrals	1	2026-09-28T06:57:23.186Z
greenhouse	https://job-boards.greenhouse.io/a3ce416456924276a59de91bca740028	1	2026-09-28T06:57:23.206Z
greenhouse	https://job-boards.greenhouse.io/abacusgroup	1	2026-09-28T06:57:23.249Z
greenhouse	https://job-boards.greenhouse.io/abatatherapeutics	1	2026-09-28T06:57:23.272Z
greenhouse	https://job-boards.greenhouse.io/abbycare	1	2026-09-28T06:57:23.274Z
greenhouse	https://job-boards.greenhouse.io/abclabs	1	2026-09-28T06:57:23.289Z
greenhouse	https://job-boards.greenhouse.io/abetterchicago	1	2026-09-28T06:57:23.307Z
greenhouse	https://job-boards.greenhouse.io/ability	1	2026-09-28T06:57:23.312Z
greenhouse	https://job-boards.greenhouse.io/ableto	1	2026-09-28T06:57:23.338Z
greenhouse	https://job-boards.greenhouse.io/ably	1	2026-09-28T06:57:23.378Z
greenhouse	https://job-boards.greenhouse.io/abodo	1	2026-09-28T06:57:23.398Z
greenhouse	https://job-boards.greenhouse.io/abodu	1	2026-09-28T06:57:23.404Z
greenhouse	https://job-boards.greenhouse.io/aboutfresh	1	2026-09-28T06:57:23.424Z
greenhouse	https://job-boards.greenhouse.io/abovelending	1	2026-09-28T06:57:23.425Z
greenhouse	https://job-boards.greenhouse.io/abpartners	1	2026-09-28T06:57:23.425Z
greenhouse	https://job-boards.greenhouse.io/absci	1	2026-09-28T06:57:23.450Z
greenhouse	https://job-boards.greenhouse.io/abstract	1	2026-09-28T06:57:23.449Z
greenhouse	https://job-boards.greenhouse.io/accelbyte	1	2026-09-28T06:57:23.471Z
greenhouse	https://job-boards.greenhouse.io/accion	1	2026-09-28T06:57:23.519Z
greenhouse	https://job-boards.greenhouse.io/acclarity	1	2026-09-28T06:57:23.538Z
greenhouse	https://job-boards.greenhouse.io/accruenthq	1	2026-09-28T06:57:23.562Z
greenhouse	https://job-boards.greenhouse.io/accumulussynergyinc	1	2026-09-28T06:57:23.582Z
greenhouse	https://job-boards.greenhouse.io/accurx	1	2026-09-28T06:57:23.607Z
greenhouse	https://job-boards.greenhouse.io/achronixsemiconductor	1	2026-09-28T06:57:23.814Z
greenhouse	https://job-boards.greenhouse.io/aclara	1	2026-09-28T06:57:23.831Z
greenhouse	https://job-boards.greenhouse.io/acloudguru	1	2026-09-28T06:57:23.830Z
greenhouse	https://job-boards.greenhouse.io/acorns	1	2026-09-28T06:57:23.925Z
greenhouse	https://job-boards.greenhouse.io/acrerewards	1	2026-09-28T06:57:23.946Z
greenhouse	https://job-boards.greenhouse.io/acronis	1	2026-09-28T06:57:23.947Z
greenhouse	https://job-boards.greenhouse.io/actioniq	1	2026-09-28T06:57:23.968Z
greenhouse	https://job-boards.greenhouse.io/actiumhealth	1	2026-09-28T06:57:23.971Z
greenhouse	https://job-boards.greenhouse.io/activehours	1	2026-09-28T06:57:24.046Z
greenhouse	https://job-boards.greenhouse.io/acvauctions	1	2026-09-28T06:57:24.096Z
greenhouse	https://job-boards.greenhouse.io/adamosecurity	1	2026-09-28T06:57:24.118Z
greenhouse	https://job-boards.greenhouse.io/adaptive3d	1	2026-09-28T06:57:24.513Z
greenhouse	https://job-boards.greenhouse.io/adaptivewater	1	2026-09-28T06:57:24.514Z
greenhouse	https://job-boards.greenhouse.io/adept	1	2026-09-28T06:57:24.568Z
greenhouse	https://job-boards.greenhouse.io/adheretech	1	2026-09-28T06:57:24.610Z
greenhouse	https://job-boards.greenhouse.io/adhocexternal	1	2026-09-28T06:57:24.610Z
greenhouse	https://job-boards.greenhouse.io/adhocteam	1	2026-09-28T06:57:24.627Z
greenhouse	https://job-boards.greenhouse.io/adim	1	2026-09-28T06:57:24.634Z
greenhouse	https://job-boards.greenhouse.io/admarketplaceinc	1	2026-09-28T06:57:24.659Z
greenhouse	https://job-boards.greenhouse.io/adonis	1	2026-09-28T06:57:24.678Z
greenhouse	https://job-boards.greenhouse.io/adp	1	2026-09-28T06:57:24.684Z
greenhouse	https://job-boards.greenhouse.io/adpractitionersllc	1	2026-09-28T06:57:24.690Z
greenhouse	https://job-boards.greenhouse.io/adroll	1	2026-09-28T06:57:24.693Z
greenhouse	https://job-boards.greenhouse.io/aerospike	1	2026-09-28T06:57:24.865Z
greenhouse	https://job-boards.greenhouse.io/aetion	1	2026-09-28T06:57:24.866Z
greenhouse	https://job-boards.greenhouse.io/aevum	1	2026-09-28T06:57:24.897Z
greenhouse	https://job-boards.greenhouse.io/aevumdefense	1	2026-09-28T06:57:24.897Z
greenhouse	https://job-boards.greenhouse.io/affecttherapeutics	1	2026-09-28T06:57:24.979Z
greenhouse	https://job-boards.greenhouse.io/affiniatherapeutics	1	2026-09-28T06:57:24.980Z
greenhouse	https://job-boards.greenhouse.io/affinity	1	2026-09-28T06:57:25.002Z
greenhouse	https://job-boards.greenhouse.io/afterverse	1	2026-09-28T06:57:25.049Z
greenhouse	https://job-boards.greenhouse.io/afterverse31	1	2026-09-28T06:57:25.064Z
greenhouse	https://job-boards.greenhouse.io/agcbiologics	1	2026-09-28T06:57:25.075Z
greenhouse	https://job-boards.greenhouse.io/agentsync	1	2026-09-28T06:57:25.145Z
greenhouse	https://job-boards.greenhouse.io/agilesixv2	1	2026-09-28T06:57:25.231Z
greenhouse	https://job-boards.greenhouse.io/agilespaceindustries	1	2026-09-28T06:57:25.228Z
greenhouse	https://job-boards.greenhouse.io/agolo	1	2026-09-28T06:57:25.300Z
greenhouse	https://job-boards.greenhouse.io/agoralabinc	1	2026-09-28T06:57:25.335Z
greenhouse	https://job-boards.greenhouse.io/agoric	1	2026-09-28T06:57:25.392Z
greenhouse	https://job-boards.greenhouse.io/aifleet	1	2026-09-28T06:57:25.515Z
greenhouse	https://job-boards.greenhouse.io/aipalette	1	2026-09-28T06:57:25.534Z
greenhouse	https://job-boards.greenhouse.io/airbase	1	2026-09-28T06:57:25.571Z
greenhouse	https://job-boards.greenhouse.io/airbyte	1	2026-09-28T06:57:25.577Z
greenhouse	https://job-boards.greenhouse.io/aircore	1	2026-09-28T06:57:25.604Z
greenhouse	https://job-boards.greenhouse.io/airlifttechnologies	1	2026-09-28T06:57:25.764Z
greenhouse	https://job-boards.greenhouse.io/airpacairlines	1	2026-09-28T06:57:25.766Z
greenhouse	https://job-boards.greenhouse.io/airspeed	1	2026-09-28T06:57:25.801Z
greenhouse	https://job-boards.greenhouse.io/airtime	1	2026-09-28T06:57:25.902Z
greenhouse	https://job-boards.greenhouse.io/airworks	1	2026-09-28T06:57:25.904Z
greenhouse	https://job-boards.greenhouse.io/aiserajobs	1	2026-09-28T06:57:25.986Z
greenhouse	https://job-boards.greenhouse.io/akriveiatherapeutics	1	2026-09-28T06:57:26.112Z
greenhouse	https://job-boards.greenhouse.io/alby	1	2026-09-28T06:57:26.213Z
greenhouse	https://job-boards.greenhouse.io/alchemy	1	2026-09-28T06:57:26.234Z
greenhouse	https://job-boards.greenhouse.io/alcority	1	2026-09-28T06:57:26.234Z
greenhouse	https://job-boards.greenhouse.io/alexispointe	1	2026-09-28T06:57:26.312Z
greenhouse	https://job-boards.greenhouse.io/algorithmia	1	2026-09-28T06:57:26.338Z
greenhouse	https://job-boards.greenhouse.io/alignerr	1	2026-09-28T06:57:26.409Z
greenhouse	https://job-boards.greenhouse.io/alkymi	1	2026-09-28T06:57:26.432Z
greenhouse	https://job-boards.greenhouse.io/allakos	1	2026-09-28T06:57:26.454Z
greenhouse	https://job-boards.greenhouse.io/allarahealth	1	2026-09-28T06:57:26.513Z
greenhouse	https://job-boards.greenhouse.io/allbirds	1	2026-09-28T06:57:26.513Z
greenhouse	https://job-boards.greenhouse.io/allbirdsretail	1	2026-09-28T06:57:26.514Z
greenhouse	https://job-boards.greenhouse.io/allconnect	1	2026-09-28T06:57:26.674Z
greenhouse	https://job-boards.greenhouse.io/allergandatalabs	1	2026-09-28T06:57:26.698Z
greenhouse	https://job-boards.greenhouse.io/alleycorp	1	2026-09-28T06:57:26.694Z
greenhouse	https://job-boards.greenhouse.io/alliedglobalmarketing	1	2026-09-28T06:57:26.841Z
greenhouse	https://job-boards.greenhouse.io/allinternal	1	2026-09-28T06:57:26.864Z
greenhouse	https://job-boards.greenhouse.io/allscripts	1	2026-09-28T06:57:26.898Z
greenhouse	https://job-boards.greenhouse.io/alma	1	2026-09-28T06:57:26.960Z
greenhouse	https://job-boards.greenhouse.io/aloft	1	2026-09-28T06:57:26.941Z
greenhouse	https://job-boards.greenhouse.io/alpenlabs	1	2026-09-28T06:57:26.977Z
greenhouse	https://job-boards.greenhouse.io/alphahawaii	1	2026-09-28T06:57:27.034Z
greenhouse	https://job-boards.greenhouse.io/alpineinternships	1	2026-09-28T06:57:27.256Z
greenhouse	https://job-boards.greenhouse.io/alpineinvestors	1	2026-09-28T06:57:27.285Z
greenhouse	https://job-boards.greenhouse.io/alt	1	2026-09-28T06:57:27.295Z
greenhouse	https://job-boards.greenhouse.io/alteradigitalhealth	1	2026-09-28T06:57:27.331Z
greenhouse	https://job-boards.greenhouse.io/alteradigitalhealthcanada	1	2026-09-28T06:57:27.341Z
greenhouse	https://job-boards.greenhouse.io/alteradigitalhealthindia	1	2026-09-28T06:57:27.347Z
greenhouse	https://job-boards.greenhouse.io/alterahealth	1	2026-09-28T06:57:27.355Z
greenhouse	https://job-boards.greenhouse.io/alto	1	2026-09-28T06:57:27.419Z
greenhouse	https://job-boards.greenhouse.io/altoira	1	2026-09-28T06:57:27.436Z
greenhouse	https://job-boards.greenhouse.io/altovita	1	2026-09-28T06:57:27.439Z
greenhouse	https://job-boards.greenhouse.io/altpep	1	2026-09-28T06:57:27.456Z
greenhouse	https://job-boards.greenhouse.io/altro	1	2026-09-28T06:57:27.457Z
greenhouse	https://job-boards.greenhouse.io/altruistiq	1	2026-09-28T06:57:27.473Z
greenhouse	https://job-boards.greenhouse.io/amb	1	2026-09-28T06:57:27.595Z
greenhouse	https://job-boards.greenhouse.io/ambiencehealthcare	1	2026-09-28T06:57:27.615Z
greenhouse	https://job-boards.greenhouse.io/ambient	1	2026-09-28T06:57:27.625Z
greenhouse	https://job-boards.greenhouse.io/ambientai	1	2026-09-28T06:57:27.633Z
greenhouse	https://job-boards.greenhouse.io/ambiententerprises	1	2026-09-28T06:57:27.633Z
greenhouse	https://job-boards.greenhouse.io/ambit	1	2026-09-28T06:57:27.644Z
greenhouse	https://job-boards.greenhouse.io/amcrawfordinc	1	2026-09-28T06:57:27.652Z
greenhouse	https://job-boards.greenhouse.io/amedigital	1	2026-09-28T06:57:27.661Z
greenhouse	https://job-boards.greenhouse.io/amenitiz	1	2026-09-28T06:57:27.702Z
greenhouse	https://job-boards.greenhouse.io/americaneedsyou	1	2026-09-28T06:57:27.718Z
greenhouse	https://job-boards.greenhouse.io/americannational	1	2026-09-28T06:57:27.884Z
greenhouse	https://job-boards.greenhouse.io/amika	1	2026-09-28T06:57:27.885Z
greenhouse	https://job-boards.greenhouse.io/aminohealth	1	2026-09-28T06:57:27.885Z
greenhouse	https://job-boards.greenhouse.io/amitechsolutions	1	2026-09-28T06:57:27.904Z
greenhouse	https://job-boards.greenhouse.io/ampersand	1	2026-09-28T06:57:28.519Z
greenhouse	https://job-boards.greenhouse.io/ampla	1	2026-09-28T06:57:27.957Z
greenhouse	https://job-boards.greenhouse.io/amplehair	1	2026-09-28T06:57:27.962Z
greenhouse	https://job-boards.greenhouse.io/ampleinc	1	2026-09-28T06:57:27.966Z
greenhouse	https://job-boards.greenhouse.io/amra	1	2026-09-28T06:57:28.549Z
greenhouse	https://job-boards.greenhouse.io/amtrav	1	2026-09-28T06:57:28.555Z
greenhouse	https://job-boards.greenhouse.io/amun	1	2026-09-28T06:57:28.617Z
greenhouse	https://job-boards.greenhouse.io/anaconda	1	2026-09-28T06:57:28.646Z
greenhouse	https://job-boards.greenhouse.io/anchorage	1	2026-09-28T06:57:28.685Z
greenhouse	https://job-boards.greenhouse.io/ancientnutrition	1	2026-09-28T06:57:28.702Z
greenhouse	https://job-boards.greenhouse.io/andela	1	2026-09-28T06:57:28.769Z
greenhouse	https://job-boards.greenhouse.io/androstechnologies	1	2026-09-28T06:57:28.792Z
greenhouse	https://job-boards.greenhouse.io/anewclimate	1	2026-09-28T06:57:28.813Z
greenhouse	https://job-boards.greenhouse.io/angi	1	2026-09-28T06:57:28.870Z
greenhouse	https://job-boards.greenhouse.io/angusreidgroup	1	2026-09-28T06:57:28.835Z
greenhouse	https://job-boards.greenhouse.io/anilive	1	2026-09-28T06:57:28.841Z
greenhouse	https://job-boards.greenhouse.io/animallogic	1	2026-09-28T06:57:28.880Z
greenhouse	https://job-boards.greenhouse.io/animallogicglobalhybrid	1	2026-09-28T06:57:28.886Z
greenhouse	https://job-boards.greenhouse.io/animallogicsydneyhybrid	1	2026-09-28T06:57:28.883Z
greenhouse	https://job-boards.greenhouse.io/animalz	1	2026-09-28T06:57:28.917Z
greenhouse	https://job-boards.greenhouse.io/ankorstore	1	2026-09-28T06:57:28.917Z
greenhouse	https://job-boards.greenhouse.io/ankrnetwork	1	2026-09-28T06:57:28.937Z
greenhouse	https://job-boards.greenhouse.io/anomalojobs	1	2026-09-28T06:57:28.962Z
greenhouse	https://job-boards.greenhouse.io/anotherball	1	2026-09-28T06:57:28.958Z
greenhouse	https://job-boards.greenhouse.io/ans	1	2026-09-28T06:57:28.966Z
greenhouse	https://job-boards.greenhouse.io/answersnow	1	2026-09-28T06:57:28.991Z
greenhouse	https://job-boards.greenhouse.io/antimetal	1	2026-09-28T06:57:29.050Z
greenhouse	https://job-boards.greenhouse.io/antler	1	2026-09-28T06:57:29.054Z
greenhouse	https://job-boards.greenhouse.io/anz	1	2026-09-28T06:57:29.075Z
greenhouse	https://job-boards.greenhouse.io/apartmentlist	1	2026-09-28T06:57:29.137Z
greenhouse	https://job-boards.greenhouse.io/apeel	1	2026-09-28T06:57:29.188Z
greenhouse	https://job-boards.greenhouse.io/apellis	1	2026-09-28T06:57:29.175Z
greenhouse	https://job-boards.greenhouse.io/apexlogic	1	2026-09-28T06:57:29.496Z
greenhouse	https://job-boards.greenhouse.io/apiascholars	1	2026-09-28T06:57:29.549Z
greenhouse	https://job-boards.greenhouse.io/apisero	1	2026-09-28T06:57:29.548Z
greenhouse	https://job-boards.greenhouse.io/apiture66	1	2026-09-28T06:57:29.567Z
greenhouse	https://job-boards.greenhouse.io/apono	1	2026-09-28T06:57:29.624Z
greenhouse	https://job-boards.greenhouse.io/appannie	1	2026-09-28T06:57:29.724Z
greenhouse	https://job-boards.greenhouse.io/appfiretechnologiesllc	1	2026-09-28T06:57:29.741Z
greenhouse	https://job-boards.greenhouse.io/appiabio	1	2026-09-28T06:57:29.744Z
greenhouse	https://job-boards.greenhouse.io/appliedintuition	1	2026-09-28T06:57:29.959Z
greenhouse	https://job-boards.greenhouse.io/applytocedar	1	2026-09-28T06:57:30.367Z
greenhouse	https://job-boards.greenhouse.io/applytonectar	1	2026-09-28T06:57:30.389Z
greenhouse	https://job-boards.greenhouse.io/applytoroadforge	1	2026-09-28T06:57:30.448Z
greenhouse	https://job-boards.greenhouse.io/appsumocareers	1	2026-09-28T06:57:30.535Z
greenhouse	https://job-boards.greenhouse.io/apr	1	2026-09-28T06:57:30.543Z
greenhouse	https://job-boards.greenhouse.io/april	1	2026-09-28T06:57:30.571Z
greenhouse	https://job-boards.greenhouse.io/aprioritechnologies	1	2026-09-28T06:57:30.571Z
greenhouse	https://job-boards.greenhouse.io/aptible	1	2026-09-28T06:57:30.572Z
greenhouse	https://job-boards.greenhouse.io/aptopayments	1	2026-09-28T06:57:30.591Z
greenhouse	https://job-boards.greenhouse.io/aptos	1	2026-09-28T06:57:30.822Z
greenhouse	https://job-boards.greenhouse.io/aptum	1	2026-09-28T06:57:30.623Z
greenhouse	https://job-boards.greenhouse.io/aputure	1	2026-09-28T06:57:30.629Z
greenhouse	https://job-boards.greenhouse.io/aquant	1	2026-09-28T06:57:30.638Z
greenhouse	https://job-boards.greenhouse.io/aradenabattlegrounds	1	2026-09-28T06:57:30.654Z
greenhouse	https://job-boards.greenhouse.io/arcadiacareers	1	2026-09-28T06:57:30.677Z
greenhouse	https://job-boards.greenhouse.io/arcdev	1	2026-09-28T06:57:30.732Z
greenhouse	https://job-boards.greenhouse.io/arcellx	1	2026-09-28T06:57:30.750Z
greenhouse	https://job-boards.greenhouse.io/archetypeentertainment	1	2026-09-28T06:57:30.801Z
greenhouse	https://job-boards.greenhouse.io/archetypesg	1	2026-09-28T06:57:30.962Z
greenhouse	https://job-boards.greenhouse.io/arcticwolfnetworks	1	2026-09-28T06:57:30.889Z
greenhouse	https://job-boards.greenhouse.io/arenaai	1	2026-09-28T06:57:30.924Z
greenhouse	https://job-boards.greenhouse.io/arenanet	1	2026-09-28T06:57:30.943Z
greenhouse	https://job-boards.greenhouse.io/argent	1	2026-09-28T06:57:30.965Z
greenhouse	https://job-boards.greenhouse.io/argo	1	2026-09-28T06:57:30.971Z
greenhouse	https://job-boards.greenhouse.io/argo83	1	2026-09-28T06:57:30.974Z
greenhouse	https://job-boards.greenhouse.io/argyle	1	2026-09-28T06:57:30.982Z
greenhouse	https://job-boards.greenhouse.io/ariacarepartners	1	2026-09-28T06:57:30.981Z
greenhouse	https://job-boards.greenhouse.io/ariel	1	2026-09-28T06:57:30.984Z
greenhouse	https://job-boards.greenhouse.io/arine	1	2026-09-28T06:57:31.002Z
greenhouse	https://job-boards.greenhouse.io/arise	1	2026-09-28T06:57:31.007Z
greenhouse	https://job-boards.greenhouse.io/arkansascenterfordatasciences	1	2026-09-28T06:57:31.029Z
greenhouse	https://job-boards.greenhouse.io/arkesystems	1	2026-09-28T06:57:31.046Z
greenhouse	https://job-boards.greenhouse.io/armracolostrum	1	2026-09-28T06:57:31.112Z
greenhouse	https://job-boards.greenhouse.io/around	1	2026-09-28T06:57:31.142Z
greenhouse	https://job-boards.greenhouse.io/arrantabiocareers	1	2026-09-28T06:57:31.143Z
greenhouse	https://job-boards.greenhouse.io/artefacteudatajobs	1	2026-09-28T06:57:31.200Z
greenhouse	https://job-boards.greenhouse.io/artefactus	1	2026-09-28T06:57:31.221Z
greenhouse	https://job-boards.greenhouse.io/articulate	1	2026-09-28T06:57:31.246Z
greenhouse	https://job-boards.greenhouse.io/artivest	1	2026-09-28T06:57:31.247Z
greenhouse	https://job-boards.greenhouse.io/artlogic	1	2026-09-28T06:57:31.291Z
greenhouse	https://job-boards.greenhouse.io/artsy	1	2026-09-28T06:57:31.292Z
greenhouse	https://job-boards.greenhouse.io/arzeda	1	2026-09-28T06:57:31.323Z
greenhouse	https://job-boards.greenhouse.io/as	1	2026-09-28T06:57:31.324Z
greenhouse	https://job-boards.greenhouse.io/ascendanalytics	1	2026-09-28T06:57:31.341Z
greenhouse	https://job-boards.greenhouse.io/ascertain	1	2026-09-28T06:57:31.410Z
greenhouse	https://job-boards.greenhouse.io/askmediagroup	1	2026-09-28T06:57:31.472Z
greenhouse	https://job-boards.greenhouse.io/asknicely	1	2026-09-28T06:57:31.489Z
greenhouse	https://job-boards.greenhouse.io/aspinity	1	2026-09-28T06:57:31.500Z
greenhouse	https://job-boards.greenhouse.io/aspire	1	2026-09-28T06:57:31.510Z
greenhouse	https://job-boards.greenhouse.io/aspireio	1	2026-09-28T06:57:32.900Z
greenhouse	https://job-boards.greenhouse.io/aspireiq	1	2026-09-28T06:57:31.518Z
greenhouse	https://job-boards.greenhouse.io/assembled	1	2026-09-28T06:57:31.537Z
greenhouse	https://job-boards.greenhouse.io/assemblyairemote	1	2026-09-28T06:57:32.901Z
greenhouse	https://job-boards.greenhouse.io/assemblyhq	1	2026-09-28T06:57:32.913Z
greenhouse	https://job-boards.greenhouse.io/assemblyosminc	1	2026-09-28T06:57:32.921Z
greenhouse	https://job-boards.greenhouse.io/assurna	1	2026-09-28T06:57:32.999Z
greenhouse	https://job-boards.greenhouse.io/astria	1	2026-09-28T06:57:33.199Z
greenhouse	https://job-boards.greenhouse.io/astrica	1	2026-09-28T06:57:33.206Z
greenhouse	https://job-boards.greenhouse.io/astropay	1	2026-09-28T06:57:33.283Z
greenhouse	https://job-boards.greenhouse.io/atai	1	2026-09-28T06:57:33.284Z
greenhouse	https://job-boards.greenhouse.io/ataiwebsite	1	2026-09-28T06:57:33.369Z
greenhouse	https://job-boards.greenhouse.io/athenaeducation	1	2026-09-28T06:57:33.465Z
greenhouse	https://job-boards.greenhouse.io/atlanticcouncil	1	2026-09-28T06:57:33.506Z
greenhouse	https://job-boards.greenhouse.io/atlasnavigatorsllc	1	2026-09-28T06:57:33.515Z
greenhouse	https://job-boards.greenhouse.io/atmoslabs	1	2026-09-28T06:57:33.532Z
greenhouse	https://job-boards.greenhouse.io/atome	1	2026-09-28T06:57:33.584Z
greenhouse	https://job-boards.greenhouse.io/atomicvest	1	2026-09-28T06:57:33.607Z
greenhouse	https://job-boards.greenhouse.io/atomicwork	1	2026-09-28T06:57:33.608Z
greenhouse	https://job-boards.greenhouse.io/atomosspace	1	2026-09-28T06:57:33.608Z
greenhouse	https://job-boards.greenhouse.io/atompower	1	2026-09-28T06:57:33.614Z
greenhouse	https://job-boards.greenhouse.io/atomwise	1	2026-09-28T06:57:33.626Z
greenhouse	https://job-boards.greenhouse.io/atticus	1	2026-09-28T06:57:33.668Z
greenhouse	https://job-boards.greenhouse.io/attune	1	2026-09-28T06:57:33.713Z
greenhouse	https://job-boards.greenhouse.io/audicus	1	2026-09-28T06:57:33.760Z
greenhouse	https://job-boards.greenhouse.io/audigent	1	2026-09-28T06:57:33.766Z
greenhouse	https://job-boards.greenhouse.io/aurorainnovation	1	2026-09-28T06:57:33.810Z
greenhouse	https://job-boards.greenhouse.io/aurorasustainablelands	1	2026-09-28T06:57:33.831Z
greenhouse	https://job-boards.greenhouse.io/authorhealth	1	2026-09-28T06:57:33.855Z
greenhouse	https://job-boards.greenhouse.io/autograph	1	2026-09-28T06:57:33.985Z
greenhouse	https://job-boards.greenhouse.io/automatainc	1	2026-09-28T06:57:33.986Z
greenhouse	https://job-boards.greenhouse.io/automatic	1	2026-09-28T06:57:33.987Z
greenhouse	https://job-boards.greenhouse.io/automatticdesign	1	2026-09-28T06:57:34.158Z
greenhouse	https://job-boards.greenhouse.io/automatticmarketing	1	2026-09-28T06:57:34.007Z
greenhouse	https://job-boards.greenhouse.io/automatticremotive	1	2026-09-28T06:57:34.073Z
greenhouse	https://job-boards.greenhouse.io/autox	1	2026-09-28T06:57:34.099Z
greenhouse	https://job-boards.greenhouse.io/avalabs	1	2026-09-28T06:57:34.165Z
greenhouse	https://job-boards.greenhouse.io/avalabsecosystem	1	2026-09-28T06:57:34.194Z
greenhouse	https://job-boards.greenhouse.io/avalanchefoundation	1	2026-09-28T06:57:34.195Z
greenhouse	https://job-boards.greenhouse.io/avantstay	1	2026-09-28T06:57:34.216Z
greenhouse	https://job-boards.greenhouse.io/avaxambassador	1	2026-09-28T06:57:34.235Z
greenhouse	https://job-boards.greenhouse.io/avea	1	2026-09-28T06:57:34.241Z
greenhouse	https://job-boards.greenhouse.io/avelaeducation	1	2026-09-28T06:57:34.253Z
greenhouse	https://job-boards.greenhouse.io/avenueone	1	2026-09-28T06:57:34.257Z
greenhouse	https://job-boards.greenhouse.io/avitapropertymanagement	1	2026-09-28T06:57:34.399Z
greenhouse	https://job-boards.greenhouse.io/awarehealthcare	1	2026-09-28T06:57:34.601Z
greenhouse	https://job-boards.greenhouse.io/away	1	2026-09-28T06:57:34.600Z
greenhouse	https://job-boards.greenhouse.io/axiomquant	1	2026-09-28T06:57:34.657Z
greenhouse	https://job-boards.greenhouse.io/axioshq1	1	2026-09-28T06:57:34.681Z
greenhouse	https://job-boards.greenhouse.io/axisapp	1	2026-09-28T06:57:34.685Z
greenhouse	https://job-boards.greenhouse.io/axissecurity	1	2026-09-28T06:57:34.703Z
greenhouse	https://job-boards.greenhouse.io/ayun	1	2026-09-28T06:57:35.032Z
greenhouse	https://job-boards.greenhouse.io/azenia	1	2026-09-28T06:57:35.048Z
greenhouse	https://job-boards.greenhouse.io/aztec	1	2026-09-28T06:57:35.292Z
greenhouse	https://job-boards.greenhouse.io/aztecgroup	1	2026-09-28T06:57:35.293Z
greenhouse	https://job-boards.greenhouse.io/azumo	1	2026-09-28T06:57:41.898Z
greenhouse	https://job-boards.greenhouse.io/babbel	1	2026-09-28T06:57:35.392Z
greenhouse	https://job-boards.greenhouse.io/backbase	1	2026-09-28T06:57:35.451Z
greenhouse	https://job-boards.greenhouse.io/backlight	1	2026-09-28T06:57:35.451Z
greenhouse	https://job-boards.greenhouse.io/baincapitalventures	1	2026-09-28T06:57:35.474Z
greenhouse	https://job-boards.greenhouse.io/ballotready	1	2026-09-28T06:57:35.471Z
greenhouse	https://job-boards.greenhouse.io/balto	1	2026-09-28T06:57:35.492Z
greenhouse	https://job-boards.greenhouse.io/bam	1	2026-09-28T06:57:35.493Z
greenhouse	https://job-boards.greenhouse.io/banyansecurity	1	2026-09-28T06:57:35.565Z
greenhouse	https://job-boards.greenhouse.io/bardelentertainment	1	2026-09-28T06:57:35.620Z
greenhouse	https://job-boards.greenhouse.io/barinthusbiotherapeutics	1	2026-09-28T06:57:35.634Z
greenhouse	https://job-boards.greenhouse.io/barkley	1	2026-09-28T06:57:35.719Z
greenhouse	https://job-boards.greenhouse.io/basehq	1	2026-09-28T06:57:35.717Z
greenhouse	https://job-boards.greenhouse.io/basepowercompany	1	2026-09-28T06:57:35.738Z
greenhouse	https://job-boards.greenhouse.io/batonhealth	1	2026-09-28T06:57:35.768Z
greenhouse	https://job-boards.greenhouse.io/baymeadows	1	2026-09-28T06:57:35.815Z
greenhouse	https://job-boards.greenhouse.io/bcgdv	1	2026-09-28T06:57:35.912Z
greenhouse	https://job-boards.greenhouse.io/bcgdvalumnireferrals	1	2026-09-28T06:57:35.927Z
greenhouse	https://job-boards.greenhouse.io/beaconsoftware	1	2026-09-28T06:57:36.006Z
greenhouse	https://job-boards.greenhouse.io/beam83	1	2026-09-28T06:57:36.025Z
greenhouse	https://job-boards.greenhouse.io/beamery	1	2026-09-28T06:57:36.041Z
greenhouse	https://job-boards.greenhouse.io/beat	1	2026-09-28T06:57:36.100Z
greenhouse	https://job-boards.greenhouse.io/beatboxbeveragesllc	1	2026-09-28T06:57:36.104Z
greenhouse	https://job-boards.greenhouse.io/beauhurst	1	2026-09-28T06:57:36.110Z
greenhouse	https://job-boards.greenhouse.io/beautycounter	1	2026-09-28T06:57:36.126Z
greenhouse	https://job-boards.greenhouse.io/beautypie	1	2026-09-28T06:57:36.125Z
greenhouse	https://job-boards.greenhouse.io/bedrockrobotics	1	2026-09-28T06:57:36.144Z
greenhouse	https://job-boards.greenhouse.io/beekeeper	1	2026-09-28T06:57:36.166Z
greenhouse	https://job-boards.greenhouse.io/beeshiringday	1	2026-09-28T06:57:41.920Z
greenhouse	https://job-boards.greenhouse.io/beeswax	1	2026-09-28T06:57:36.192Z
greenhouse	https://job-boards.greenhouse.io/beewise	1	2026-09-28T06:57:36.212Z
greenhouse	https://job-boards.greenhouse.io/belharratherapeutics	1	2026-09-28T06:57:36.226Z
greenhouse	https://job-boards.greenhouse.io/belonghome	1	2026-09-28T06:57:36.373Z
greenhouse	https://job-boards.greenhouse.io/benchling	1	2026-09-28T06:57:36.386Z
greenhouse	https://job-boards.greenhouse.io/benepass	1	2026-09-28T06:57:36.424Z
greenhouse	https://job-boards.greenhouse.io/benevity	1	2026-09-28T06:57:36.444Z
greenhouse	https://job-boards.greenhouse.io/bensonhillinc	1	2026-09-28T06:57:36.463Z
greenhouse	https://job-boards.greenhouse.io/berkadia	1	2026-09-28T06:57:36.487Z
greenhouse	https://job-boards.greenhouse.io/bernie2020	1	2026-09-28T06:57:36.543Z
greenhouse	https://job-boards.greenhouse.io/bessemerventurepartnersfellows	1	2026-09-28T06:57:36.611Z
greenhouse	https://job-boards.greenhouse.io/better	1	2026-09-28T06:57:37.510Z
greenhouse	https://job-boards.greenhouse.io/bettercloud	1	2026-09-28T06:57:37.542Z
greenhouse	https://job-boards.greenhouse.io/betterhealth	1	2026-09-28T06:57:37.555Z
greenhouse	https://job-boards.greenhouse.io/betterindia	1	2026-09-28T06:57:37.620Z
greenhouse	https://job-boards.greenhouse.io/bettersleep	1	2026-09-28T06:57:37.643Z
greenhouse	https://job-boards.greenhouse.io/betterup	1	2026-09-28T06:57:37.663Z
greenhouse	https://job-boards.greenhouse.io/bettervet	1	2026-09-28T06:57:37.676Z
greenhouse	https://job-boards.greenhouse.io/betterworks	1	2026-09-28T06:57:37.682Z
greenhouse	https://job-boards.greenhouse.io/bevy	1	2026-09-28T06:57:37.766Z
greenhouse	https://job-boards.greenhouse.io/beyondidcareers	1	2026-09-28T06:57:37.803Z
greenhouse	https://job-boards.greenhouse.io/beyondidtalentcommunity	1	2026-09-28T06:57:37.825Z
greenhouse	https://job-boards.greenhouse.io/bfmateship	1	2026-09-28T06:57:37.867Z
greenhouse	https://job-boards.greenhouse.io/bgbgroup	1	2026-09-28T06:57:37.874Z
greenhouse	https://job-boards.greenhouse.io/bhub	1	2026-09-28T06:57:37.893Z
greenhouse	https://job-boards.greenhouse.io/bigbluemarbleacademy	1	2026-09-28T06:57:37.940Z
greenhouse	https://job-boards.greenhouse.io/bigcommerce	1	2026-09-28T06:57:37.946Z
greenhouse	https://job-boards.greenhouse.io/billfront	1	2026-09-28T06:57:37.985Z
greenhouse	https://job-boards.greenhouse.io/billie	1	2026-09-28T06:57:38.011Z
greenhouse	https://job-boards.greenhouse.io/biltrewards	1	2026-09-28T06:57:38.101Z
greenhouse	https://job-boards.greenhouse.io/binanceus	1	2026-09-28T06:57:38.561Z
greenhouse	https://job-boards.greenhouse.io/biocaremedical	1	2026-09-28T06:57:38.121Z
greenhouse	https://job-boards.greenhouse.io/biograph	1	2026-09-28T06:57:38.157Z
greenhouse	https://job-boards.greenhouse.io/bioptimizers	1	2026-09-28T06:57:38.223Z
greenhouse	https://job-boards.greenhouse.io/bioptimus	1	2026-09-28T06:57:38.235Z
greenhouse	https://job-boards.greenhouse.io/bioskryb	1	2026-09-28T06:57:38.272Z
greenhouse	https://job-boards.greenhouse.io/biospanjobs	1	2026-09-28T06:57:38.277Z
greenhouse	https://job-boards.greenhouse.io/bitcoincom	1	2026-09-28T06:57:38.389Z
greenhouse	https://job-boards.greenhouse.io/bitfarms	1	2026-09-28T06:57:38.406Z
greenhouse	https://job-boards.greenhouse.io/bitfury	1	2026-09-28T06:57:38.422Z
greenhouse	https://job-boards.greenhouse.io/bitly	1	2026-09-28T06:57:38.441Z
greenhouse	https://job-boards.greenhouse.io/bitly46	1	2026-09-28T06:57:38.463Z
greenhouse	https://job-boards.greenhouse.io/bitsight	1	2026-09-28T06:57:38.564Z
greenhouse	https://job-boards.greenhouse.io/bitso	1	2026-09-28T06:57:38.568Z
greenhouse	https://job-boards.greenhouse.io/bittrex	1	2026-09-28T06:57:38.579Z
greenhouse	https://job-boards.greenhouse.io/bjss	1	2026-09-28T06:57:38.587Z
greenhouse	https://job-boards.greenhouse.io/bkcareers	1	2026-09-28T06:57:38.601Z
greenhouse	https://job-boards.greenhouse.io/blackbill	1	2026-09-28T06:57:38.627Z
greenhouse	https://job-boards.greenhouse.io/blackbird	1	2026-09-28T06:57:38.644Z
greenhouse	https://job-boards.greenhouse.io/blackforestlabs	1	2026-09-28T06:57:38.734Z
greenhouse	https://job-boards.greenhouse.io/blackswan	1	2026-09-28T06:57:38.756Z
greenhouse	https://job-boards.greenhouse.io/blade	1	2026-09-28T06:57:38.788Z
greenhouse	https://job-boards.greenhouse.io/bleach	1	2026-09-28T06:57:38.836Z
greenhouse	https://job-boards.greenhouse.io/blisspointmedia	1	2026-09-28T06:57:38.998Z
greenhouse	https://job-boards.greenhouse.io/blisspointmediatinuiti	1	2026-09-28T06:57:39.012Z
greenhouse	https://job-boards.greenhouse.io/blitzapp	1	2026-09-28T06:57:39.021Z
greenhouse	https://job-boards.greenhouse.io/blockdaemon	1	2026-09-28T06:57:39.087Z
greenhouse	https://job-boards.greenhouse.io/blockfi	1	2026-09-28T06:57:39.183Z
greenhouse	https://job-boards.greenhouse.io/blockstream	1	2026-09-28T06:57:39.224Z
greenhouse	https://job-boards.greenhouse.io/blocpower	1	2026-09-28T06:57:39.249Z
greenhouse	https://job-boards.greenhouse.io/blog	1	2026-09-28T06:57:39.270Z
greenhouse	https://job-boards.greenhouse.io/blokparty	1	2026-09-28T06:57:39.287Z
greenhouse	https://job-boards.greenhouse.io/bloombergassociates	1	2026-09-28T06:57:39.304Z
greenhouse	https://job-boards.greenhouse.io/blowfish	1	2026-09-28T06:57:39.372Z
greenhouse	https://job-boards.greenhouse.io/blueapron	1	2026-09-28T06:57:39.445Z
greenhouse	https://job-boards.greenhouse.io/bluebeam	1	2026-09-28T06:57:39.448Z
greenhouse	https://job-boards.greenhouse.io/bluebirdbioinc	1	2026-09-28T06:57:39.466Z
greenhouse	https://job-boards.greenhouse.io/bluecoreinc	1	2026-09-28T06:57:39.539Z
greenhouse	https://job-boards.greenhouse.io/bluegranite	1	2026-09-28T06:57:39.612Z
greenhouse	https://job-boards.greenhouse.io/blueground	1	2026-09-28T06:57:39.630Z
greenhouse	https://job-boards.greenhouse.io/blueoriginllc	1	2026-09-28T06:57:39.672Z
greenhouse	https://job-boards.greenhouse.io/bluevine	1	2026-09-28T06:57:39.792Z
greenhouse	https://job-boards.greenhouse.io/bmf	1	2026-09-28T06:57:39.957Z
greenhouse	https://job-boards.greenhouse.io/boardable	1	2026-09-28T06:57:42.286Z
greenhouse	https://job-boards.greenhouse.io/boatwright	1	2026-09-28T06:57:39.989Z
greenhouse	https://job-boards.greenhouse.io/bobsledinc	1	2026-09-28T06:57:40.008Z
greenhouse	https://job-boards.greenhouse.io/boldbusiness	1	2026-09-28T06:57:40.108Z
greenhouse	https://job-boards.greenhouse.io/bolt	1	2026-09-28T06:57:40.155Z
greenhouse	https://job-boards.greenhouse.io/bolt42	1	2026-09-28T06:57:40.153Z
greenhouse	https://job-boards.greenhouse.io/bombfell	1	2026-09-28T06:57:40.183Z
greenhouse	https://job-boards.greenhouse.io/bondbrothersinc	1	2026-09-28T06:57:40.202Z
greenhouse	https://job-boards.greenhouse.io/bondfinancialtechnologies	1	2026-09-28T06:57:40.205Z
greenhouse	https://job-boards.greenhouse.io/bonobos	1	2026-09-28T06:57:40.294Z
greenhouse	https://job-boards.greenhouse.io/booker	1	2026-09-28T06:57:40.337Z
greenhouse	https://job-boards.greenhouse.io/boomsupersonic	1	2026-09-28T06:57:40.425Z
greenhouse	https://job-boards.greenhouse.io/boostinc	1	2026-09-28T06:57:40.473Z
greenhouse	https://job-boards.greenhouse.io/boostinsurance	1	2026-09-28T06:57:40.493Z
greenhouse	https://job-boards.greenhouse.io/bootcampinstructionalengagement	1	2026-09-28T06:57:40.552Z
greenhouse	https://job-boards.greenhouse.io/bosonprotocol	1	2026-09-28T06:57:40.597Z
greenhouse	https://job-boards.greenhouse.io/boundlessimmigration	1	2026-09-28T06:57:40.841Z
greenhouse	https://job-boards.greenhouse.io/boxedwholesale	1	2026-09-28T06:57:40.863Z
greenhouse	https://job-boards.greenhouse.io/braingu	1	2026-09-28T06:57:41.404Z
greenhouse	https://job-boards.greenhouse.io/brainly	1	2026-09-28T06:57:41.458Z
greenhouse	https://job-boards.greenhouse.io/braintechnologies	1	2026-09-28T06:57:41.526Z
greenhouse	https://job-boards.greenhouse.io/braintree	1	2026-09-28T06:57:41.544Z
greenhouse	https://job-boards.greenhouse.io/braintrust	1	2026-09-28T06:57:41.576Z
greenhouse	https://job-boards.greenhouse.io/branch32	1	2026-09-28T06:57:41.621Z
greenhouse	https://job-boards.greenhouse.io/brandless	1	2026-09-28T06:57:41.671Z
greenhouse	https://job-boards.greenhouse.io/bravehealth	1	2026-09-28T06:57:41.912Z
greenhouse	https://job-boards.greenhouse.io/breakthroughenergy38	1	2026-09-28T06:57:41.945Z
greenhouse	https://job-boards.greenhouse.io/bridgekesandbox	1	2026-09-28T06:57:42.193Z
greenhouse	https://job-boards.greenhouse.io/bridgengsandbox	1	2026-09-28T06:57:42.214Z
greenhouse	https://job-boards.greenhouse.io/brightcove	1	2026-09-28T06:57:42.383Z
greenhouse	https://job-boards.greenhouse.io/brightflag	1	2026-09-28T06:57:42.385Z
greenhouse	https://job-boards.greenhouse.io/brighthealthgroup	1	2026-09-28T06:57:42.399Z
greenhouse	https://job-boards.greenhouse.io/brightinsight	1	2026-09-28T06:57:42.407Z
greenhouse	https://job-boards.greenhouse.io/broadvoice	1	2026-09-28T06:57:42.464Z
greenhouse	https://job-boards.greenhouse.io/brookfieldproperties	1	2026-09-28T06:57:42.484Z
greenhouse	https://job-boards.greenhouse.io/brooklinen	1	2026-09-28T06:57:42.491Z
greenhouse	https://job-boards.greenhouse.io/bsr	1	2026-09-28T06:57:42.544Z
greenhouse	https://job-boards.greenhouse.io/btqfinancial	1	2026-09-28T06:57:42.602Z
greenhouse	https://job-boards.greenhouse.io/btsecondaryboard	1	2026-09-28T06:57:42.621Z
greenhouse	https://job-boards.greenhouse.io/bubble	1	2026-09-28T06:57:42.622Z
greenhouse	https://job-boards.greenhouse.io/buck	1	2026-09-28T06:57:42.633Z
greenhouse	https://job-boards.greenhouse.io/buildarocketboy	1	2026-09-28T06:57:42.655Z
greenhouse	https://job-boards.greenhouse.io/buildingindustrypartners	1	2026-09-28T06:57:42.666Z
greenhouse	https://job-boards.greenhouse.io/buildout	1	2026-09-28T06:57:42.679Z
greenhouse	https://job-boards.greenhouse.io/buildxact	1	2026-09-28T06:57:42.680Z
greenhouse	https://job-boards.greenhouse.io/bulletfarm	1	2026-09-28T06:57:42.696Z
greenhouse	https://job-boards.greenhouse.io/bumble	1	2026-09-28T06:57:42.695Z
greenhouse	https://job-boards.greenhouse.io/bursonglobal	1	2026-09-28T06:57:42.724Z
greenhouse	https://job-boards.greenhouse.io/butlr	1	2026-09-28T06:57:42.737Z
greenhouse	https://job-boards.greenhouse.io/buyersedgeplatformrecruiting	1	2026-09-28T06:57:42.755Z
greenhouse	https://job-boards.greenhouse.io/buzzrx	1	2026-09-28T06:57:42.777Z
greenhouse	https://job-boards.greenhouse.io/bva	1	2026-09-28T06:57:42.793Z
greenhouse	https://job-boards.greenhouse.io/byheart	1	2026-09-28T06:57:42.895Z
greenhouse	https://job-boards.greenhouse.io/bynderjobs	1	2026-09-28T06:57:42.915Z
greenhouse	https://job-boards.greenhouse.io/byrd	1	2026-09-28T06:57:42.917Z
greenhouse	https://job-boards.greenhouse.io/cabinethealth	1	2026-09-28T06:57:42.988Z
greenhouse	https://job-boards.greenhouse.io/cadencesolutions	1	2026-09-28T06:57:43.007Z
greenhouse	https://job-boards.greenhouse.io/caffeine	1	2026-09-28T06:57:43.100Z
greenhouse	https://job-boards.greenhouse.io/cajalneuro	1	2026-09-28T06:57:43.141Z
greenhouse	https://job-boards.greenhouse.io/cakedefi	1	2026-09-28T06:57:43.154Z
greenhouse	https://job-boards.greenhouse.io/calibrate	1	2026-09-28T06:57:43.481Z
greenhouse	https://job-boards.greenhouse.io/calibratecareers	1	2026-09-28T06:57:43.195Z
greenhouse	https://job-boards.greenhouse.io/caliva	1	2026-09-28T06:57:43.240Z
greenhouse	https://job-boards.greenhouse.io/callibrity	1	2026-09-28T06:57:43.254Z
greenhouse	https://job-boards.greenhouse.io/calvettifergusonexperiencedprofessionals	1	2026-09-28T06:57:43.274Z
greenhouse	https://job-boards.greenhouse.io/calvettifergusoninternships	1	2026-09-28T06:57:43.286Z
greenhouse	https://job-boards.greenhouse.io/cambridgecourt	1	2026-09-28T06:57:43.305Z
greenhouse	https://job-boards.greenhouse.io/caminofinancial	1	2026-09-28T06:57:43.345Z
greenhouse	https://job-boards.greenhouse.io/campusedu	1	2026-09-28T06:57:43.389Z
greenhouse	https://job-boards.greenhouse.io/campusopportunities	1	2026-09-28T06:57:43.392Z
greenhouse	https://job-boards.greenhouse.io/campuswayfair	1	2026-09-28T06:57:43.409Z
greenhouse	https://job-boards.greenhouse.io/camundaservices	1	2026-09-28T06:57:43.410Z
greenhouse	https://job-boards.greenhouse.io/canary	1	2026-09-28T06:57:43.427Z
greenhouse	https://job-boards.greenhouse.io/candex	1	2026-09-28T06:57:43.428Z
greenhouse	https://job-boards.greenhouse.io/candy	1	2026-09-28T06:57:43.480Z
greenhouse	https://job-boards.greenhouse.io/cannalysislabs	1	2026-09-28T06:57:43.502Z
greenhouse	https://job-boards.greenhouse.io/canonicaljobs	1	2026-09-28T06:57:43.587Z
greenhouse	https://job-boards.greenhouse.io/canvas	1	2026-09-28T06:57:43.712Z
greenhouse	https://job-boards.greenhouse.io/canvasconstruction	1	2026-09-28T06:57:43.711Z
greenhouse	https://job-boards.greenhouse.io/capitalize	1	2026-09-28T06:57:43.789Z
greenhouse	https://job-boards.greenhouse.io/capitalrx	1	2026-09-28T06:57:43.808Z
greenhouse	https://job-boards.greenhouse.io/capraconsulting	1	2026-09-28T06:57:44.068Z
greenhouse	https://job-boards.greenhouse.io/capstack	1	2026-09-28T06:57:44.072Z
greenhouse	https://job-boards.greenhouse.io/capstonedc	1	2026-09-28T06:57:44.086Z
greenhouse	https://job-boards.greenhouse.io/capsulecares	1	2026-09-28T06:57:44.091Z
greenhouse	https://job-boards.greenhouse.io/carbonbuiltemployment	1	2026-09-28T06:57:44.144Z
greenhouse	https://job-boards.greenhouse.io/cardflight	1	2026-09-28T06:57:44.225Z
greenhouse	https://job-boards.greenhouse.io/cardinalcommerce	1	2026-09-28T06:57:44.304Z
greenhouse	https://job-boards.greenhouse.io/cardinalpoint	1	2026-09-28T06:57:44.305Z
greenhouse	https://job-boards.greenhouse.io/cardioone	1	2026-09-28T06:57:44.323Z
greenhouse	https://job-boards.greenhouse.io/cardlytics	1	2026-09-28T06:57:44.324Z
greenhouse	https://job-boards.greenhouse.io/carebridgehealth	1	2026-09-28T06:57:44.340Z
greenhouse	https://job-boards.greenhouse.io/carecom	1	2026-09-28T06:57:44.344Z
greenhouse	https://job-boards.greenhouse.io/careersatpeakenergy	1	2026-09-28T06:57:44.421Z
greenhouse	https://job-boards.greenhouse.io/careersatwonder	1	2026-09-28T06:57:44.423Z
greenhouse	https://job-boards.greenhouse.io/careof	1	2026-09-28T06:57:44.506Z
greenhouse	https://job-boards.greenhouse.io/carerev	1	2026-09-28T06:57:44.524Z
greenhouse	https://job-boards.greenhouse.io/carewell	1	2026-09-28T06:57:46.339Z
greenhouse	https://job-boards.greenhouse.io/carmera	1	2026-09-28T06:57:44.643Z
greenhouse	https://job-boards.greenhouse.io/carnegiescience	1	2026-09-28T06:57:44.666Z
greenhouse	https://job-boards.greenhouse.io/carrumhealth	1	2026-09-28T06:57:44.731Z
greenhouse	https://job-boards.greenhouse.io/carsandbids	1	2026-09-28T06:57:44.750Z
greenhouse	https://job-boards.greenhouse.io/carsdotcom	1	2026-09-28T06:57:44.775Z
greenhouse	https://job-boards.greenhouse.io/cartodb	1	2026-09-28T06:57:44.839Z
greenhouse	https://job-boards.greenhouse.io/cartwheelcare	1	2026-09-28T06:57:44.839Z
greenhouse	https://job-boards.greenhouse.io/carveyourownpath	1	2026-09-28T06:57:44.860Z
greenhouse	https://job-boards.greenhouse.io/cascadedatalabs	1	2026-09-28T06:57:44.879Z
greenhouse	https://job-boards.greenhouse.io/casetext	1	2026-09-28T06:57:44.960Z
greenhouse	https://job-boards.greenhouse.io/casper	1	2026-09-28T06:57:45.007Z
greenhouse	https://job-boards.greenhouse.io/casperretail	1	2026-09-28T06:57:45.014Z
greenhouse	https://job-boards.greenhouse.io/catalyst10	1	2026-09-28T06:57:45.068Z
greenhouse	https://job-boards.greenhouse.io/catchafire	1	2026-09-28T06:57:46.559Z
greenhouse	https://job-boards.greenhouse.io/catchco	1	2026-09-28T06:57:45.137Z
greenhouse	https://job-boards.greenhouse.io/catchpoint	1	2026-09-28T06:57:45.685Z
greenhouse	https://job-boards.greenhouse.io/category-labs	1	2026-09-28T06:57:45.702Z
greenhouse	https://job-boards.greenhouse.io/catenaclearing	1	2026-09-28T06:57:45.708Z
greenhouse	https://job-boards.greenhouse.io/catenamedia	1	2026-09-28T06:57:45.713Z
greenhouse	https://job-boards.greenhouse.io/cathexis	1	2026-09-28T06:57:45.721Z
greenhouse	https://job-boards.greenhouse.io/catperson	1	2026-09-28T06:57:45.728Z
greenhouse	https://job-boards.greenhouse.io/cayabacare	1	2026-09-28T06:57:45.745Z
greenhouse	https://job-boards.greenhouse.io/cazoo	1	2026-09-28T06:57:45.784Z
greenhouse	https://job-boards.greenhouse.io/cbcivil	1	2026-09-28T06:57:45.801Z
greenhouse	https://job-boards.greenhouse.io/cbeyondata	1	2026-09-28T06:57:45.881Z
greenhouse	https://job-boards.greenhouse.io/cbreferral	1	2026-09-28T06:57:45.878Z
greenhouse	https://job-boards.greenhouse.io/ccpublicboard	1	2026-09-28T06:57:45.898Z
greenhouse	https://job-boards.greenhouse.io/ccscareers	1	2026-09-28T06:57:45.928Z
greenhouse	https://job-boards.greenhouse.io/cdataindia	1	2026-09-28T06:57:45.930Z
greenhouse	https://job-boards.greenhouse.io/cdatajapan	1	2026-09-28T06:57:45.943Z
greenhouse	https://job-boards.greenhouse.io/cdatasoftware	1	2026-09-28T06:57:45.944Z
greenhouse	https://job-boards.greenhouse.io/cdpjobs	1	2026-09-28T06:57:45.948Z
greenhouse	https://job-boards.greenhouse.io/celestialai	1	2026-09-28T06:57:45.969Z
greenhouse	https://job-boards.greenhouse.io/celofoundation	1	2026-09-28T06:57:46.009Z
greenhouse	https://job-boards.greenhouse.io/censia	1	2026-09-28T06:57:46.025Z
greenhouse	https://job-boards.greenhouse.io/centerforhumancompatibleartificialintelligence	1	2026-09-28T06:57:46.049Z
greenhouse	https://job-boards.greenhouse.io/centerforreproductiverights	1	2026-09-28T06:57:46.059Z
greenhouse	https://job-boards.greenhouse.io/cerebral	1	2026-09-28T06:57:46.299Z
greenhouse	https://job-boards.greenhouse.io/cerebralgoogle	1	2026-09-28T06:57:46.321Z
greenhouse	https://job-boards.greenhouse.io/cerebrassystems	1	2026-09-28T06:57:46.320Z
greenhouse	https://job-boards.greenhouse.io/cetraruddy	1	2026-09-28T06:57:46.558Z
greenhouse	https://job-boards.greenhouse.io/cfoalliance	1	2026-09-28T06:57:46.583Z
greenhouse	https://job-boards.greenhouse.io/chai	1	2026-09-28T06:57:46.599Z
greenhouse	https://job-boards.greenhouse.io/chainalysis	1	2026-09-28T06:57:46.600Z
greenhouse	https://job-boards.greenhouse.io/chainsafesystems	1	2026-09-28T06:57:46.614Z
greenhouse	https://job-boards.greenhouse.io/chaione	1	2026-09-28T06:57:46.618Z
greenhouse	https://job-boards.greenhouse.io/chalkinc	1	2026-09-28T06:57:46.704Z
greenhouse	https://job-boards.greenhouse.io/chameleonconsultinggroup	1	2026-09-28T06:57:46.705Z
greenhouse	https://job-boards.greenhouse.io/changedotorgsourcing	1	2026-09-28T06:57:46.748Z
greenhouse	https://job-boards.greenhouse.io/changeorg58	1	2026-09-28T06:57:46.741Z
greenhouse	https://job-boards.greenhouse.io/chanzuckerbergbiohub	1	2026-09-28T06:57:46.759Z
greenhouse	https://job-boards.greenhouse.io/chanzuckerbergbiohubny	1	2026-09-28T06:57:46.764Z
greenhouse	https://job-boards.greenhouse.io/chapter	1	2026-09-28T06:57:46.786Z
greenhouse	https://job-boards.greenhouse.io/charlesandlynnshustermanfamilyfoundation	1	2026-09-28T06:57:46.827Z
greenhouse	https://job-boards.greenhouse.io/charmindustrial	1	2026-09-28T06:57:46.905Z
greenhouse	https://job-boards.greenhouse.io/charnetwork	1	2026-09-28T06:57:46.934Z
greenhouse	https://job-boards.greenhouse.io/chathamfinancial	1	2026-09-28T06:57:47.002Z
greenhouse	https://job-boards.greenhouse.io/chattermill	1	2026-09-28T06:57:46.992Z
greenhouse	https://job-boards.greenhouse.io/check	1	2026-09-28T06:57:47.087Z
greenhouse	https://job-boards.greenhouse.io/chelseaavondale	1	2026-09-28T06:57:47.113Z
greenhouse	https://job-boards.greenhouse.io/cherryventures	1	2026-09-28T06:57:47.131Z
greenhouse	https://job-boards.greenhouse.io/chess-at-three-sg	1	2026-09-28T06:57:47.138Z
greenhouse	https://job-boards.greenhouse.io/chessatthree	1	2026-09-28T06:57:47.139Z
greenhouse	https://job-boards.greenhouse.io/chewielabs	1	2026-09-28T06:57:47.147Z
greenhouse	https://job-boards.greenhouse.io/chewycom	1	2026-09-28T06:57:47.157Z
greenhouse	https://job-boards.greenhouse.io/chfp	1	2026-09-28T06:57:47.160Z
greenhouse	https://job-boards.greenhouse.io/chief	1	2026-09-28T06:57:49.247Z
greenhouse	https://job-boards.greenhouse.io/chilipiper	1	2026-09-28T06:57:47.209Z
greenhouse	https://job-boards.greenhouse.io/chopraglobal	1	2026-09-28T06:57:47.297Z
greenhouse	https://job-boards.greenhouse.io/chronicled	1	2026-09-28T06:57:47.360Z
greenhouse	https://job-boards.greenhouse.io/churchill	1	2026-09-28T06:57:47.378Z
greenhouse	https://job-boards.greenhouse.io/cibolo	1	2026-09-28T06:57:47.406Z
greenhouse	https://job-boards.greenhouse.io/circle	1	2026-09-28T06:57:47.433Z
greenhouse	https://job-boards.greenhouse.io/circlereferrals	1	2026-09-28T06:57:47.458Z
greenhouse	https://job-boards.greenhouse.io/circleso	1	2026-09-28T06:57:47.476Z
greenhouse	https://job-boards.greenhouse.io/ciscomeraki	1	2026-09-28T06:57:47.496Z
greenhouse	https://job-boards.greenhouse.io/citizen	1	2026-09-28T06:57:47.515Z
greenhouse	https://job-boards.greenhouse.io/cityblockhealth	1	2026-09-28T06:57:47.522Z
greenhouse	https://job-boards.greenhouse.io/citystoragesystems	1	2026-09-28T06:57:47.546Z
greenhouse	https://job-boards.greenhouse.io/cityyear	1	2026-09-28T06:57:47.569Z
greenhouse	https://job-boards.greenhouse.io/civiceagleinternships	1	2026-09-28T06:57:47.586Z
greenhouse	https://job-boards.greenhouse.io/civilscience	1	2026-09-28T06:57:47.613Z
greenhouse	https://job-boards.greenhouse.io/civitas	1	2026-09-28T06:57:47.611Z
greenhouse	https://job-boards.greenhouse.io/clair	1	2026-09-28T06:57:47.631Z
greenhouse	https://job-boards.greenhouse.io/clarifai	1	2026-09-28T06:57:47.656Z
greenhouse	https://job-boards.greenhouse.io/clarityclinic	1	2026-09-28T06:57:47.767Z
greenhouse	https://job-boards.greenhouse.io/clarityschools	1	2026-09-28T06:57:47.787Z
greenhouse	https://job-boards.greenhouse.io/clark71	1	2026-09-28T06:57:47.785Z
greenhouse	https://job-boards.greenhouse.io/clasptx	1	2026-09-28T06:57:47.812Z
greenhouse	https://job-boards.greenhouse.io/classdojo	1	2026-09-28T06:57:47.812Z
greenhouse	https://job-boards.greenhouse.io/classicalcharterschools	1	2026-09-28T06:57:47.813Z
greenhouse	https://job-boards.greenhouse.io/classkick	1	2026-09-28T06:57:47.829Z
greenhouse	https://job-boards.greenhouse.io/classy	1	2026-09-28T06:57:47.833Z
greenhouse	https://job-boards.greenhouse.io/cleanjoule	1	2026-09-28T06:57:47.854Z
greenhouse	https://job-boards.greenhouse.io/clearballot	1	2026-09-28T06:57:47.873Z
greenhouse	https://job-boards.greenhouse.io/clearbanc	1	2026-09-28T06:57:47.877Z
greenhouse	https://job-boards.greenhouse.io/clearcover	1	2026-09-28T06:57:47.881Z
greenhouse	https://job-boards.greenhouse.io/clearfork	1	2026-09-28T06:57:47.899Z
greenhouse	https://job-boards.greenhouse.io/clearmatics	1	2026-09-28T06:57:47.921Z
greenhouse	https://job-boards.greenhouse.io/cleartrace	1	2026-09-28T06:57:47.943Z
greenhouse	https://job-boards.greenhouse.io/clearwateranalytics	1	2026-09-28T06:57:47.963Z
greenhouse	https://job-boards.greenhouse.io/cleoai	1	2026-09-28T06:57:48.072Z
greenhouse	https://job-boards.greenhouse.io/clerkchat	1	2026-09-28T06:57:48.088Z
greenhouse	https://job-boards.greenhouse.io/clevelandindiansbops	1	2026-09-28T06:57:48.121Z
greenhouse	https://job-boards.greenhouse.io/clickhouse	1	2026-09-28T06:57:48.141Z
greenhouse	https://job-boards.greenhouse.io/clickup	1	2026-09-28T06:57:48.223Z
greenhouse	https://job-boards.greenhouse.io/clifbar15	1	2026-09-28T06:57:48.185Z
greenhouse	https://job-boards.greenhouse.io/climateai	1	2026-09-28T06:57:48.182Z
greenhouse	https://job-boards.greenhouse.io/climatefinancesolutions	1	2026-09-28T06:57:48.201Z
greenhouse	https://job-boards.greenhouse.io/climatex	1	2026-09-28T06:57:48.220Z
greenhouse	https://job-boards.greenhouse.io/climavision	1	2026-09-28T06:57:48.219Z
greenhouse	https://job-boards.greenhouse.io/clipboard	1	2026-09-28T06:57:48.253Z
greenhouse	https://job-boards.greenhouse.io/clipboardarchive	1	2026-09-28T06:57:48.271Z
greenhouse	https://job-boards.greenhouse.io/clipboardhealth	1	2026-09-28T06:57:48.275Z
greenhouse	https://job-boards.greenhouse.io/clockwise	1	2026-09-28T06:57:48.277Z
greenhouse	https://job-boards.greenhouse.io/closedloop	1	2026-09-28T06:57:48.293Z
greenhouse	https://job-boards.greenhouse.io/cloudagronomics	1	2026-09-28T06:57:48.295Z
greenhouse	https://job-boards.greenhouse.io/cloudbees	1	2026-09-28T06:57:48.322Z
greenhouse	https://job-boards.greenhouse.io/cloudcampaign	1	2026-09-28T06:57:48.322Z
greenhouse	https://job-boards.greenhouse.io/cloudian	1	2026-09-28T06:57:48.395Z
greenhouse	https://job-boards.greenhouse.io/cloudops	1	2026-09-28T06:57:48.408Z
greenhouse	https://job-boards.greenhouse.io/clue	1	2026-09-28T06:57:48.538Z
greenhouse	https://job-boards.greenhouse.io/clydegroup	1	2026-09-28T06:57:48.558Z
greenhouse	https://job-boards.greenhouse.io/cmc	1	2026-09-28T06:57:48.581Z
greenhouse	https://job-boards.greenhouse.io/cms	1	2026-09-28T06:57:48.757Z
greenhouse	https://job-boards.greenhouse.io/co58owxtuvc3ql11n5p1b79mj5flai45kbbwmpk5zvyfvj7tphwrf7kj9r0vr8krxku3n93jffzugl2w8420bfji9ar3q8hle6ty	1	2026-09-28T06:57:48.787Z
greenhouse	https://job-boards.greenhouse.io/coactivesystems	1	2026-09-28T06:57:48.806Z
greenhouse	https://job-boards.greenhouse.io/coalitionforgreencapital	1	2026-09-28T06:57:48.826Z
greenhouse	https://job-boards.greenhouse.io/cobo	1	2026-09-28T06:57:48.920Z
greenhouse	https://job-boards.greenhouse.io/cocolab	1	2026-09-28T06:57:48.942Z
greenhouse	https://job-boards.greenhouse.io/coda	1	2026-09-28T06:57:48.958Z
greenhouse	https://job-boards.greenhouse.io/codeforsciencesociety	1	2026-09-28T06:57:49.041Z
greenhouse	https://job-boards.greenhouse.io/codesignal	1	2026-09-28T06:57:49.075Z
greenhouse	https://job-boards.greenhouse.io/codetta	1	2026-09-28T06:57:49.096Z
greenhouse	https://job-boards.greenhouse.io/codility	1	2026-09-28T06:57:49.116Z
greenhouse	https://job-boards.greenhouse.io/cohesity	1	2026-09-28T06:57:49.288Z
greenhouse	https://job-boards.greenhouse.io/cohesityuniversityhiring	1	2026-09-28T06:57:49.287Z
greenhouse	https://job-boards.greenhouse.io/coindesk	1	2026-09-28T06:57:49.310Z
greenhouse	https://job-boards.greenhouse.io/coinhako	1	2026-09-28T06:57:49.328Z
greenhouse	https://job-boards.greenhouse.io/coinlist	1	2026-09-28T06:57:49.330Z
greenhouse	https://job-boards.greenhouse.io/coinmetrics	1	2026-09-28T06:57:49.412Z
greenhouse	https://job-boards.greenhouse.io/collaborativerobotics	1	2026-09-28T06:57:49.432Z
greenhouse	https://job-boards.greenhouse.io/collagecom	1	2026-09-28T06:57:49.437Z
greenhouse	https://job-boards.greenhouse.io/collectiveinc	1	2026-09-28T06:57:49.460Z
greenhouse	https://job-boards.greenhouse.io/collectiveretreats	1	2026-09-28T06:57:49.477Z
greenhouse	https://job-boards.greenhouse.io/collectivfood	1	2026-09-28T06:57:49.482Z
greenhouse	https://job-boards.greenhouse.io/collectorsuniverse	1	2026-09-28T06:57:49.480Z
greenhouse	https://job-boards.greenhouse.io/collegeforsocialinnovation	1	2026-09-28T06:57:49.484Z
greenhouse	https://job-boards.greenhouse.io/collegevine	1	2026-09-28T06:57:49.495Z
greenhouse	https://job-boards.greenhouse.io/cologixinc	1	2026-09-28T06:57:49.502Z
greenhouse	https://job-boards.greenhouse.io/columnsoftware	1	2026-09-28T06:57:49.523Z
greenhouse	https://job-boards.greenhouse.io/commercehub	1	2026-09-28T06:57:55.544Z
greenhouse	https://job-boards.greenhouse.io/common	1	2026-09-28T06:57:49.547Z
greenhouse	https://job-boards.greenhouse.io/commonwealth	1	2026-09-28T06:57:49.569Z
greenhouse	https://job-boards.greenhouse.io/communitychange	1	2026-09-28T06:57:49.568Z
greenhouse	https://job-boards.greenhouse.io/comparablysandboxsandbox	1	2026-09-28T06:57:49.591Z
greenhouse	https://job-boards.greenhouse.io/conceptarthouse	1	2026-09-28T06:57:49.849Z
greenhouse	https://job-boards.greenhouse.io/condorcomputing	1	2026-09-28T06:57:49.877Z
greenhouse	https://job-boards.greenhouse.io/conductor	1	2026-09-28T06:57:49.900Z
greenhouse	https://job-boards.greenhouse.io/conduit	1	2026-09-28T06:57:49.901Z
greenhouse	https://job-boards.greenhouse.io/confusioncapital	1	2026-09-28T06:57:49.917Z
greenhouse	https://job-boards.greenhouse.io/connatix	1	2026-09-28T06:57:49.922Z
greenhouse	https://job-boards.greenhouse.io/connectedanalyticsthankucash	1	2026-09-28T06:57:49.952Z
greenhouse	https://job-boards.greenhouse.io/connectedfitness	1	2026-09-28T06:57:49.974Z
greenhouse	https://job-boards.greenhouse.io/connecthomes	1	2026-09-28T06:57:50.360Z
greenhouse	https://job-boards.greenhouse.io/connectngo	1	2026-09-28T06:57:49.993Z
greenhouse	https://job-boards.greenhouse.io/connectngofr	1	2026-09-28T06:57:49.994Z
greenhouse	https://job-boards.greenhouse.io/connectrn	1	2026-09-28T06:57:50.002Z
greenhouse	https://job-boards.greenhouse.io/consensysremote	1	2026-09-28T06:57:50.035Z
greenhouse	https://job-boards.greenhouse.io/constrafor	1	2026-09-28T06:57:50.090Z
greenhouse	https://job-boards.greenhouse.io/constructsecure	1	2026-09-28T06:57:50.166Z
greenhouse	https://job-boards.greenhouse.io/consumertrack	1	2026-09-28T06:57:50.185Z
greenhouse	https://job-boards.greenhouse.io/convertkit	1	2026-09-28T06:57:50.312Z
greenhouse	https://job-boards.greenhouse.io/coolplanet	1	2026-09-28T06:57:50.386Z
greenhouse	https://job-boards.greenhouse.io/copperleaf	1	2026-09-28T06:57:50.518Z
greenhouse	https://job-boards.greenhouse.io/copysmith	1	2026-09-28T06:57:50.531Z
greenhouse	https://job-boards.greenhouse.io/cora	1	2026-09-28T06:57:50.536Z
greenhouse	https://job-boards.greenhouse.io/cordros	1	2026-09-28T06:57:50.628Z
greenhouse	https://job-boards.greenhouse.io/corellium	1	2026-09-28T06:57:50.647Z
greenhouse	https://job-boards.greenhouse.io/corepilot	1	2026-09-28T06:57:50.919Z
greenhouse	https://job-boards.greenhouse.io/corescientific	1	2026-09-28T06:57:50.918Z
greenhouse	https://job-boards.greenhouse.io/corrieluscardiology	1	2026-09-28T06:57:51.039Z
greenhouse	https://job-boards.greenhouse.io/cortexbuildingintelligence	1	2026-09-28T06:57:51.059Z
greenhouse	https://job-boards.greenhouse.io/corvusinsurance	1	2026-09-28T06:57:51.148Z
greenhouse	https://job-boards.greenhouse.io/cota	1	2026-09-28T06:57:51.234Z
greenhouse	https://job-boards.greenhouse.io/cotap	1	2026-09-28T06:57:51.409Z
greenhouse	https://job-boards.greenhouse.io/coursekey	1	2026-09-28T06:57:51.574Z
greenhouse	https://job-boards.greenhouse.io/covacareers	1	2026-09-28T06:57:51.632Z
greenhouse	https://job-boards.greenhouse.io/covetool	1	2026-09-28T06:57:51.715Z
greenhouse	https://job-boards.greenhouse.io/covey	1	2026-09-28T06:57:51.734Z
greenhouse	https://job-boards.greenhouse.io/cowswap	1	2026-09-28T06:57:51.754Z
greenhouse	https://job-boards.greenhouse.io/coyuchi	1	2026-09-28T06:57:52.017Z
greenhouse	https://job-boards.greenhouse.io/craftco	1	2026-09-28T06:57:52.071Z
greenhouse	https://job-boards.greenhouse.io/craftdocs	1	2026-09-28T06:57:52.099Z
greenhouse	https://job-boards.greenhouse.io/crafty	1	2026-09-28T06:57:52.089Z
greenhouse	https://job-boards.greenhouse.io/creatordao	1	2026-09-28T06:57:52.211Z
greenhouse	https://job-boards.greenhouse.io/creatorland	1	2026-09-28T06:57:52.211Z
greenhouse	https://job-boards.greenhouse.io/creditas	1	2026-09-28T06:57:52.226Z
greenhouse	https://job-boards.greenhouse.io/creditasen	1	2026-09-28T06:57:52.230Z
greenhouse	https://job-boards.greenhouse.io/creditbook	1	2026-09-28T06:57:52.245Z
greenhouse	https://job-boards.greenhouse.io/creditkarma	1	2026-09-28T06:57:52.266Z
greenhouse	https://job-boards.greenhouse.io/crestline	1	2026-09-28T06:57:52.329Z
greenhouse	https://job-boards.greenhouse.io/crigroup	1	2026-09-28T06:57:52.520Z
greenhouse	https://job-boards.greenhouse.io/crisistextline86	1	2026-09-28T06:57:52.539Z
greenhouse	https://job-boards.greenhouse.io/criticalideas	1	2026-09-28T06:57:52.555Z
greenhouse	https://job-boards.greenhouse.io/crocscorporate	1	2026-09-28T06:57:52.631Z
greenhouse	https://job-boards.greenhouse.io/crossbordersolutions	1	2026-09-28T06:57:52.657Z
greenhouse	https://job-boards.greenhouse.io/crosschq	1	2026-09-28T06:57:52.675Z
greenhouse	https://job-boards.greenhouse.io/crossmint	1	2026-09-28T06:57:52.693Z
greenhouse	https://job-boards.greenhouse.io/crowdpharm	1	2026-09-28T06:57:52.746Z
greenhouse	https://job-boards.greenhouse.io/crowdtap	1	2026-09-28T06:57:52.788Z
greenhouse	https://job-boards.greenhouse.io/crownpeak	1	2026-09-28T06:57:52.788Z
greenhouse	https://job-boards.greenhouse.io/cruise	1	2026-09-28T06:57:52.807Z
greenhouse	https://job-boards.greenhouse.io/cruiseuniversity	1	2026-09-28T06:57:52.811Z
greenhouse	https://job-boards.greenhouse.io/crunchbase	1	2026-09-28T06:57:52.826Z
greenhouse	https://job-boards.greenhouse.io/csgconsultantsassistant-planner-full-time-hybrid	1	2026-09-28T06:57:52.947Z
greenhouse	https://job-boards.greenhouse.io/csgconsultantsassociate-environmental-planner-analyst-full-time-hybrid	1	2026-09-28T06:57:52.994Z
greenhouse	https://job-boards.greenhouse.io/csgconsultantsassociate-plan-check-engineer-full-time	1	2026-09-28T06:57:52.962Z
greenhouse	https://job-boards.greenhouse.io/csgconsultantsassociate-planner	1	2026-09-28T06:57:52.982Z
greenhouse	https://job-boards.greenhouse.io/csgconsultantsbuilding-inspector-i	1	2026-09-28T06:57:53.001Z
greenhouse	https://job-boards.greenhouse.io/csgconsultantsbuilding-inspector-i-2	1	2026-09-28T06:57:53.015Z
greenhouse	https://job-boards.greenhouse.io/csgconsultantsbuilding-inspector-ii-2	1	2026-09-28T06:57:53.027Z
greenhouse	https://job-boards.greenhouse.io/csgconsultantsbuilding-official-as-needed	1	2026-09-28T06:57:53.036Z
greenhouse	https://job-boards.greenhouse.io/csgconsultantscode-enforcement-officer-ii-1	1	2026-09-28T06:57:53.052Z
greenhouse	https://job-boards.greenhouse.io/csgconsultantspermit-technician-full-time	1	2026-09-28T06:57:53.054Z
greenhouse	https://job-boards.greenhouse.io/csgconsultantsprincipal-plan-check-engineer	1	2026-09-28T06:57:53.072Z
greenhouse	https://job-boards.greenhouse.io/csgconsultantssenior-building-inspector-4	1	2026-09-28T06:57:53.076Z
greenhouse	https://job-boards.greenhouse.io/csgconsultantssenior-construction-inspector	1	2026-09-28T06:57:53.089Z
greenhouse	https://job-boards.greenhouse.io/csgconsultantssenior-engineer	1	2026-09-28T06:57:53.097Z
greenhouse	https://job-boards.greenhouse.io/csgconsultantssenior-environmental-planner-full-time-hybrid	1	2026-09-28T06:57:53.109Z
greenhouse	https://job-boards.greenhouse.io/csgconsultantssenior-plan-check-engineer	1	2026-09-28T06:57:53.116Z
greenhouse	https://job-boards.greenhouse.io/csgconsultantssenior-planner-4	1	2026-09-28T06:57:53.129Z
greenhouse	https://job-boards.greenhouse.io/csgconsultantssenior-structural-engineer-2	1	2026-09-28T06:57:53.138Z
greenhouse	https://job-boards.greenhouse.io/cti	1	2026-09-28T06:57:53.196Z
greenhouse	https://job-boards.greenhouse.io/cti-unpublished	1	2026-09-28T06:57:53.214Z
greenhouse	https://job-boards.greenhouse.io/cubedev	1	2026-09-28T06:57:53.224Z
greenhouse	https://job-boards.greenhouse.io/cubeler	1	2026-09-28T06:57:53.235Z
greenhouse	https://job-boards.greenhouse.io/culthealth	1	2026-09-28T06:57:53.256Z
greenhouse	https://job-boards.greenhouse.io/curalate	1	2026-09-28T06:57:53.320Z
greenhouse	https://job-boards.greenhouse.io/curated	1	2026-09-28T06:57:53.338Z
greenhouse	https://job-boards.greenhouse.io/curativeinc	1	2026-09-28T06:57:53.388Z
greenhouse	https://job-boards.greenhouse.io/curaytor	1	2026-09-28T06:57:53.696Z
greenhouse	https://job-boards.greenhouse.io/curebase	1	2026-09-28T06:57:53.604Z
greenhouse	https://job-boards.greenhouse.io/curofinancialtechnologiescorporation	1	2026-09-28T06:57:53.647Z
greenhouse	https://job-boards.greenhouse.io/curology	1	2026-09-28T06:57:55.717Z
greenhouse	https://job-boards.greenhouse.io/curvehealth	1	2026-09-28T06:57:53.748Z
greenhouse	https://job-boards.greenhouse.io/cvjc	1	2026-09-28T06:57:53.850Z
greenhouse	https://job-boards.greenhouse.io/cybergrx	1	2026-09-28T06:57:53.872Z
greenhouse	https://job-boards.greenhouse.io/cybrary	1	2026-09-28T06:57:53.921Z
greenhouse	https://job-boards.greenhouse.io/cytokinetics	1	2026-09-28T06:57:54.013Z
greenhouse	https://job-boards.greenhouse.io/cytotronics	1	2026-09-28T06:57:54.009Z
greenhouse	https://job-boards.greenhouse.io/czimaginginstitute	1	2026-09-28T06:57:54.031Z
greenhouse	https://job-boards.greenhouse.io/dailyharvest	1	2026-09-28T06:57:54.119Z
greenhouse	https://job-boards.greenhouse.io/dailypayinc	1	2026-09-28T06:57:54.139Z
greenhouse	https://job-boards.greenhouse.io/daisybill	1	2026-09-28T06:57:54.148Z
greenhouse	https://job-boards.greenhouse.io/dalbergdesign	1	2026-09-28T06:57:54.501Z
greenhouse	https://job-boards.greenhouse.io/dandelionenergy	1	2026-09-28T06:57:54.520Z
greenhouse	https://job-boards.greenhouse.io/dandy	1	2026-09-28T06:57:54.520Z
greenhouse	https://job-boards.greenhouse.io/dare	1	2026-09-28T06:57:54.545Z
greenhouse	https://job-boards.greenhouse.io/darkburncreative	1	2026-09-28T06:57:55.524Z
greenhouse	https://job-boards.greenhouse.io/darktracelimited	1	2026-09-28T06:57:54.576Z
greenhouse	https://job-boards.greenhouse.io/dashq	1	2026-09-28T06:57:54.630Z
greenhouse	https://job-boards.greenhouse.io/databook	1	2026-09-28T06:57:54.677Z
greenhouse	https://job-boards.greenhouse.io/datamilkwebsite	1	2026-09-28T06:57:55.359Z
greenhouse	https://job-boards.greenhouse.io/dataminr	1	2026-09-28T06:57:55.367Z
greenhouse	https://job-boards.greenhouse.io/datapeople	1	2026-09-28T06:57:55.368Z
greenhouse	https://job-boards.greenhouse.io/dataskrive	1	2026-09-28T06:57:55.386Z
greenhouse	https://job-boards.greenhouse.io/datavirtuality	1	2026-09-28T06:57:55.406Z
greenhouse	https://job-boards.greenhouse.io/dataworld	1	2026-09-28T06:57:55.431Z
greenhouse	https://job-boards.greenhouse.io/datera	1	2026-09-28T06:57:55.512Z
greenhouse	https://job-boards.greenhouse.io/datto	1	2026-09-28T06:57:55.512Z
greenhouse	https://job-boards.greenhouse.io/dattojobs	1	2026-09-28T06:57:55.540Z
greenhouse	https://job-boards.greenhouse.io/dbtlabsinc	1	2026-09-28T06:57:55.604Z
greenhouse	https://job-boards.greenhouse.io/ddbhealthbarcelona	1	2026-09-28T06:57:55.636Z
greenhouse	https://job-boards.greenhouse.io/ddbremedy	1	2026-09-28T06:57:55.654Z
greenhouse	https://job-boards.greenhouse.io/dealerinspire	1	2026-09-28T06:57:55.658Z
greenhouse	https://job-boards.greenhouse.io/deardoc	1	2026-09-28T06:57:55.683Z
greenhouse	https://job-boards.greenhouse.io/decodable	1	2026-09-28T06:57:55.746Z
greenhouse	https://job-boards.greenhouse.io/dedrone	1	2026-09-28T06:57:55.747Z
greenhouse	https://job-boards.greenhouse.io/deepmind	1	2026-09-28T06:57:55.771Z
greenhouse	https://job-boards.greenhouse.io/deepscribe	1	2026-09-28T06:57:55.772Z
greenhouse	https://job-boards.greenhouse.io/deepsource	1	2026-09-28T06:57:55.779Z
greenhouse	https://job-boards.greenhouse.io/defineamerican	1	2026-09-28T06:57:55.795Z
greenhouse	https://job-boards.greenhouse.io/defmethod	1	2026-09-28T06:57:55.828Z
greenhouse	https://job-boards.greenhouse.io/deliverymuch	1	2026-09-28T06:57:55.906Z
greenhouse	https://job-boards.greenhouse.io/delos	1	2026-09-28T06:57:55.915Z
greenhouse	https://job-boards.greenhouse.io/demandbase	1	2026-09-28T06:57:55.928Z
greenhouse	https://job-boards.greenhouse.io/denim	1	2026-09-28T06:57:55.948Z
greenhouse	https://job-boards.greenhouse.io/density	1	2026-09-28T06:57:56.020Z
greenhouse	https://job-boards.greenhouse.io/dermavant20	1	2026-09-28T06:57:56.039Z
greenhouse	https://job-boards.greenhouse.io/dermbiont	1	2026-09-28T06:57:56.049Z
greenhouse	https://job-boards.greenhouse.io/designitnorthamerica	1	2026-09-28T06:57:56.119Z
greenhouse	https://job-boards.greenhouse.io/designmind	1	2026-09-28T06:57:56.120Z
greenhouse	https://job-boards.greenhouse.io/designpickle	1	2026-09-28T06:57:56.136Z
greenhouse	https://job-boards.greenhouse.io/designwithinreach	1	2026-09-28T06:57:56.140Z
greenhouse	https://job-boards.greenhouse.io/desktopmetal	1	2026-09-28T06:57:56.142Z
greenhouse	https://job-boards.greenhouse.io/deutschnewyork	1	2026-09-28T06:57:56.158Z
greenhouse	https://job-boards.greenhouse.io/dexteritycapital	1	2026-09-28T06:57:56.241Z
greenhouse	https://job-boards.greenhouse.io/dharma	1	2026-09-28T06:57:56.262Z
greenhouse	https://job-boards.greenhouse.io/dhinternal	1	2026-09-28T06:57:56.301Z
greenhouse	https://job-boards.greenhouse.io/diagram	1	2026-09-28T06:57:56.354Z
greenhouse	https://job-boards.greenhouse.io/dialexa	1	2026-09-28T06:57:56.378Z
greenhouse	https://job-boards.greenhouse.io/dialoguehealthtechnologiesinc	1	2026-09-28T06:57:56.384Z
greenhouse	https://job-boards.greenhouse.io/dialoguetechnologiesdelasanteinc	1	2026-09-28T06:57:56.396Z
greenhouse	https://job-boards.greenhouse.io/diamondstatefinancialgroup	1	2026-09-28T06:57:56.395Z
greenhouse	https://job-boards.greenhouse.io/dianahealth	1	2026-09-28T06:57:56.403Z
greenhouse	https://job-boards.greenhouse.io/dice	1	2026-09-28T06:57:56.510Z
greenhouse	https://job-boards.greenhouse.io/digibeeinc	1	2026-09-28T06:57:56.571Z
greenhouse	https://job-boards.greenhouse.io/digitalai	1	2026-09-28T06:57:56.704Z
greenhouse	https://job-boards.greenhouse.io/digitalasset	1	2026-09-28T06:57:56.706Z
greenhouse	https://job-boards.greenhouse.io/digitalfemsa	1	2026-09-28T06:57:56.804Z
greenhouse	https://job-boards.greenhouse.io/digitalonus	1	2026-09-28T06:57:56.827Z
greenhouse	https://job-boards.greenhouse.io/digitaltrends	1	2026-09-28T06:57:56.841Z
greenhouse	https://job-boards.greenhouse.io/digitaltrendsfreelance	1	2026-09-28T06:57:56.846Z
greenhouse	https://job-boards.greenhouse.io/dimensionalenergy1	1	2026-09-28T06:57:56.935Z
greenhouse	https://job-boards.greenhouse.io/discoxyz	1	2026-09-28T06:57:56.979Z
greenhouse	https://job-boards.greenhouse.io/disqus	1	2026-09-28T06:57:57.082Z
greenhouse	https://job-boards.greenhouse.io/distran	1	2026-09-28T06:57:57.106Z
greenhouse	https://job-boards.greenhouse.io/distributional	1	2026-09-28T06:57:57.272Z
greenhouse	https://job-boards.greenhouse.io/dittoliveincorporated	1	2026-09-28T06:57:57.296Z
greenhouse	https://job-boards.greenhouse.io/dius	1	2026-09-28T06:57:57.299Z
greenhouse	https://job-boards.greenhouse.io/divvyhomes	1	2026-09-28T06:57:57.319Z
greenhouse	https://job-boards.greenhouse.io/dl1961	1	2026-09-28T06:57:57.363Z
greenhouse	https://job-boards.greenhouse.io/dmarket	1	2026-09-28T06:57:57.393Z
greenhouse	https://job-boards.greenhouse.io/dmcengineering2024	1	2026-09-28T06:57:57.398Z
greenhouse	https://job-boards.greenhouse.io/dmipartners	1	2026-09-28T06:57:57.488Z
greenhouse	https://job-boards.greenhouse.io/dnli	1	2026-09-28T06:57:57.504Z
greenhouse	https://job-boards.greenhouse.io/doccla	1	2026-09-28T06:57:57.558Z
greenhouse	https://job-boards.greenhouse.io/doctorswithoutborders	1	2026-09-28T06:57:57.640Z
greenhouse	https://job-boards.greenhouse.io/dolly	1	2026-09-28T06:57:57.693Z
greenhouse	https://job-boards.greenhouse.io/domainmoney	1	2026-09-28T06:57:57.694Z
greenhouse	https://job-boards.greenhouse.io/domeyard	1	2026-09-28T06:57:57.723Z
greenhouse	https://job-boards.greenhouse.io/domo	1	2026-09-28T06:57:57.841Z
greenhouse	https://job-boards.greenhouse.io/doordash	1	2026-09-28T06:57:57.751Z
greenhouse	https://job-boards.greenhouse.io/doordashhighvolume	1	2026-09-28T06:57:57.766Z
greenhouse	https://job-boards.greenhouse.io/dotcomtherapy	1	2026-09-28T06:57:57.831Z
greenhouse	https://job-boards.greenhouse.io/dovetail	1	2026-09-28T06:57:57.877Z
greenhouse	https://job-boards.greenhouse.io/doxo	1	2026-09-28T06:57:57.882Z
greenhouse	https://job-boards.greenhouse.io/doxocareers	1	2026-09-28T06:57:57.895Z
greenhouse	https://job-boards.greenhouse.io/dragonflycapital	1	2026-09-28T06:57:57.900Z
greenhouse	https://job-boards.greenhouse.io/dragonflytherapeutics	1	2026-09-28T06:57:57.904Z
greenhouse	https://job-boards.greenhouse.io/drata	1	2026-09-28T06:57:57.919Z
greenhouse	https://job-boards.greenhouse.io/drayalliance	1	2026-09-28T06:57:57.924Z
greenhouse	https://job-boards.greenhouse.io/drb	1	2026-09-28T06:57:57.928Z
greenhouse	https://job-boards.greenhouse.io/dreamboxlearning	1	2026-09-28T06:57:57.936Z
greenhouse	https://job-boards.greenhouse.io/dreamhack	1	2026-09-28T06:57:57.983Z
greenhouse	https://job-boards.greenhouse.io/drift	1	2026-09-28T06:57:57.984Z
greenhouse	https://job-boards.greenhouse.io/drivesally	1	2026-09-28T06:57:58.007Z
greenhouse	https://job-boards.greenhouse.io/drop	1	2026-09-28T06:57:58.023Z
greenhouse	https://job-boards.greenhouse.io/dropps	1	2026-09-28T06:57:58.033Z
greenhouse	https://job-boards.greenhouse.io/drw	1	2026-09-28T06:57:58.246Z
greenhouse	https://job-boards.greenhouse.io/dualityroboticsinc	1	2026-09-28T06:57:58.306Z
greenhouse	https://job-boards.greenhouse.io/dub	1	2026-09-28T06:57:58.307Z
greenhouse	https://job-boards.greenhouse.io/dunamu	1	2026-09-28T06:57:58.387Z
greenhouse	https://job-boards.greenhouse.io/duos	1	2026-09-28T06:57:58.398Z
greenhouse	https://job-boards.greenhouse.io/dustyrobotics	1	2026-09-28T06:57:58.437Z
greenhouse	https://job-boards.greenhouse.io/dwelo	1	2026-09-28T06:57:58.438Z
greenhouse	https://job-boards.greenhouse.io/dydx	1	2026-09-28T06:57:58.453Z
greenhouse	https://job-boards.greenhouse.io/dynamotechnologies	1	2026-09-28T06:57:58.457Z
greenhouse	https://job-boards.greenhouse.io/eaf	1	2026-09-28T06:57:58.496Z
greenhouse	https://job-boards.greenhouse.io/earlycareers	1	2026-09-28T06:57:58.519Z
greenhouse	https://job-boards.greenhouse.io/earlytalentcerebras	1	2026-09-28T06:57:58.533Z
greenhouse	https://job-boards.greenhouse.io/earthshotlabs	1	2026-09-28T06:57:58.543Z
greenhouse	https://job-boards.greenhouse.io/ease	1	2026-09-28T06:57:58.547Z
greenhouse	https://job-boards.greenhouse.io/easyllama	1	2026-09-28T06:57:58.586Z
greenhouse	https://job-boards.greenhouse.io/easypost	1	2026-09-28T06:57:58.588Z
greenhouse	https://job-boards.greenhouse.io/eatjust	1	2026-09-28T06:57:58.611Z
greenhouse	https://job-boards.greenhouse.io/eatjustprotein	1	2026-09-28T06:57:58.620Z
greenhouse	https://job-boards.greenhouse.io/echoai	1	2026-09-28T06:57:58.629Z
greenhouse	https://job-boards.greenhouse.io/ecobee	1	2026-09-28T06:57:58.764Z
greenhouse	https://job-boards.greenhouse.io/ecobeeeb	1	2026-09-28T06:57:58.764Z
greenhouse	https://job-boards.greenhouse.io/econetwork	1	2026-09-28T06:57:58.829Z
greenhouse	https://job-boards.greenhouse.io/ecore	1	2026-09-28T06:57:58.828Z
greenhouse	https://job-boards.greenhouse.io/ecovative	1	2026-09-28T06:57:58.850Z
greenhouse	https://job-boards.greenhouse.io/edgeandnode	1	2026-09-28T06:57:58.848Z
greenhouse	https://job-boards.greenhouse.io/edgile	1	2026-09-28T06:57:58.868Z
greenhouse	https://job-boards.greenhouse.io/edisonscientific	1	2026-09-28T06:57:58.880Z
greenhouse	https://job-boards.greenhouse.io/edmond	1	2026-09-28T06:57:58.886Z
greenhouse	https://job-boards.greenhouse.io/educators	1	2026-09-28T06:57:58.968Z
greenhouse	https://job-boards.greenhouse.io/edx	1	2026-09-28T06:57:58.970Z
greenhouse	https://job-boards.greenhouse.io/edxbootcamps	1	2026-09-28T06:57:58.978Z
greenhouse	https://job-boards.greenhouse.io/eero	1	2026-09-28T06:57:58.994Z
greenhouse	https://job-boards.greenhouse.io/eharmony	1	2026-09-28T06:57:59.046Z
greenhouse	https://job-boards.greenhouse.io/eigenlabs	1	2026-09-28T06:57:59.056Z
greenhouse	https://job-boards.greenhouse.io/eiger	1	2026-09-28T06:57:59.079Z
greenhouse	https://job-boards.greenhouse.io/eigerjobs	1	2026-09-28T06:57:59.079Z
greenhouse	https://job-boards.greenhouse.io/eleanorhealth	1	2026-09-28T06:57:59.129Z
greenhouse	https://job-boards.greenhouse.io/electriphi	1	2026-09-28T06:57:59.154Z
greenhouse	https://job-boards.greenhouse.io/elegen	1	2026-09-28T06:57:59.176Z
greenhouse	https://job-boards.greenhouse.io/elementalexcelerator	1	2026-09-28T06:57:59.208Z
greenhouse	https://job-boards.greenhouse.io/elemy	1	2026-09-28T06:57:59.207Z
greenhouse	https://job-boards.greenhouse.io/eleo	1	2026-09-28T06:57:59.222Z
greenhouse	https://job-boards.greenhouse.io/elephantenergy	1	2026-09-28T06:57:59.226Z
greenhouse	https://job-boards.greenhouse.io/elevatek12	1	2026-09-28T06:57:59.249Z
greenhouse	https://job-boards.greenhouse.io/elevationcapital	1	2026-09-28T06:57:59.257Z
greenhouse	https://job-boards.greenhouse.io/elkcreek	1	2026-09-28T06:57:59.481Z
greenhouse	https://job-boards.greenhouse.io/ellevest	1	2026-09-28T06:57:59.513Z
greenhouse	https://job-boards.greenhouse.io/elvahgmbh	1	2026-09-28T06:57:59.514Z
greenhouse	https://job-boards.greenhouse.io/embrace	1	2026-09-28T06:57:59.566Z
greenhouse	https://job-boards.greenhouse.io/embroker	1	2026-09-28T06:57:59.565Z
greenhouse	https://job-boards.greenhouse.io/emids	1	2026-09-28T06:57:59.588Z
greenhouse	https://job-boards.greenhouse.io/emotiveio	1	2026-09-28T06:57:59.608Z
greenhouse	https://job-boards.greenhouse.io/emulate	1	2026-09-28T06:57:59.632Z
greenhouse	https://job-boards.greenhouse.io/enchargeai	1	2026-09-28T06:57:59.678Z
greenhouse	https://job-boards.greenhouse.io/endpoint	1	2026-09-28T06:57:59.714Z
greenhouse	https://job-boards.greenhouse.io/endurance	1	2026-09-28T06:57:59.724Z
greenhouse	https://job-boards.greenhouse.io/energicorelimited	1	2026-09-28T06:57:59.737Z
greenhouse	https://job-boards.greenhouse.io/energyfoundation	1	2026-09-28T06:57:59.783Z
greenhouse	https://job-boards.greenhouse.io/energywebfoundation	1	2026-09-28T06:57:59.804Z
greenhouse	https://job-boards.greenhouse.io/engieenergyaccess	1	2026-09-28T06:57:59.850Z
greenhouse	https://job-boards.greenhouse.io/englishscore	1	2026-09-28T06:57:59.889Z
greenhouse	https://job-boards.greenhouse.io/ensembleai	1	2026-09-28T06:57:59.964Z
greenhouse	https://job-boards.greenhouse.io/ensitefulinternalpositions	1	2026-09-28T06:57:59.981Z
greenhouse	https://job-boards.greenhouse.io/entrepreneurfirst	1	2026-09-28T06:58:00.059Z
greenhouse	https://job-boards.greenhouse.io/envato	1	2026-09-28T06:58:00.151Z
greenhouse	https://job-boards.greenhouse.io/envisionthearapyco	1	2026-09-28T06:58:00.153Z
greenhouse	https://job-boards.greenhouse.io/envoy	1	2026-09-28T06:58:00.178Z
greenhouse	https://job-boards.greenhouse.io/ephemeral	1	2026-09-28T06:58:00.227Z
greenhouse	https://job-boards.greenhouse.io/eql	1	2026-09-28T06:58:00.396Z
greenhouse	https://job-boards.greenhouse.io/equals	1	2026-09-28T06:58:00.461Z
greenhouse	https://job-boards.greenhouse.io/equitymultiple	1	2026-09-28T06:58:00.485Z
greenhouse	https://job-boards.greenhouse.io/ericbuckleygetupsidegreenhouseio	1	2026-09-28T06:58:00.585Z
greenhouse	https://job-boards.greenhouse.io/erin	1	2026-09-28T06:58:00.612Z
greenhouse	https://job-boards.greenhouse.io/esusu	1	2026-09-28T06:58:00.670Z
greenhouse	https://job-boards.greenhouse.io/ethyca	1	2026-09-28T06:58:00.769Z
greenhouse	https://job-boards.greenhouse.io/euclidpower	1	2026-09-28T06:58:00.914Z
greenhouse	https://job-boards.greenhouse.io/eurowingsdigital	1	2026-09-28T06:58:00.953Z
greenhouse	https://job-boards.greenhouse.io/eventstore	1	2026-09-28T06:58:01.006Z
greenhouse	https://job-boards.greenhouse.io/eventussystemsinc	1	2026-09-28T06:58:01.007Z
greenhouse	https://job-boards.greenhouse.io/everactive1	1	2026-09-28T06:58:01.026Z
greenhouse	https://job-boards.greenhouse.io/everbody	1	2026-09-28T06:58:01.030Z
greenhouse	https://job-boards.greenhouse.io/everest	1	2026-09-28T06:58:01.049Z
greenhouse	https://job-boards.greenhouse.io/everisusainc	1	2026-09-28T06:58:01.449Z
greenhouse	https://job-boards.greenhouse.io/everops	1	2026-09-28T06:58:01.470Z
greenhouse	https://job-boards.greenhouse.io/everphone	1	2026-09-28T06:58:01.497Z
greenhouse	https://job-boards.greenhouse.io/everylife	1	2026-09-28T06:58:01.534Z
greenhouse	https://job-boards.greenhouse.io/evidation	1	2026-09-28T06:58:01.537Z
greenhouse	https://job-boards.greenhouse.io/evive	1	2026-09-28T06:58:01.560Z
greenhouse	https://job-boards.greenhouse.io/evmos	1	2026-09-28T06:58:01.560Z
greenhouse	https://job-boards.greenhouse.io/evolutionaryscale	1	2026-09-28T06:58:01.571Z
greenhouse	https://job-boards.greenhouse.io/evolutionparkingguestservices	1	2026-09-28T06:58:01.579Z
greenhouse	https://job-boards.greenhouse.io/evolvtechnologies	1	2026-09-28T06:58:01.591Z
greenhouse	https://job-boards.greenhouse.io/evpassport	1	2026-09-28T06:58:01.604Z
greenhouse	https://job-boards.greenhouse.io/execonline	1	2026-09-28T06:58:01.640Z
greenhouse	https://job-boards.greenhouse.io/exfluency	1	2026-09-28T06:58:01.685Z
greenhouse	https://job-boards.greenhouse.io/exo	1	2026-09-28T06:58:01.663Z
greenhouse	https://job-boards.greenhouse.io/exodus54	1	2026-09-28T06:58:01.686Z
greenhouse	https://job-boards.greenhouse.io/expa	1	2026-09-28T06:58:01.728Z
greenhouse	https://job-boards.greenhouse.io/expanse	1	2026-09-28T06:58:01.727Z
greenhouse	https://job-boards.greenhouse.io/explo	1	2026-09-28T06:58:01.752Z
greenhouse	https://job-boards.greenhouse.io/expressvpn	1	2026-09-28T06:58:01.752Z
greenhouse	https://job-boards.greenhouse.io/extra	1	2026-09-28T06:58:01.793Z
greenhouse	https://job-boards.greenhouse.io/eyecarepartners	1	2026-09-28T06:58:01.811Z
greenhouse	https://job-boards.greenhouse.io/ezinc	1	2026-09-28T06:58:01.881Z
greenhouse	https://job-boards.greenhouse.io/fabfitfun	1	2026-09-28T06:58:01.899Z
greenhouse	https://job-boards.greenhouse.io/fabric	1	2026-09-28T06:58:01.917Z
greenhouse	https://job-boards.greenhouse.io/factoryberlin	1	2026-09-28T06:58:01.939Z
greenhouse	https://job-boards.greenhouse.io/fairwinds	1	2026-09-28T06:58:01.962Z
greenhouse	https://job-boards.greenhouse.io/fal	1	2026-09-28T06:58:01.980Z
greenhouse	https://job-boards.greenhouse.io/fantasticpixelcastle	1	2026-09-28T06:58:02.429Z
greenhouse	https://job-boards.greenhouse.io/farasisenergy	1	2026-09-28T06:58:02.339Z
greenhouse	https://job-boards.greenhouse.io/farmersbusinessnetwork	1	2026-09-28T06:58:02.368Z
greenhouse	https://job-boards.greenhouse.io/farmstead	1	2026-09-28T06:58:02.413Z
greenhouse	https://job-boards.greenhouse.io/fathom	1	2026-09-28T06:58:02.616Z
greenhouse	https://job-boards.greenhouse.io/fazz	1	2026-09-28T06:58:02.621Z
greenhouse	https://job-boards.greenhouse.io/fearless	1	2026-09-28T06:58:02.659Z
greenhouse	https://job-boards.greenhouse.io/featuredjobs	1	2026-09-28T06:58:02.660Z
greenhouse	https://job-boards.greenhouse.io/featurespace	1	2026-09-28T06:58:02.681Z
greenhouse	https://job-boards.greenhouse.io/feedbackloop	1	2026-09-28T06:58:02.682Z
greenhouse	https://job-boards.greenhouse.io/fenixinternational	1	2026-09-28T06:58:02.707Z
greenhouse	https://job-boards.greenhouse.io/fermataenergy	1	2026-09-28T06:58:02.724Z
greenhouse	https://job-boards.greenhouse.io/ferocia	1	2026-09-28T06:58:02.732Z
greenhouse	https://job-boards.greenhouse.io/fetchrewards	1	2026-09-28T06:58:02.742Z
greenhouse	https://job-boards.greenhouse.io/fifa-hb-intern-programme	1	2026-09-28T06:58:02.803Z
greenhouse	https://job-boards.greenhouse.io/fifthgaittechnologies	1	2026-09-28T06:58:02.842Z
greenhouse	https://job-boards.greenhouse.io/figuremarketsinc	1	2026-09-28T06:58:02.915Z
greenhouse	https://job-boards.greenhouse.io/fincent	1	2026-09-28T06:58:03.003Z
greenhouse	https://job-boards.greenhouse.io/findanomaly	1	2026-09-28T06:58:03.007Z
greenhouse	https://job-boards.greenhouse.io/finfare	1	2026-09-28T06:58:03.045Z
greenhouse	https://job-boards.greenhouse.io/fingerprintjs	1	2026-09-28T06:58:03.065Z
greenhouse	https://job-boards.greenhouse.io/firefly	1	2026-09-28T06:58:03.356Z
greenhouse	https://job-boards.greenhouse.io/firehydrant	1	2026-09-28T06:58:03.383Z
greenhouse	https://job-boards.greenhouse.io/firewalk	1	2026-09-28T06:58:03.384Z
greenhouse	https://job-boards.greenhouse.io/fireworkcareers	1	2026-09-28T06:58:03.384Z
greenhouse	https://job-boards.greenhouse.io/fireworksai	1	2026-09-28T06:58:03.399Z
greenhouse	https://job-boards.greenhouse.io/firstkeyhomes	1	2026-09-28T06:58:03.421Z
greenhouse	https://job-boards.greenhouse.io/firstlook	1	2026-09-28T06:58:03.434Z
greenhouse	https://job-boards.greenhouse.io/firstlookmedia	1	2026-09-28T06:58:03.434Z
greenhouse	https://job-boards.greenhouse.io/firstresonance	1	2026-09-28T06:58:03.479Z
greenhouse	https://job-boards.greenhouse.io/flagstone	1	2026-09-28T06:58:03.570Z
greenhouse	https://job-boards.greenhouse.io/flashbots	1	2026-09-28T06:58:03.592Z
greenhouse	https://job-boards.greenhouse.io/flashpoint	1	2026-09-28T06:58:03.768Z
greenhouse	https://job-boards.greenhouse.io/flatfileio	1	2026-09-28T06:58:03.769Z
greenhouse	https://job-boards.greenhouse.io/flaunt	1	2026-09-28T06:58:03.784Z
greenhouse	https://job-boards.greenhouse.io/flickrorg	1	2026-09-28T06:58:03.827Z
greenhouse	https://job-boards.greenhouse.io/flightright	1	2026-09-28T06:58:03.859Z
greenhouse	https://job-boards.greenhouse.io/flipapp	1	2026-09-28T06:58:03.878Z
greenhouse	https://job-boards.greenhouse.io/flipapp1	1	2026-09-28T06:58:03.963Z
greenhouse	https://job-boards.greenhouse.io/flockfreight	1	2026-09-28T06:58:03.987Z
greenhouse	https://job-boards.greenhouse.io/flocksafety	1	2026-09-28T06:58:03.993Z
greenhouse	https://job-boards.greenhouse.io/floodbase	1	2026-09-28T06:58:04.015Z
greenhouse	https://job-boards.greenhouse.io/floornfts	1	2026-09-28T06:58:04.015Z
greenhouse	https://job-boards.greenhouse.io/flowcarbon	1	2026-09-28T06:58:04.060Z
greenhouse	https://job-boards.greenhouse.io/flowforge	1	2026-09-28T06:58:04.064Z
greenhouse	https://job-boards.greenhouse.io/floyd	1	2026-09-28T06:58:04.099Z
greenhouse	https://job-boards.greenhouse.io/flybyrobotics	1	2026-09-28T06:58:04.131Z
greenhouse	https://job-boards.greenhouse.io/flyflat	1	2026-09-28T06:58:04.135Z
greenhouse	https://job-boards.greenhouse.io/flyhomes	1	2026-09-28T06:58:04.151Z
greenhouse	https://job-boards.greenhouse.io/flyinghorse	1	2026-09-28T06:58:04.154Z
greenhouse	https://job-boards.greenhouse.io/flyr	1	2026-09-28T06:58:04.171Z
greenhouse	https://job-boards.greenhouse.io/focusedlabs	1	2026-09-28T06:58:04.233Z
greenhouse	https://job-boards.greenhouse.io/fogpharma	1	2026-09-28T06:58:04.412Z
greenhouse	https://job-boards.greenhouse.io/followupboss	1	2026-09-28T06:58:04.472Z
greenhouse	https://job-boards.greenhouse.io/fonoa	1	2026-09-28T06:58:04.507Z
greenhouse	https://job-boards.greenhouse.io/foodcorps	1	2026-09-28T06:58:04.506Z
greenhouse	https://job-boards.greenhouse.io/foodpandabangladesh	1	2026-09-28T06:58:04.513Z
greenhouse	https://job-boards.greenhouse.io/foodpandahongkong	1	2026-09-28T06:58:04.525Z
greenhouse	https://job-boards.greenhouse.io/foodpandapakistan	1	2026-09-28T06:58:04.525Z
greenhouse	https://job-boards.greenhouse.io/foodpandaphilippines	1	2026-09-28T06:58:04.533Z
greenhouse	https://job-boards.greenhouse.io/foodpandasingapore	1	2026-09-28T06:58:04.547Z
greenhouse	https://job-boards.greenhouse.io/foodspring	1	2026-09-28T06:58:04.544Z
greenhouse	https://job-boards.greenhouse.io/forage	1	2026-09-28T06:58:04.572Z
greenhouse	https://job-boards.greenhouse.io/forallsecure	1	2026-09-28T06:58:04.587Z
greenhouse	https://job-boards.greenhouse.io/forerunner	1	2026-09-28T06:58:04.635Z
greenhouse	https://job-boards.greenhouse.io/forethought	1	2026-09-28T06:58:04.694Z
greenhouse	https://job-boards.greenhouse.io/forgeglobal	1	2026-09-28T06:58:04.713Z
greenhouse	https://job-boards.greenhouse.io/forgerock	1	2026-09-28T06:58:04.737Z
greenhouse	https://job-boards.greenhouse.io/formatservices	1	2026-09-28T06:58:04.822Z
greenhouse	https://job-boards.greenhouse.io/formbio	1	2026-09-28T06:58:04.836Z
greenhouse	https://job-boards.greenhouse.io/formidable	1	2026-09-28T06:58:04.854Z
greenhouse	https://job-boards.greenhouse.io/fortbend	1	2026-09-28T06:58:04.916Z
greenhouse	https://job-boards.greenhouse.io/forthealth	1	2026-09-28T06:58:04.992Z
greenhouse	https://job-boards.greenhouse.io/fortra	1	2026-09-28T06:58:05.087Z
greenhouse	https://job-boards.greenhouse.io/fortunafi	1	2026-09-28T06:58:05.107Z
greenhouse	https://job-boards.greenhouse.io/fortune	1	2026-09-28T06:58:05.155Z
greenhouse	https://job-boards.greenhouse.io/forwardfinancing	1	2026-09-28T06:58:05.153Z
greenhouse	https://job-boards.greenhouse.io/fossa	1	2026-09-28T06:58:05.177Z
greenhouse	https://job-boards.greenhouse.io/foundation	1	2026-09-28T06:58:05.194Z
greenhouse	https://job-boards.greenhouse.io/foundationforahealthystpetersburg	1	2026-09-28T06:58:05.209Z
greenhouse	https://job-boards.greenhouse.io/foundersintelligence	1	2026-09-28T06:58:05.233Z
greenhouse	https://job-boards.greenhouse.io/foundrytechnologiesinc	1	2026-09-28T06:58:05.254Z
greenhouse	https://job-boards.greenhouse.io/fountain	1	2026-09-28T06:58:05.267Z
greenhouse	https://job-boards.greenhouse.io/fountain-mx	1	2026-09-28T06:58:05.293Z
greenhouse	https://job-boards.greenhouse.io/foursight	1	2026-09-28T06:58:05.530Z
greenhouse	https://job-boards.greenhouse.io/foursquare26	1	2026-09-28T06:58:05.316Z
greenhouse	https://job-boards.greenhouse.io/foxrobotics	1	2026-09-28T06:58:05.321Z
greenhouse	https://job-boards.greenhouse.io/fractalai	1	2026-09-28T06:58:05.342Z
greenhouse	https://job-boards.greenhouse.io/frankieone	1	2026-09-28T06:58:05.393Z
greenhouse	https://job-boards.greenhouse.io/franklincovey	1	2026-09-28T06:58:05.391Z
greenhouse	https://job-boards.greenhouse.io/freedamedia	1	2026-09-28T06:58:05.391Z
greenhouse	https://job-boards.greenhouse.io/freedomofthepressfoundation	1	2026-09-28T06:58:05.416Z
greenhouse	https://job-boards.greenhouse.io/freetrade	1	2026-09-28T06:58:05.655Z
greenhouse	https://job-boards.greenhouse.io/freewill	1	2026-09-28T06:58:05.682Z
greenhouse	https://job-boards.greenhouse.io/frequenceinc	1	2026-09-28T06:58:05.675Z
greenhouse	https://job-boards.greenhouse.io/freshbooks	1	2026-09-28T06:58:05.679Z
greenhouse	https://job-boards.greenhouse.io/freshrealm	1	2026-09-28T06:58:05.698Z
greenhouse	https://job-boards.greenhouse.io/frgjobs	1	2026-09-28T06:58:05.695Z
greenhouse	https://job-boards.greenhouse.io/frieda	1	2026-09-28T06:58:05.703Z
greenhouse	https://job-boards.greenhouse.io/friendbuy	1	2026-09-28T06:58:05.713Z
greenhouse	https://job-boards.greenhouse.io/friendsurance	1	2026-09-28T06:58:05.721Z
greenhouse	https://job-boards.greenhouse.io/frontrunner	1	2026-09-28T06:58:06.080Z
greenhouse	https://job-boards.greenhouse.io/fruition	1	2026-09-28T06:58:05.764Z
greenhouse	https://job-boards.greenhouse.io/ftgoldenwolf	1	2026-09-28T06:58:05.807Z
greenhouse	https://job-boards.greenhouse.io/fullstory	1	2026-09-28T06:58:05.869Z
greenhouse	https://job-boards.greenhouse.io/funinc	1	2026-09-28T06:58:05.921Z
greenhouse	https://job-boards.greenhouse.io/futronics	1	2026-09-28T06:58:05.944Z
greenhouse	https://job-boards.greenhouse.io/futurehouse	1	2026-09-28T06:58:05.983Z
greenhouse	https://job-boards.greenhouse.io/futurewise	1	2026-09-28T06:58:05.998Z
greenhouse	https://job-boards.greenhouse.io/fuzehealth	1	2026-09-28T06:58:06.019Z
greenhouse	https://job-boards.greenhouse.io/fyllo	1	2026-09-28T06:58:06.252Z
greenhouse	https://job-boards.greenhouse.io/g2crowd	1	2026-09-28T06:58:06.040Z
greenhouse	https://job-boards.greenhouse.io/gabbwirelessinc	1	2026-09-28T06:58:06.060Z
greenhouse	https://job-boards.greenhouse.io/gafg	1	2026-09-28T06:58:06.084Z
greenhouse	https://job-boards.greenhouse.io/gaia	1	2026-09-28T06:58:06.088Z
greenhouse	https://job-boards.greenhouse.io/gainful	1	2026-09-28T06:58:06.100Z
greenhouse	https://job-boards.greenhouse.io/gainternships	1	2026-09-28T06:58:06.103Z
greenhouse	https://job-boards.greenhouse.io/galagames	1	2026-09-28T06:58:06.118Z
greenhouse	https://job-boards.greenhouse.io/galileoai	1	2026-09-28T06:58:06.156Z
greenhouse	https://job-boards.greenhouse.io/galileofinancialtechnologies	1	2026-09-28T06:58:06.171Z
greenhouse	https://job-boards.greenhouse.io/galy	1	2026-09-28T06:58:06.212Z
greenhouse	https://job-boards.greenhouse.io/gamedevsofcolor	1	2026-09-28T06:58:06.224Z
greenhouse	https://job-boards.greenhouse.io/gamelight	1	2026-09-28T06:58:06.230Z
greenhouse	https://job-boards.greenhouse.io/gamesys	1	2026-09-28T06:58:06.272Z
greenhouse	https://job-boards.greenhouse.io/gameto	1	2026-09-28T06:58:06.281Z
greenhouse	https://job-boards.greenhouse.io/garnerhealthconfidential	1	2026-09-28T06:58:06.353Z
greenhouse	https://job-boards.greenhouse.io/gatewayfm	1	2026-09-28T06:58:06.404Z
greenhouse	https://job-boards.greenhouse.io/gathertown	1	2026-09-28T06:58:06.430Z
greenhouse	https://job-boards.greenhouse.io/geekhivejobs	1	2026-09-28T06:58:06.561Z
greenhouse	https://job-boards.greenhouse.io/gelato	1	2026-09-28T06:58:06.549Z
greenhouse	https://job-boards.greenhouse.io/gelfandrennertfeldman	1	2026-09-28T06:58:06.585Z
greenhouse	https://job-boards.greenhouse.io/geminitherapeutics	1	2026-09-28T06:58:06.627Z
greenhouse	https://job-boards.greenhouse.io/generalcatalystpartners	1	2026-09-28T06:58:06.728Z
greenhouse	https://job-boards.greenhouse.io/generatecapital	1	2026-09-28T06:58:06.756Z
greenhouse	https://job-boards.greenhouse.io/generation	1	2026-09-28T06:58:06.764Z
greenhouse	https://job-boards.greenhouse.io/generationbio	1	2026-09-28T06:58:06.831Z
greenhouse	https://job-boards.greenhouse.io/geneva	1	2026-09-28T06:58:06.832Z
greenhouse	https://job-boards.greenhouse.io/genies	1	2026-09-28T06:58:06.862Z
greenhouse	https://job-boards.greenhouse.io/genpopinteractiveinc	1	2026-09-28T06:58:07.045Z
greenhouse	https://job-boards.greenhouse.io/geocaching	1	2026-09-28T06:58:07.131Z
greenhouse	https://job-boards.greenhouse.io/getduos	1	2026-09-28T06:58:07.320Z
greenhouse	https://job-boards.greenhouse.io/getepic	1	2026-09-28T06:58:07.320Z
greenhouse	https://job-boards.greenhouse.io/getground	1	2026-09-28T06:58:07.359Z
greenhouse	https://job-boards.greenhouse.io/getprospa	1	2026-09-28T06:58:07.364Z
greenhouse	https://job-boards.greenhouse.io/getro	1	2026-09-28T06:58:07.371Z
greenhouse	https://job-boards.greenhouse.io/getsafe	1	2026-09-28T06:58:07.382Z
greenhouse	https://job-boards.greenhouse.io/getshogun	1	2026-09-28T06:58:07.389Z
greenhouse	https://job-boards.greenhouse.io/ghd	1	2026-09-28T06:58:07.411Z
greenhouse	https://job-boards.greenhouse.io/ghostautonomy	1	2026-09-28T06:58:07.434Z
greenhouse	https://job-boards.greenhouse.io/ghostsecurity	1	2026-09-28T06:58:07.455Z
greenhouse	https://job-boards.greenhouse.io/giantprotocol	1	2026-09-28T06:58:07.456Z
greenhouse	https://job-boards.greenhouse.io/giantspoon	1	2026-09-28T06:58:07.456Z
greenhouse	https://job-boards.greenhouse.io/gic	1	2026-09-28T06:58:07.472Z
greenhouse	https://job-boards.greenhouse.io/gigster	1	2026-09-28T06:58:07.509Z
greenhouse	https://job-boards.greenhouse.io/gimletmedia	1	2026-09-28T06:58:07.558Z
greenhouse	https://job-boards.greenhouse.io/ginger	1	2026-09-28T06:58:07.660Z
greenhouse	https://job-boards.greenhouse.io/giphy	1	2026-09-28T06:58:07.604Z
greenhouse	https://job-boards.greenhouse.io/github	1	2026-09-28T06:58:07.661Z
greenhouse	https://job-boards.greenhouse.io/gitpod	1	2026-09-28T06:58:07.680Z
greenhouse	https://job-boards.greenhouse.io/givenscommunities	1	2026-09-28T06:58:07.741Z
greenhouse	https://job-boards.greenhouse.io/glaciergrid	1	2026-09-28T06:58:07.813Z
greenhouse	https://job-boards.greenhouse.io/glassdoor	1	2026-09-28T06:58:07.836Z
greenhouse	https://job-boards.greenhouse.io/glean	1	2026-09-28T06:58:07.940Z
greenhouse	https://job-boards.greenhouse.io/glia	1	2026-09-28T06:58:07.959Z
greenhouse	https://job-boards.greenhouse.io/glidepathventuresllcdbaprospect14	1	2026-09-28T06:58:08.005Z
greenhouse	https://job-boards.greenhouse.io/globalhealthlabs	1	2026-09-28T06:58:08.074Z
greenhouse	https://job-boards.greenhouse.io/globalincomecoin	1	2026-09-28T06:58:08.076Z
greenhouse	https://job-boards.greenhouse.io/globalteletherapyjobs	1	2026-09-28T06:58:08.148Z
greenhouse	https://job-boards.greenhouse.io/globalworldwide	1	2026-09-28T06:58:08.166Z
greenhouse	https://job-boards.greenhouse.io/glossgenius	1	2026-09-28T06:58:08.187Z
greenhouse	https://job-boards.greenhouse.io/glowbar	1	2026-09-28T06:58:08.211Z
greenhouse	https://job-boards.greenhouse.io/gluo	1	2026-09-28T06:58:08.210Z
greenhouse	https://job-boards.greenhouse.io/gluwa	1	2026-09-28T06:58:08.230Z
greenhouse	https://job-boards.greenhouse.io/gmedna	1	2026-09-28T06:58:08.251Z
greenhouse	https://job-boards.greenhouse.io/gnosis	1	2026-09-28T06:58:08.291Z
greenhouse	https://job-boards.greenhouse.io/go1blinkist	1	2026-09-28T06:58:08.313Z
greenhouse	https://job-boards.greenhouse.io/goclio	1	2026-09-28T06:58:08.466Z
greenhouse	https://job-boards.greenhouse.io/gofoundation	1	2026-09-28T06:58:08.505Z
greenhouse	https://job-boards.greenhouse.io/gogratia	1	2026-09-28T06:58:08.545Z
greenhouse	https://job-boards.greenhouse.io/gohealth	1	2026-09-28T06:58:08.580Z
greenhouse	https://job-boards.greenhouse.io/goldbelly	1	2026-09-28T06:58:08.585Z
greenhouse	https://job-boards.greenhouse.io/goldenstatewarriors	1	2026-09-28T06:58:08.648Z
greenhouse	https://job-boards.greenhouse.io/goldenwolf	1	2026-09-28T06:58:08.668Z
greenhouse	https://job-boards.greenhouse.io/goldflora	1	2026-09-28T06:58:08.664Z
greenhouse	https://job-boards.greenhouse.io/goldsky	1	2026-09-28T06:58:08.678Z
greenhouse	https://job-boards.greenhouse.io/gomedia	1	2026-09-28T06:58:08.699Z
greenhouse	https://job-boards.greenhouse.io/gonimbly	1	2026-09-28T06:58:08.718Z
greenhouse	https://job-boards.greenhouse.io/goodfeet	1	2026-09-28T06:58:08.831Z
greenhouse	https://job-boards.greenhouse.io/goodunited	1	2026-09-28T06:58:08.931Z
greenhouse	https://job-boards.greenhouse.io/goodworker	1	2026-09-28T06:58:08.975Z
greenhouse	https://job-boards.greenhouse.io/goodworldwide	1	2026-09-28T06:58:08.984Z
greenhouse	https://job-boards.greenhouse.io/govini	1	2026-09-28T06:58:09.222Z
greenhouse	https://job-boards.greenhouse.io/govos	1	2026-09-28T06:58:09.231Z
greenhouse	https://job-boards.greenhouse.io/govport	1	2026-09-28T06:58:09.300Z
greenhouse	https://job-boards.greenhouse.io/govtechbarbados	1	2026-09-28T06:58:09.301Z
greenhouse	https://job-boards.greenhouse.io/grabango	1	2026-09-28T06:58:09.333Z
greenhouse	https://job-boards.greenhouse.io/gradientcomfort	1	2026-09-28T06:58:09.356Z
greenhouse	https://job-boards.greenhouse.io/gradientlearning	1	2026-09-28T06:58:09.378Z
greenhouse	https://job-boards.greenhouse.io/graft	1	2026-09-28T06:58:09.454Z
greenhouse	https://job-boards.greenhouse.io/grammarly	1	2026-09-28T06:58:09.551Z
greenhouse	https://job-boards.greenhouse.io/grandofprospect	1	2026-09-28T06:58:09.572Z
greenhouse	https://job-boards.greenhouse.io/granular	1	2026-09-28T06:58:09.591Z
greenhouse	https://job-boards.greenhouse.io/grassrootsvoteroutreach	1	2026-09-28T06:58:09.803Z
greenhouse	https://job-boards.greenhouse.io/gratadata	1	2026-09-28T06:58:09.825Z
greenhouse	https://job-boards.greenhouse.io/gravitypayments	1	2026-09-28T06:58:09.934Z
greenhouse	https://job-boards.greenhouse.io/grayling	1	2026-09-28T06:58:10.008Z
greenhouse	https://job-boards.greenhouse.io/graymatterrobotics	1	2026-09-28T06:58:10.026Z
greenhouse	https://job-boards.greenhouse.io/grayscalable	1	2026-09-28T06:58:10.048Z
greenhouse	https://job-boards.greenhouse.io/greatist	1	2026-09-28T06:58:10.094Z
greenhouse	https://job-boards.greenhouse.io/greenlightbiosciences	1	2026-09-28T06:58:10.247Z
greenhouse	https://job-boards.greenhouse.io/gregarious	1	2026-09-28T06:58:10.548Z
greenhouse	https://job-boards.greenhouse.io/griffin	1	2026-09-28T06:58:10.795Z
greenhouse	https://job-boards.greenhouse.io/grindr	1	2026-09-28T06:58:10.814Z
greenhouse	https://job-boards.greenhouse.io/gro	1	2026-09-28T06:58:10.836Z
greenhouse	https://job-boards.greenhouse.io/groombuggy	1	2026-09-28T06:58:10.852Z
greenhouse	https://job-boards.greenhouse.io/groove	1	2026-09-28T06:58:10.874Z
greenhouse	https://job-boards.greenhouse.io/groq	1	2026-09-28T06:58:10.895Z
greenhouse	https://job-boards.greenhouse.io/groundtruth	1	2026-09-28T06:58:10.912Z
greenhouse	https://job-boards.greenhouse.io/groupblack	1	2026-09-28T06:58:10.983Z
greenhouse	https://job-boards.greenhouse.io/groupninemedia	1	2026-09-28T06:58:10.989Z
greenhouse	https://job-boards.greenhouse.io/growflow	1	2026-09-28T06:58:11.096Z
greenhouse	https://job-boards.greenhouse.io/growthday	1	2026-09-28T06:58:11.113Z
greenhouse	https://job-boards.greenhouse.io/growtherapy	1	2026-09-28T06:58:11.122Z
greenhouse	https://job-boards.greenhouse.io/guayaki	1	2026-09-28T06:58:13.176Z
greenhouse	https://job-boards.greenhouse.io/guerrilla	1	2026-09-28T06:58:11.474Z
greenhouse	https://job-boards.greenhouse.io/guestready	1	2026-09-28T06:58:11.529Z
greenhouse	https://job-boards.greenhouse.io/guideline	1	2026-09-28T06:58:11.637Z
greenhouse	https://job-boards.greenhouse.io/guidepostchicagoland	1	2026-09-28T06:58:11.871Z
greenhouse	https://job-boards.greenhouse.io/guildeducation	1	2026-09-28T06:58:12.108Z
greenhouse	https://job-boards.greenhouse.io/gunner	1	2026-09-28T06:58:12.260Z
greenhouse	https://job-boards.greenhouse.io/guru	1	2026-09-28T06:58:12.273Z
greenhouse	https://job-boards.greenhouse.io/halodotscience	1	2026-09-28T06:58:12.626Z
greenhouse	https://job-boards.greenhouse.io/hammerhead	1	2026-09-28T06:58:12.636Z
greenhouse	https://job-boards.greenhouse.io/hamptons	1	2026-09-28T06:58:12.644Z
greenhouse	https://job-boards.greenhouse.io/handled	1	2026-09-28T06:58:12.656Z
greenhouse	https://job-boards.greenhouse.io/happifyhealth	1	2026-09-28T06:58:12.762Z
greenhouse	https://job-boards.greenhouse.io/harmonic	1	2026-09-28T06:58:12.905Z
greenhouse	https://job-boards.greenhouse.io/harperdbinc	1	2026-09-28T06:58:12.925Z
greenhouse	https://job-boards.greenhouse.io/harrysinc	1	2026-09-28T06:58:13.032Z
greenhouse	https://job-boards.greenhouse.io/hashicorp	1	2026-09-28T06:58:13.062Z
greenhouse	https://job-boards.greenhouse.io/havenhub	1	2026-09-28T06:58:13.129Z
greenhouse	https://job-boards.greenhouse.io/havenly	1	2026-09-28T06:58:13.137Z
greenhouse	https://job-boards.greenhouse.io/haydenai	1	2026-09-28T06:58:13.155Z
greenhouse	https://job-boards.greenhouse.io/haydenconsultinggroupllc	1	2026-09-28T06:58:13.292Z
greenhouse	https://job-boards.greenhouse.io/hazeltechnologies	1	2026-09-28T06:58:13.193Z
greenhouse	https://job-boards.greenhouse.io/hc1	1	2026-09-28T06:58:13.238Z
greenhouse	https://job-boards.greenhouse.io/hcss	1	2026-09-28T06:58:13.312Z
greenhouse	https://job-boards.greenhouse.io/hctechnologies	1	2026-09-28T06:58:13.329Z
greenhouse	https://job-boards.greenhouse.io/headborneai-gmbh	1	2026-09-28T06:58:13.353Z
greenhouse	https://job-boards.greenhouse.io/headspace	1	2026-09-28T06:58:13.448Z
greenhouse	https://job-boards.greenhouse.io/headway	1	2026-09-28T06:58:13.492Z
greenhouse	https://job-boards.greenhouse.io/healthfidelity	1	2026-09-28T06:58:13.517Z
greenhouse	https://job-boards.greenhouse.io/healthgorilla	1	2026-09-28T06:58:13.534Z
greenhouse	https://job-boards.greenhouse.io/healthgrades	1	2026-09-28T06:58:13.539Z
greenhouse	https://job-boards.greenhouse.io/healthnote	1	2026-09-28T06:58:13.624Z
greenhouse	https://job-boards.greenhouse.io/healthrehabsolutions	1	2026-09-28T06:58:13.637Z
greenhouse	https://job-boards.greenhouse.io/healx	1	2026-09-28T06:58:13.723Z
greenhouse	https://job-boards.greenhouse.io/heap	1	2026-09-28T06:58:13.698Z
greenhouse	https://job-boards.greenhouse.io/heartex	1	2026-09-28T06:58:13.745Z
greenhouse	https://job-boards.greenhouse.io/heartsoilsupplements	1	2026-09-28T06:58:13.837Z
greenhouse	https://job-boards.greenhouse.io/hebbia	1	2026-09-28T06:58:13.852Z
greenhouse	https://job-boards.greenhouse.io/hefreelancenetwork	1	2026-09-28T06:58:13.889Z
greenhouse	https://job-boards.greenhouse.io/heir	1	2026-09-28T06:58:13.910Z
greenhouse	https://job-boards.greenhouse.io/helainainc	1	2026-09-28T06:58:13.919Z
greenhouse	https://job-boards.greenhouse.io/helionenergy	1	2026-09-28T06:58:13.927Z
greenhouse	https://job-boards.greenhouse.io/helionenergycontractors	1	2026-09-28T06:58:13.938Z
greenhouse	https://job-boards.greenhouse.io/helionenergyinternship	1	2026-09-28T06:58:13.947Z
greenhouse	https://job-boards.greenhouse.io/helios	1	2026-09-28T06:58:13.970Z
greenhouse	https://job-boards.greenhouse.io/heliosservicepartners	1	2026-09-28T06:58:13.966Z
greenhouse	https://job-boards.greenhouse.io/helix	1	2026-09-28T06:58:14.016Z
greenhouse	https://job-boards.greenhouse.io/helloalfred	1	2026-09-28T06:58:14.037Z
greenhouse	https://job-boards.greenhouse.io/hellosign	1	2026-09-28T06:58:14.417Z
greenhouse	https://job-boards.greenhouse.io/helloskylight	1	2026-09-28T06:58:14.434Z
greenhouse	https://job-boards.greenhouse.io/helmai	1	2026-09-28T06:58:14.455Z
greenhouse	https://job-boards.greenhouse.io/helmpointsolutions	1	2026-09-28T06:58:14.475Z
greenhouse	https://job-boards.greenhouse.io/heycar	1	2026-09-28T06:58:14.889Z
greenhouse	https://job-boards.greenhouse.io/hibu	1	2026-09-28T06:58:14.946Z
greenhouse	https://job-boards.greenhouse.io/hidden	1	2026-09-28T06:58:14.939Z
greenhouse	https://job-boards.greenhouse.io/hiddenroad	1	2026-09-28T06:58:14.966Z
greenhouse	https://job-boards.greenhouse.io/high5games	1	2026-09-28T06:58:14.989Z
greenhouse	https://job-boards.greenhouse.io/higharc	1	2026-09-28T06:58:15.010Z
greenhouse	https://job-boards.greenhouse.io/highergroundeducation	1	2026-09-28T06:58:15.039Z
greenhouse	https://job-boards.greenhouse.io/highfi	1	2026-09-28T06:58:15.059Z
greenhouse	https://job-boards.greenhouse.io/hightower	1	2026-09-28T06:58:15.138Z
greenhouse	https://job-boards.greenhouse.io/hilabs	1	2026-09-28T06:58:15.173Z
greenhouse	https://job-boards.greenhouse.io/hillaryforamerica	1	2026-09-28T06:58:15.283Z
greenhouse	https://job-boards.greenhouse.io/himshers	1	2026-09-28T06:58:15.347Z
greenhouse	https://job-boards.greenhouse.io/hired	1	2026-09-28T06:58:15.406Z
greenhouse	https://job-boards.greenhouse.io/hispanicaccessfoundation	1	2026-09-28T06:58:15.432Z
greenhouse	https://job-boards.greenhouse.io/hitachidigitalservices	1	2026-09-28T06:58:15.451Z
greenhouse	https://job-boards.greenhouse.io/hitachivantaracorporation	1	2026-09-28T06:58:15.461Z
greenhouse	https://job-boards.greenhouse.io/hitostudios	1	2026-09-28T06:58:15.592Z
greenhouse	https://job-boards.greenhouse.io/hivemq	1	2026-09-28T06:58:15.502Z
greenhouse	https://job-boards.greenhouse.io/hivewatch	1	2026-09-28T06:58:15.514Z
greenhouse	https://job-boards.greenhouse.io/hiya	1	2026-09-28T06:58:15.526Z
greenhouse	https://job-boards.greenhouse.io/hofy	1	2026-09-28T06:58:15.533Z
greenhouse	https://job-boards.greenhouse.io/hollywoodparksofistadium	1	2026-09-28T06:58:15.602Z
greenhouse	https://job-boards.greenhouse.io/homeadvisorangieslist	1	2026-09-28T06:58:15.628Z
greenhouse	https://job-boards.greenhouse.io/homebase	1	2026-09-28T06:58:15.633Z
greenhouse	https://job-boards.greenhouse.io/homebaseopenpositions	1	2026-09-28T06:58:15.645Z
greenhouse	https://job-boards.greenhouse.io/homebound	1	2026-09-28T06:58:15.653Z
greenhouse	https://job-boards.greenhouse.io/homefielditakamanhattantechsupportcom	1	2026-09-28T06:58:15.840Z
greenhouse	https://job-boards.greenhouse.io/homeoffice	1	2026-09-28T06:58:15.885Z
greenhouse	https://job-boards.greenhouse.io/homesteadstudio	1	2026-09-28T06:58:15.916Z
greenhouse	https://job-boards.greenhouse.io/hometogo	1	2026-09-28T06:58:15.933Z
greenhouse	https://job-boards.greenhouse.io/homewardhealth	1	2026-09-28T06:58:15.958Z
greenhouse	https://job-boards.greenhouse.io/honestmedicalgroup	1	2026-09-28T06:58:15.999Z
greenhouse	https://job-boards.greenhouse.io/honey	1	2026-09-28T06:58:16.018Z
greenhouse	https://job-boards.greenhouse.io/honeybook	1	2026-09-28T06:58:16.021Z
greenhouse	https://job-boards.greenhouse.io/honeylove	1	2026-09-28T06:58:16.042Z
greenhouse	https://job-boards.greenhouse.io/hooglandslandscape	1	2026-09-28T06:58:16.102Z
greenhouse	https://job-boards.greenhouse.io/hopin	1	2026-09-28T06:58:16.164Z
greenhouse	https://job-boards.greenhouse.io/hoppr	1	2026-09-28T06:58:16.163Z
greenhouse	https://job-boards.greenhouse.io/hopscotchhealth	1	2026-09-28T06:58:16.184Z
greenhouse	https://job-boards.greenhouse.io/horizon3	1	2026-09-28T06:58:16.365Z
greenhouse	https://job-boards.greenhouse.io/horizons	1	2026-09-28T06:58:16.386Z
greenhouse	https://job-boards.greenhouse.io/hotelengine	1	2026-09-28T06:58:16.421Z
greenhouse	https://job-boards.greenhouse.io/hotelenginereferrals	1	2026-09-28T06:58:16.413Z
greenhouse	https://job-boards.greenhouse.io/hotjar	1	2026-09-28T06:58:16.438Z
greenhouse	https://job-boards.greenhouse.io/hotwireau	1	2026-09-28T06:58:16.484Z
greenhouse	https://job-boards.greenhouse.io/hotwirede	1	2026-09-28T06:58:16.488Z
greenhouse	https://job-boards.greenhouse.io/hotwirees	1	2026-09-28T06:58:16.506Z
greenhouse	https://job-boards.greenhouse.io/hotwireit	1	2026-09-28T06:58:16.505Z
greenhouse	https://job-boards.greenhouse.io/hotwireprus	1	2026-09-28T06:58:16.506Z
greenhouse	https://job-boards.greenhouse.io/houndmoundsincdbapoop911	1	2026-09-28T06:58:16.526Z
greenhouse	https://job-boards.greenhouse.io/houseaccount	1	2026-09-28T06:58:16.527Z
greenhouse	https://job-boards.greenhouse.io/howeinc	1	2026-09-28T06:58:16.756Z
greenhouse	https://job-boards.greenhouse.io/howl	1	2026-09-28T06:58:16.777Z
greenhouse	https://job-boards.greenhouse.io/hpone	1	2026-09-28T06:58:16.799Z
greenhouse	https://job-boards.greenhouse.io/hqdigital	1	2026-09-28T06:58:16.800Z
greenhouse	https://job-boards.greenhouse.io/huddle01	1	2026-09-28T06:58:16.984Z
greenhouse	https://job-boards.greenhouse.io/hudsonmx	1	2026-09-28T06:58:17.049Z
greenhouse	https://job-boards.greenhouse.io/humanconditionsafety	1	2026-09-28T06:58:17.087Z
greenhouse	https://job-boards.greenhouse.io/humane	1	2026-09-28T06:58:17.093Z
greenhouse	https://job-boards.greenhouse.io/humu	1	2026-09-28T06:58:17.196Z
greenhouse	https://job-boards.greenhouse.io/huspy	1	2026-09-28T06:58:17.242Z
greenhouse	https://job-boards.greenhouse.io/hutsoninc	1	2026-09-28T06:58:17.300Z
greenhouse	https://job-boards.greenhouse.io/hwco	1	2026-09-28T06:58:17.301Z
greenhouse	https://job-boards.greenhouse.io/hwl	1	2026-09-28T06:58:17.325Z
greenhouse	https://job-boards.greenhouse.io/hwp	1	2026-09-28T06:58:17.319Z
greenhouse	https://job-boards.greenhouse.io/hypergiant	1	2026-09-28T06:58:17.375Z
greenhouse	https://job-boards.greenhouse.io/hyperheat	1	2026-09-28T06:58:17.394Z
greenhouse	https://job-boards.greenhouse.io/hyperiondev	1	2026-09-28T06:58:17.398Z
greenhouse	https://job-boards.greenhouse.io/hyperlooptechnologies	1	2026-09-28T06:58:17.404Z
greenhouse	https://job-boards.greenhouse.io/hyphenate	1	2026-09-28T06:58:17.418Z
greenhouse	https://job-boards.greenhouse.io/hyphenconnect	1	2026-09-28T06:58:17.418Z
greenhouse	https://job-boards.greenhouse.io/hypixelstudios	1	2026-09-28T06:58:17.423Z
greenhouse	https://job-boards.greenhouse.io/hyundaiuam	1	2026-09-28T06:58:17.443Z
greenhouse	https://job-boards.greenhouse.io/ia	1	2026-09-28T06:58:17.478Z
greenhouse	https://job-boards.greenhouse.io/ibanfirst	1	2026-09-28T06:58:17.479Z
greenhouse	https://job-boards.greenhouse.io/ibkr	1	2026-09-28T06:58:17.498Z
greenhouse	https://job-boards.greenhouse.io/ibotta	1	2026-09-28T06:58:17.502Z
greenhouse	https://job-boards.greenhouse.io/iconiqcapital	1	2026-09-28T06:58:17.575Z
greenhouse	https://job-boards.greenhouse.io/ideas42	1	2026-09-28T06:58:17.666Z
greenhouse	https://job-boards.greenhouse.io/ideoorg	1	2026-09-28T06:58:17.658Z
greenhouse	https://job-boards.greenhouse.io/iedigital	1	2026-09-28T06:58:17.717Z
greenhouse	https://job-boards.greenhouse.io/ifood	1	2026-09-28T06:58:17.756Z
greenhouse	https://job-boards.greenhouse.io/iguazio	1	2026-09-28T06:58:17.791Z
greenhouse	https://job-boards.greenhouse.io/iherb	1	2026-09-28T06:58:17.810Z
greenhouse	https://job-boards.greenhouse.io/ihiterrasun	1	2026-09-28T06:58:17.812Z
greenhouse	https://job-boards.greenhouse.io/iinktech	1	2026-09-28T06:58:17.814Z
greenhouse	https://job-boards.greenhouse.io/ilabsinnovationlabsinc	1	2026-09-28T06:58:17.830Z
greenhouse	https://job-boards.greenhouse.io/illumio	1	2026-09-28T06:58:17.843Z
greenhouse	https://job-boards.greenhouse.io/imagendarystudios	1	2026-09-28T06:58:17.867Z
greenhouse	https://job-boards.greenhouse.io/imagentechnologies	1	2026-09-28T06:58:17.877Z
greenhouse	https://job-boards.greenhouse.io/immpactbio	1	2026-09-28T06:58:18.074Z
greenhouse	https://job-boards.greenhouse.io/immunai	1	2026-09-28T06:58:18.024Z
greenhouse	https://job-boards.greenhouse.io/impossiblefoods	1	2026-09-28T06:58:18.144Z
greenhouse	https://job-boards.greenhouse.io/imprint	1	2026-09-28T06:58:18.185Z
greenhouse	https://job-boards.greenhouse.io/inariagriculture	1	2026-09-28T06:58:18.206Z
greenhouse	https://job-boards.greenhouse.io/incubator	1	2026-09-28T06:58:18.257Z
greenhouse	https://job-boards.greenhouse.io/indevets	1	2026-09-28T06:58:18.272Z
greenhouse	https://job-boards.greenhouse.io/indexexchange	1	2026-09-28T06:58:18.272Z
greenhouse	https://job-boards.greenhouse.io/industrious	1	2026-09-28T06:58:18.376Z
greenhouse	https://job-boards.greenhouse.io/infarm	1	2026-09-28T06:58:18.338Z
greenhouse	https://job-boards.greenhouse.io/infinitecommerce	1	2026-09-28T06:58:18.361Z
greenhouse	https://job-boards.greenhouse.io/infinitefield	1	2026-09-28T06:58:18.376Z
greenhouse	https://job-boards.greenhouse.io/infinitereality	1	2026-09-28T06:58:18.436Z
greenhouse	https://job-boards.greenhouse.io/influential	1	2026-09-28T06:58:18.461Z
greenhouse	https://job-boards.greenhouse.io/influxdb	1	2026-09-28T06:58:18.483Z
greenhouse	https://job-boards.greenhouse.io/infusemedia	1	2026-09-28T06:58:18.517Z
greenhouse	https://job-boards.greenhouse.io/infuseukraine	1	2026-09-28T06:58:18.704Z
greenhouse	https://job-boards.greenhouse.io/ingenuitystudios	1	2026-09-28T06:58:18.542Z
greenhouse	https://job-boards.greenhouse.io/initialtherapeutics	1	2026-09-28T06:58:18.633Z
greenhouse	https://job-boards.greenhouse.io/inkling	1	2026-09-28T06:58:18.674Z
greenhouse	https://job-boards.greenhouse.io/innovaccer	1	2026-09-28T06:58:18.723Z
greenhouse	https://job-boards.greenhouse.io/innovatel	1	2026-09-28T06:58:18.737Z
greenhouse	https://job-boards.greenhouse.io/innovior	1	2026-09-28T06:58:18.776Z
greenhouse	https://job-boards.greenhouse.io/innovusion	1	2026-09-28T06:58:18.794Z
greenhouse	https://job-boards.greenhouse.io/insideviewin	1	2026-09-28T06:58:18.804Z
greenhouse	https://job-boards.greenhouse.io/insify	1	2026-09-28T06:58:18.816Z
greenhouse	https://job-boards.greenhouse.io/insightec	1	2026-09-28T06:58:18.826Z
greenhouse	https://job-boards.greenhouse.io/insightly	1	2026-09-28T06:58:18.833Z
greenhouse	https://job-boards.greenhouse.io/insightmediagroupllc	1	2026-09-28T06:58:18.843Z
greenhouse	https://job-boards.greenhouse.io/insitro	1	2026-09-28T06:58:18.866Z
greenhouse	https://job-boards.greenhouse.io/insomniacgames	1	2026-09-28T06:58:18.895Z
greenhouse	https://job-boards.greenhouse.io/inspiren	1	2026-09-28T06:58:18.994Z
greenhouse	https://job-boards.greenhouse.io/instabase	1	2026-09-28T06:58:19.029Z
greenhouse	https://job-boards.greenhouse.io/instnt	1	2026-09-28T06:58:19.160Z
greenhouse	https://job-boards.greenhouse.io/insureyourfuturega	1	2026-09-28T06:58:19.186Z
greenhouse	https://job-boards.greenhouse.io/integraladscience	1	2026-09-28T06:58:19.238Z
greenhouse	https://job-boards.greenhouse.io/integralneuro	1	2026-09-28T06:58:19.256Z
greenhouse	https://job-boards.greenhouse.io/integrate	1	2026-09-28T06:58:19.257Z
greenhouse	https://job-boards.greenhouse.io/integrateai	1	2026-09-28T06:58:19.272Z
greenhouse	https://job-boards.greenhouse.io/integrityinstitute	1	2026-09-28T06:58:19.282Z
greenhouse	https://job-boards.greenhouse.io/intelextechnologies	1	2026-09-28T06:58:19.302Z
greenhouse	https://job-boards.greenhouse.io/intelligo	1	2026-09-28T06:58:19.305Z
greenhouse	https://job-boards.greenhouse.io/interchain	1	2026-09-28T06:58:19.349Z
greenhouse	https://job-boards.greenhouse.io/interfaceai	1	2026-09-28T06:58:19.384Z
greenhouse	https://job-boards.greenhouse.io/internationalcruiseandexcursionsinc	1	2026-09-28T06:58:19.501Z
greenhouse	https://job-boards.greenhouse.io/internationalrecruitment	1	2026-09-28T06:58:19.518Z
greenhouse	https://job-boards.greenhouse.io/interpublicgroup	1	2026-09-28T06:58:19.562Z
greenhouse	https://job-boards.greenhouse.io/intersection	1	2026-09-28T06:58:19.583Z
greenhouse	https://job-boards.greenhouse.io/interviewkickstart	1	2026-09-28T06:58:19.677Z
greenhouse	https://job-boards.greenhouse.io/inventables	1	2026-09-28T06:58:19.773Z
greenhouse	https://job-boards.greenhouse.io/invertase	1	2026-09-28T06:58:19.776Z
greenhouse	https://job-boards.greenhouse.io/investorhub	1	2026-09-28T06:58:19.783Z
greenhouse	https://job-boards.greenhouse.io/invisibly	1	2026-09-28T06:58:19.795Z
greenhouse	https://job-boards.greenhouse.io/invision	1	2026-09-28T06:58:19.805Z
greenhouse	https://job-boards.greenhouse.io/invitae	1	2026-09-28T06:58:19.853Z
greenhouse	https://job-boards.greenhouse.io/invokestudiosen	1	2026-09-28T06:58:19.869Z
greenhouse	https://job-boards.greenhouse.io/inworldai	1	2026-09-28T06:58:19.873Z
greenhouse	https://job-boards.greenhouse.io/iob	1	2026-09-28T06:58:19.892Z
greenhouse	https://job-boards.greenhouse.io/iovlabsltd	1	2026-09-28T06:58:19.915Z
greenhouse	https://job-boards.greenhouse.io/irhythm	1	2026-09-28T06:58:19.962Z
greenhouse	https://job-boards.greenhouse.io/irisautomation	1	2026-09-28T06:58:20.014Z
greenhouse	https://job-boards.greenhouse.io/irl	1	2026-09-28T06:58:20.015Z
greenhouse	https://job-boards.greenhouse.io/ironhealth	1	2026-09-28T06:58:20.015Z
greenhouse	https://job-boards.greenhouse.io/islandsxyzinc	1	2026-09-28T06:58:20.068Z
greenhouse	https://job-boards.greenhouse.io/isrg	1	2026-09-28T06:58:20.091Z
greenhouse	https://job-boards.greenhouse.io/ittakesavillage	1	2026-09-28T06:58:20.264Z
greenhouse	https://job-boards.greenhouse.io/iversoft	1	2026-09-28T06:58:20.285Z
greenhouse	https://job-boards.greenhouse.io/ivoyant	1	2026-09-28T06:58:20.306Z
greenhouse	https://job-boards.greenhouse.io/ixco	1	2026-09-28T06:58:20.343Z
greenhouse	https://job-boards.greenhouse.io/ixlayercareers	1	2026-09-28T06:58:20.344Z
greenhouse	https://job-boards.greenhouse.io/izotopecareers	1	2026-09-28T06:58:20.398Z
greenhouse	https://job-boards.greenhouse.io/jabrahearing	1	2026-09-28T06:58:20.400Z
greenhouse	https://job-boards.greenhouse.io/jackpocket	1	2026-09-28T06:58:20.424Z
greenhouse	https://job-boards.greenhouse.io/janeasystems	1	2026-09-28T06:58:20.481Z
greenhouse	https://job-boards.greenhouse.io/janetechnologies	1	2026-09-28T06:58:20.498Z
greenhouse	https://job-boards.greenhouse.io/january	1	2026-09-28T06:58:20.502Z
greenhouse	https://job-boards.greenhouse.io/janushealth	1	2026-09-28T06:58:20.510Z
greenhouse	https://job-boards.greenhouse.io/jasper	1	2026-09-28T06:58:20.538Z
greenhouse	https://job-boards.greenhouse.io/jasper23	1	2026-09-28T06:58:20.538Z
greenhouse	https://job-boards.greenhouse.io/javelinagency	1	2026-09-28T06:58:20.539Z
greenhouse	https://job-boards.greenhouse.io/jdcom	1	2026-09-28T06:58:20.557Z
greenhouse	https://job-boards.greenhouse.io/jeli	1	2026-09-28T06:58:20.579Z
greenhouse	https://job-boards.greenhouse.io/jellyfish	1	2026-09-28T06:58:20.582Z
greenhouse	https://job-boards.greenhouse.io/jenzabar	1	2026-09-28T06:58:20.627Z
greenhouse	https://job-boards.greenhouse.io/jetairegroup	1	2026-09-28T06:58:20.641Z
greenhouse	https://job-boards.greenhouse.io/jetty	1	2026-09-28T06:58:20.742Z
greenhouse	https://job-boards.greenhouse.io/jfdiconsultants	1	2026-09-28T06:58:20.764Z
greenhouse	https://job-boards.greenhouse.io/jiff	1	2026-09-28T06:58:20.780Z
greenhouse	https://job-boards.greenhouse.io/jiminihealth	1	2026-09-28T06:58:20.785Z
greenhouse	https://job-boards.greenhouse.io/jmwconsultantsllc	1	2026-09-28T06:58:20.842Z
greenhouse	https://job-boards.greenhouse.io/jnanatherapeutics	1	2026-09-28T06:58:20.843Z
greenhouse	https://job-boards.greenhouse.io/jobapplication	1	2026-09-28T06:58:20.843Z
greenhouse	https://job-boards.greenhouse.io/jobber	1	2026-09-28T06:58:20.861Z
greenhouse	https://job-boards.greenhouse.io/jobget	1	2026-09-28T06:58:20.862Z
greenhouse	https://job-boards.greenhouse.io/jobleads	1	2026-09-28T06:58:20.865Z
greenhouse	https://job-boards.greenhouse.io/jobox	1	2026-09-28T06:58:20.863Z
greenhouse	https://job-boards.greenhouse.io/join	1	2026-09-28T06:58:20.926Z
greenhouse	https://job-boards.greenhouse.io/join3yhealth	1	2026-09-28T06:58:20.944Z
greenhouse	https://job-boards.greenhouse.io/joincommonroom	1	2026-09-28T06:58:20.943Z
greenhouse	https://job-boards.greenhouse.io/joinempowernation	1	2026-09-28T06:58:20.966Z
greenhouse	https://job-boards.greenhouse.io/joinforage	1	2026-09-28T06:58:20.962Z
greenhouse	https://job-boards.greenhouse.io/joinhandshake	1	2026-09-28T06:58:20.985Z
greenhouse	https://job-boards.greenhouse.io/joinpaxos	1	2026-09-28T06:58:21.002Z
greenhouse	https://job-boards.greenhouse.io/joinresolutepsychiatry	1	2026-09-28T06:58:21.008Z
greenhouse	https://job-boards.greenhouse.io/joinsharenow	1	2026-09-28T06:58:21.020Z
greenhouse	https://job-boards.greenhouse.io/joinunifiedvision	1	2026-09-28T06:58:21.035Z
greenhouse	https://job-boards.greenhouse.io/joinuplift	1	2026-09-28T06:58:21.034Z
greenhouse	https://job-boards.greenhouse.io/jornaya	1	2026-09-28T06:58:21.055Z
greenhouse	https://job-boards.greenhouse.io/journee	1	2026-09-28T06:58:21.077Z
greenhouse	https://job-boards.greenhouse.io/joy	1	2026-09-28T06:58:21.092Z
greenhouse	https://job-boards.greenhouse.io/juaai	1	2026-09-28T06:58:21.146Z
greenhouse	https://job-boards.greenhouse.io/jumo	1	2026-09-28T06:58:21.226Z
greenhouse	https://job-boards.greenhouse.io/jumpstart	1	2026-09-28T06:58:21.243Z
greenhouse	https://job-boards.greenhouse.io/junglescout	1	2026-09-28T06:58:21.254Z
greenhouse	https://job-boards.greenhouse.io/jungroup	1	2026-09-28T06:58:21.256Z
greenhouse	https://job-boards.greenhouse.io/junomedical	1	2026-09-28T06:58:21.338Z
greenhouse	https://job-boards.greenhouse.io/jwplayer	1	2026-09-28T06:58:21.491Z
greenhouse	https://job-boards.greenhouse.io/kadenallc	1	2026-09-28T06:58:21.492Z
greenhouse	https://job-boards.greenhouse.io/kaiahealth	1	2026-09-28T06:58:21.511Z
greenhouse	https://job-boards.greenhouse.io/kaiahealthsoftwaregmbh	1	2026-09-28T06:58:21.520Z
greenhouse	https://job-boards.greenhouse.io/kaikosystems	1	2026-09-28T06:58:21.513Z
greenhouse	https://job-boards.greenhouse.io/kajabi	1	2026-09-28T06:58:21.543Z
greenhouse	https://job-boards.greenhouse.io/kakaomobility	1	2026-09-28T06:58:21.582Z
greenhouse	https://job-boards.greenhouse.io/kaleris	1	2026-09-28T06:58:21.607Z
greenhouse	https://job-boards.greenhouse.io/kandola	1	2026-09-28T06:58:21.778Z
greenhouse	https://job-boards.greenhouse.io/karunatherapeutics	1	2026-09-28T06:58:21.883Z
greenhouse	https://job-boards.greenhouse.io/kasaliving	1	2026-09-28T06:58:21.902Z
greenhouse	https://job-boards.greenhouse.io/kasian	1	2026-09-28T06:58:21.928Z
greenhouse	https://job-boards.greenhouse.io/katrisk	1	2026-09-28T06:58:22.010Z
greenhouse	https://job-boards.greenhouse.io/kava	1	2026-09-28T06:58:22.011Z
greenhouse	https://job-boards.greenhouse.io/kca	1	2026-09-28T06:58:22.052Z
greenhouse	https://job-boards.greenhouse.io/keap	1	2026-09-28T06:58:22.078Z
greenhouse	https://job-boards.greenhouse.io/keeptruckin	1	2026-09-28T06:58:22.149Z
greenhouse	https://job-boards.greenhouse.io/keylinespa	1	2026-09-28T06:58:22.299Z
greenhouse	https://job-boards.greenhouse.io/keyme	1	2026-09-28T06:58:22.299Z
greenhouse	https://job-boards.greenhouse.io/khealth	1	2026-09-28T06:58:22.333Z
greenhouse	https://job-boards.greenhouse.io/kicksaw	1	2026-09-28T06:58:22.352Z
greenhouse	https://job-boards.greenhouse.io/kilpatricktownsendstocktonllp	1	2026-09-28T06:58:22.359Z
greenhouse	https://job-boards.greenhouse.io/kinaxis	1	2026-09-28T06:58:22.383Z
greenhouse	https://job-boards.greenhouse.io/kindbody	1	2026-09-28T06:58:22.409Z
greenhouse	https://job-boards.greenhouse.io/kindo	1	2026-09-28T06:58:22.410Z
greenhouse	https://job-boards.greenhouse.io/kinesys	1	2026-09-28T06:58:22.431Z
greenhouse	https://job-boards.greenhouse.io/kinetic	1	2026-09-28T06:58:22.434Z
greenhouse	https://job-boards.greenhouse.io/kineticcommunities	1	2026-09-28T06:58:22.475Z
greenhouse	https://job-boards.greenhouse.io/kineticenginesystems	1	2026-09-28T06:58:22.476Z
greenhouse	https://job-boards.greenhouse.io/kininsurance	1	2026-09-28T06:58:22.494Z
greenhouse	https://job-boards.greenhouse.io/kinneygroup	1	2026-09-28T06:58:22.498Z
greenhouse	https://job-boards.greenhouse.io/kins	1	2026-09-28T06:58:22.496Z
greenhouse	https://job-boards.greenhouse.io/kinship	1	2026-09-28T06:58:22.498Z
greenhouse	https://job-boards.greenhouse.io/kintentinc	1	2026-09-28T06:58:22.512Z
greenhouse	https://job-boards.greenhouse.io/kintsugi	1	2026-09-28T06:58:22.515Z
greenhouse	https://job-boards.greenhouse.io/kion	1	2026-09-28T06:58:22.515Z
greenhouse	https://job-boards.greenhouse.io/kiosk	1	2026-09-28T06:58:22.516Z
greenhouse	https://job-boards.greenhouse.io/kisbeetherapeutics	1	2026-09-28T06:58:22.520Z
greenhouse	https://job-boards.greenhouse.io/kit	1	2026-09-28T06:58:22.527Z
greenhouse	https://job-boards.greenhouse.io/kittycad	1	2026-09-28T06:58:22.535Z
greenhouse	https://job-boards.greenhouse.io/kkr	1	2026-09-28T06:58:22.551Z
greenhouse	https://job-boards.greenhouse.io/klaratechnologies	1	2026-09-28T06:58:22.557Z
greenhouse	https://job-boards.greenhouse.io/kleerandmembersy	1	2026-09-28T06:58:22.569Z
greenhouse	https://job-boards.greenhouse.io/klir	1	2026-09-28T06:58:22.569Z
greenhouse	https://job-boards.greenhouse.io/kloo	1	2026-09-28T06:58:22.575Z
greenhouse	https://job-boards.greenhouse.io/knab	1	2026-09-28T06:58:22.590Z
greenhouse	https://job-boards.greenhouse.io/knoetic	1	2026-09-28T06:58:22.609Z
greenhouse	https://job-boards.greenhouse.io/knotel	1	2026-09-28T06:58:22.610Z
greenhouse	https://job-boards.greenhouse.io/knotstandard	1	2026-09-28T06:58:22.686Z
greenhouse	https://job-boards.greenhouse.io/knowde	1	2026-09-28T06:58:22.688Z
greenhouse	https://job-boards.greenhouse.io/kobaltmusicgroup	1	2026-09-28T06:58:22.707Z
greenhouse	https://job-boards.greenhouse.io/kobie	1	2026-09-28T06:58:22.708Z
greenhouse	https://job-boards.greenhouse.io/kodiakcakes	1	2026-09-28T06:58:22.747Z
greenhouse	https://job-boards.greenhouse.io/koho	1	2026-09-28T06:58:22.799Z
greenhouse	https://job-boards.greenhouse.io/kojotechnologies	1	2026-09-28T06:58:22.767Z
greenhouse	https://job-boards.greenhouse.io/kolena	1	2026-09-28T06:58:22.800Z
greenhouse	https://job-boards.greenhouse.io/koniku	1	2026-09-28T06:58:22.819Z
greenhouse	https://job-boards.greenhouse.io/kontist	1	2026-09-28T06:58:22.821Z
greenhouse	https://job-boards.greenhouse.io/kony	1	2026-09-28T06:58:22.852Z
greenhouse	https://job-boards.greenhouse.io/korukids	1	2026-09-28T06:58:22.856Z
greenhouse	https://job-boards.greenhouse.io/kovitz	1	2026-09-28T06:58:22.880Z
greenhouse	https://job-boards.greenhouse.io/kraftheinz	1	2026-09-28T06:58:22.881Z
greenhouse	https://job-boards.greenhouse.io/kronosbio	1	2026-09-28T06:58:22.907Z
greenhouse	https://job-boards.greenhouse.io/kuncie	1	2026-09-28T06:58:22.964Z
greenhouse	https://job-boards.greenhouse.io/kurrent	1	2026-09-28T06:58:22.982Z
greenhouse	https://job-boards.greenhouse.io/kurtosis	1	2026-09-28T06:58:22.985Z
greenhouse	https://job-boards.greenhouse.io/kustomer	1	2026-09-28T06:58:22.993Z
greenhouse	https://job-boards.greenhouse.io/kwittken	1	2026-09-28T06:58:23.002Z
greenhouse	https://job-boards.greenhouse.io/kxadvisors	1	2026-09-28T06:58:23.013Z
greenhouse	https://job-boards.greenhouse.io/l5	1	2026-09-28T06:58:23.044Z
greenhouse	https://job-boards.greenhouse.io/la2028	1	2026-09-28T06:58:23.066Z
greenhouse	https://job-boards.greenhouse.io/lakesidesoftware	1	2026-09-28T06:58:23.172Z
greenhouse	https://job-boards.greenhouse.io/lambda	1	2026-09-28T06:58:23.236Z
greenhouse	https://job-boards.greenhouse.io/lana	1	2026-09-28T06:58:23.237Z
greenhouse	https://job-boards.greenhouse.io/landis	1	2026-09-28T06:58:23.253Z
greenhouse	https://job-boards.greenhouse.io/langai	1	2026-09-28T06:58:23.267Z
greenhouse	https://job-boards.greenhouse.io/lantern	1	2026-09-28T06:58:23.286Z
greenhouse	https://job-boards.greenhouse.io/lastline	1	2026-09-28T06:58:23.316Z
greenhouse	https://job-boards.greenhouse.io/latam	1	2026-09-28T06:58:23.472Z
greenhouse	https://job-boards.greenhouse.io/latchbio	1	2026-09-28T06:58:23.344Z
greenhouse	https://job-boards.greenhouse.io/latentai	1	2026-09-28T06:58:23.345Z
greenhouse	https://job-boards.greenhouse.io/laudioinc	1	2026-09-28T06:58:23.370Z
greenhouse	https://job-boards.greenhouse.io/laurel	1	2026-09-28T06:58:23.501Z
greenhouse	https://job-boards.greenhouse.io/layrlabs	1	2026-09-28T06:58:23.517Z
greenhouse	https://job-boards.greenhouse.io/lcgboston	1	2026-09-28T06:58:23.527Z
greenhouse	https://job-boards.greenhouse.io/leafguard	1	2026-09-28T06:58:23.546Z
greenhouse	https://job-boards.greenhouse.io/leaftfoods	1	2026-09-28T06:58:23.565Z
greenhouse	https://job-boards.greenhouse.io/leanix	1	2026-09-28T06:58:23.620Z
greenhouse	https://job-boards.greenhouse.io/leanixjobs	1	2026-09-28T06:58:23.587Z
greenhouse	https://job-boards.greenhouse.io/learfieldimgcollege	1	2026-09-28T06:58:23.611Z
greenhouse	https://job-boards.greenhouse.io/leaseweb	1	2026-09-28T06:58:23.663Z
greenhouse	https://job-boards.greenhouse.io/leddartech	1	2026-09-28T06:58:23.674Z
greenhouse	https://job-boards.greenhouse.io/ledgerinvesting	1	2026-09-28T06:58:23.681Z
greenhouse	https://job-boards.greenhouse.io/ledgestone	1	2026-09-28T06:58:23.679Z
greenhouse	https://job-boards.greenhouse.io/leftcoastventures	1	2026-09-28T06:58:23.694Z
greenhouse	https://job-boards.greenhouse.io/leiainc	1	2026-09-28T06:58:23.747Z
greenhouse	https://job-boards.greenhouse.io/lemonlightmediainc	1	2026-09-28T06:58:23.797Z
greenhouse	https://job-boards.greenhouse.io/lendinghome	1	2026-09-28T06:58:23.814Z
greenhouse	https://job-boards.greenhouse.io/letgo	1	2026-09-28T06:58:23.834Z
greenhouse	https://job-boards.greenhouse.io/letote	1	2026-09-28T06:58:23.856Z
greenhouse	https://job-boards.greenhouse.io/letsgetchecked	1	2026-09-28T06:58:23.857Z
greenhouse	https://job-boards.greenhouse.io/level	1	2026-09-28T06:58:23.893Z
greenhouse	https://job-boards.greenhouse.io/levelhome	1	2026-09-28T06:58:23.912Z
greenhouse	https://job-boards.greenhouse.io/leverage	1	2026-09-28T06:58:23.924Z
greenhouse	https://job-boards.greenhouse.io/lexer	1	2026-09-28T06:58:23.943Z
greenhouse	https://job-boards.greenhouse.io/lexion	1	2026-09-28T06:58:24.004Z
greenhouse	https://job-boards.greenhouse.io/lextech	1	2026-09-28T06:58:23.967Z
greenhouse	https://job-boards.greenhouse.io/lgcypower	1	2026-09-28T06:58:23.967Z
greenhouse	https://job-boards.greenhouse.io/lhv	1	2026-09-28T06:58:24.003Z
greenhouse	https://job-boards.greenhouse.io/lifehouse	1	2026-09-28T06:58:24.116Z
greenhouse	https://job-boards.greenhouse.io/lightblocks	1	2026-09-28T06:58:24.165Z
greenhouse	https://job-boards.greenhouse.io/lightforgegames	1	2026-09-28T06:58:24.188Z
greenhouse	https://job-boards.greenhouse.io/lightship	1	2026-09-28T06:58:24.276Z
greenhouse	https://job-boards.greenhouse.io/lightspeedhq	1	2026-09-28T06:58:24.286Z
greenhouse	https://job-boards.greenhouse.io/lightspeedhqfr	1	2026-09-28T06:58:24.298Z
greenhouse	https://job-boards.greenhouse.io/lightspeedmanagementcompanyllc	1	2026-09-28T06:58:24.319Z
greenhouse	https://job-boards.greenhouse.io/lila	1	2026-09-28T06:58:24.342Z
greenhouse	https://job-boards.greenhouse.io/lilacsolutionsinc	1	2026-09-28T06:58:24.357Z
greenhouse	https://job-boards.greenhouse.io/lilium	1	2026-09-28T06:58:24.363Z
greenhouse	https://job-boards.greenhouse.io/lilyai	1	2026-09-28T06:58:24.365Z
greenhouse	https://job-boards.greenhouse.io/limeade	1	2026-09-28T06:58:24.374Z
greenhouse	https://job-boards.greenhouse.io/limelightsteel	1	2026-09-28T06:58:24.378Z
greenhouse	https://job-boards.greenhouse.io/liminalinsightsinc	1	2026-09-28T06:58:24.381Z
greenhouse	https://job-boards.greenhouse.io/lincolnparkguidepostmontessori	1	2026-09-28T06:58:24.416Z
greenhouse	https://job-boards.greenhouse.io/lineagefinance	1	2026-09-28T06:58:24.432Z
greenhouse	https://job-boards.greenhouse.io/lineleap	1	2026-09-28T06:58:24.436Z
greenhouse	https://job-boards.greenhouse.io/lingolive	1	2026-09-28T06:58:24.454Z
greenhouse	https://job-boards.greenhouse.io/lingumi	1	2026-09-28T06:58:24.457Z
greenhouse	https://job-boards.greenhouse.io/linkfire	1	2026-09-28T06:58:24.479Z
greenhouse	https://job-boards.greenhouse.io/linksdao	1	2026-09-28T06:58:24.497Z
greenhouse	https://job-boards.greenhouse.io/linushealth	1	2026-09-28T06:58:24.506Z
greenhouse	https://job-boards.greenhouse.io/linx	1	2026-09-28T06:58:24.510Z
greenhouse	https://job-boards.greenhouse.io/lionpoint	1	2026-09-28T06:58:24.514Z
greenhouse	https://job-boards.greenhouse.io/liquidinstruments	1	2026-09-28T06:58:24.532Z
greenhouse	https://job-boards.greenhouse.io/lithium	1	2026-09-28T06:58:24.597Z
greenhouse	https://job-boards.greenhouse.io/lithosenergy	1	2026-09-28T06:58:24.597Z
greenhouse	https://job-boards.greenhouse.io/litmus46	1	2026-09-28T06:58:24.615Z
greenhouse	https://job-boards.greenhouse.io/littleotter	1	2026-09-28T06:58:24.647Z
greenhouse	https://job-boards.greenhouse.io/littlewisekids	1	2026-09-28T06:58:24.648Z
greenhouse	https://job-boards.greenhouse.io/liveintent	1	2026-09-28T06:58:24.670Z
greenhouse	https://job-boards.greenhouse.io/lively	1	2026-09-28T06:58:24.670Z
greenhouse	https://job-boards.greenhouse.io/livelyhearingcorporation	1	2026-09-28T06:58:24.698Z
greenhouse	https://job-boards.greenhouse.io/liveplanet	1	2026-09-28T06:58:24.696Z
greenhouse	https://job-boards.greenhouse.io/liveramp	1	2026-09-28T06:58:24.707Z
greenhouse	https://job-boards.greenhouse.io/livestream	1	2026-09-28T06:58:24.716Z
greenhouse	https://job-boards.greenhouse.io/livingstonassociates	1	2026-09-28T06:58:24.726Z
greenhouse	https://job-boards.greenhouse.io/livongo	1	2026-09-28T06:58:24.735Z
greenhouse	https://job-boards.greenhouse.io/lizzycare	1	2026-09-28T06:58:24.744Z
greenhouse	https://job-boards.greenhouse.io/localehospitality	1	2026-09-28T06:58:24.798Z
greenhouse	https://job-boards.greenhouse.io/localytics	1	2026-09-28T06:58:24.830Z
greenhouse	https://job-boards.greenhouse.io/localyze	1	2026-09-28T06:58:24.819Z
greenhouse	https://job-boards.greenhouse.io/loftvagas	1	2026-09-28T06:58:24.888Z
greenhouse	https://job-boards.greenhouse.io/logdna	1	2026-09-28T06:58:24.929Z
greenhouse	https://job-boards.greenhouse.io/logichub	1	2026-09-28T06:58:24.953Z
greenhouse	https://job-boards.greenhouse.io/logikcull	1	2026-09-28T06:58:24.975Z
greenhouse	https://job-boards.greenhouse.io/logiwacareers	1	2026-09-28T06:58:24.996Z
greenhouse	https://job-boards.greenhouse.io/logixboard	1	2026-09-28T06:58:25.014Z
greenhouse	https://job-boards.greenhouse.io/loominc	1	2026-09-28T06:58:25.598Z
greenhouse	https://job-boards.greenhouse.io/loop	1	2026-09-28T06:58:25.603Z
greenhouse	https://job-boards.greenhouse.io/loverboy	1	2026-09-28T06:58:25.696Z
greenhouse	https://job-boards.greenhouse.io/lovetoknowmedia	1	2026-09-28T06:58:25.697Z
greenhouse	https://job-boards.greenhouse.io/loyal	1	2026-09-28T06:58:25.701Z
greenhouse	https://job-boards.greenhouse.io/luckylincolngaming	1	2026-09-28T06:58:26.431Z
greenhouse	https://job-boards.greenhouse.io/luganodiamonds	1	2026-09-28T06:58:26.452Z
greenhouse	https://job-boards.greenhouse.io/lula	1	2026-09-28T06:58:26.447Z
greenhouse	https://job-boards.greenhouse.io/lumenorbit	1	2026-09-28T06:58:26.475Z
greenhouse	https://job-boards.greenhouse.io/luminar	1	2026-09-28T06:58:26.493Z
greenhouse	https://job-boards.greenhouse.io/lumos	1	2026-09-28T06:58:26.514Z
greenhouse	https://job-boards.greenhouse.io/lunchbox	1	2026-09-28T06:58:26.630Z
greenhouse	https://job-boards.greenhouse.io/lydalltas	1	2026-09-28T06:58:26.674Z
greenhouse	https://job-boards.greenhouse.io/lygosinc	1	2026-09-28T06:58:26.908Z
greenhouse	https://job-boards.greenhouse.io/m1finance	1	2026-09-28T06:58:27.293Z
greenhouse	https://job-boards.greenhouse.io/macadamian	1	2026-09-28T06:58:27.462Z
greenhouse	https://job-boards.greenhouse.io/macrometa	1	2026-09-28T06:58:27.488Z
greenhouse	https://job-boards.greenhouse.io/madhive	1	2026-09-28T06:58:27.503Z
greenhouse	https://job-boards.greenhouse.io/maev	1	2026-09-28T06:58:27.598Z
greenhouse	https://job-boards.greenhouse.io/magiceden	1	2026-09-28T06:58:27.599Z
greenhouse	https://job-boards.greenhouse.io/magicleap	1	2026-09-28T06:58:27.616Z
greenhouse	https://job-boards.greenhouse.io/magicleapinc	1	2026-09-28T06:58:27.623Z
greenhouse	https://job-boards.greenhouse.io/magna	1	2026-09-28T06:58:27.624Z
greenhouse	https://job-boards.greenhouse.io/magnoliabakery	1	2026-09-28T06:58:27.622Z
greenhouse	https://job-boards.greenhouse.io/magoosh	1	2026-09-28T06:58:27.635Z
greenhouse	https://job-boards.greenhouse.io/mailchimp	1	2026-09-28T06:58:27.648Z
greenhouse	https://job-boards.greenhouse.io/mainstreethub	1	2026-09-28T06:58:27.655Z
greenhouse	https://job-boards.greenhouse.io/maintainx	1	2026-09-28T06:58:27.670Z
greenhouse	https://job-boards.greenhouse.io/majorleaguebaseballadvancedmedia	1	2026-09-28T06:58:27.671Z
greenhouse	https://job-boards.greenhouse.io/makerdao	1	2026-09-28T06:58:27.693Z
greenhouse	https://job-boards.greenhouse.io/makeship	1	2026-09-28T06:58:27.701Z
greenhouse	https://job-boards.greenhouse.io/mammothgrowth	1	2026-09-28T06:58:27.712Z
greenhouse	https://job-boards.greenhouse.io/managedbyq	1	2026-09-28T06:58:27.722Z
greenhouse	https://job-boards.greenhouse.io/manoproject	1	2026-09-28T06:58:27.762Z
greenhouse	https://job-boards.greenhouse.io/manticoregames	1	2026-09-28T06:58:27.768Z
greenhouse	https://job-boards.greenhouse.io/mantle	1	2026-09-28T06:58:27.787Z
greenhouse	https://job-boards.greenhouse.io/manufactured	1	2026-09-28T06:58:27.791Z
greenhouse	https://job-boards.greenhouse.io/mapbox	1	2026-09-28T06:58:27.812Z
greenhouse	https://job-boards.greenhouse.io/maple	1	2026-09-28T06:58:27.827Z
greenhouse	https://job-boards.greenhouse.io/mara	1	2026-09-28T06:58:27.866Z
greenhouse	https://job-boards.greenhouse.io/marathondigitalholdings	1	2026-09-28T06:58:27.882Z
greenhouse	https://job-boards.greenhouse.io/markerlearning	1	2026-09-28T06:58:27.912Z
greenhouse	https://job-boards.greenhouse.io/marketmuse	1	2026-09-28T06:58:27.930Z
greenhouse	https://job-boards.greenhouse.io/marqeta	1	2026-09-28T06:58:27.990Z
greenhouse	https://job-boards.greenhouse.io/marsdiscoverydistrict	1	2026-09-28T06:58:28.017Z
greenhouse	https://job-boards.greenhouse.io/martinaireaviation	1	2026-09-28T06:58:28.029Z
greenhouse	https://job-boards.greenhouse.io/mason	1	2026-09-28T06:58:28.110Z
greenhouse	https://job-boards.greenhouse.io/masonhub	1	2026-09-28T06:58:28.213Z
greenhouse	https://job-boards.greenhouse.io/mast	1	2026-09-28T06:58:28.111Z
greenhouse	https://job-boards.greenhouse.io/mastercardfoundation	1	2026-09-28T06:58:28.131Z
greenhouse	https://job-boards.greenhouse.io/mastercardfoundationelev	1	2026-09-28T06:58:28.132Z
greenhouse	https://job-boards.greenhouse.io/mastercardfoundationscholars	1	2026-09-28T06:58:28.130Z
greenhouse	https://job-boards.greenhouse.io/materialevolution	1	2026-09-28T06:58:28.151Z
greenhouse	https://job-boards.greenhouse.io/materialize	1	2026-09-28T06:58:28.172Z
greenhouse	https://job-boards.greenhouse.io/matianfirm	1	2026-09-28T06:58:28.214Z
greenhouse	https://job-boards.greenhouse.io/matrixx	1	2026-09-28T06:58:28.234Z
greenhouse	https://job-boards.greenhouse.io/matx	1	2026-09-28T06:58:28.298Z
greenhouse	https://job-boards.greenhouse.io/mavangroupinc	1	2026-09-28T06:58:28.282Z
greenhouse	https://job-boards.greenhouse.io/maven	1	2026-09-28T06:58:28.297Z
greenhouse	https://job-boards.greenhouse.io/maximon	1	2026-09-28T06:58:28.380Z
greenhouse	https://job-boards.greenhouse.io/maxrewards	1	2026-09-28T06:58:28.377Z
greenhouse	https://job-boards.greenhouse.io/mayfair	1	2026-09-28T06:58:28.385Z
greenhouse	https://job-boards.greenhouse.io/mccrayglobalprotectioncorp	1	2026-09-28T06:58:28.467Z
greenhouse	https://job-boards.greenhouse.io/mcculloughrobertson	1	2026-09-28T06:58:28.468Z
greenhouse	https://job-boards.greenhouse.io/mckinsey	1	2026-09-28T06:58:28.519Z
greenhouse	https://job-boards.greenhouse.io/meadowlark	1	2026-09-28T06:58:28.558Z
greenhouse	https://job-boards.greenhouse.io/mealpal	1	2026-09-28T06:58:28.569Z
greenhouse	https://job-boards.greenhouse.io/meandu	1	2026-09-28T06:58:28.569Z
greenhouse	https://job-boards.greenhouse.io/meaningfulgigs	1	2026-09-28T06:58:28.576Z
greenhouse	https://job-boards.greenhouse.io/meaningfulgigscreativecommunity	1	2026-09-28T06:58:28.584Z
greenhouse	https://job-boards.greenhouse.io/meaningfulgigscreativecommunitydesigndisciplines	1	2026-09-28T06:58:28.596Z
greenhouse	https://job-boards.greenhouse.io/meatifoods	1	2026-09-28T06:58:28.592Z
greenhouse	https://job-boards.greenhouse.io/medallion	1	2026-09-28T06:58:28.595Z
greenhouse	https://job-boards.greenhouse.io/medarrive	1	2026-09-28T06:58:28.625Z
greenhouse	https://job-boards.greenhouse.io/medecinssansfrontieres	1	2026-09-28T06:58:28.615Z
greenhouse	https://job-boards.greenhouse.io/mediacurrent	1	2026-09-28T06:58:28.651Z
greenhouse	https://job-boards.greenhouse.io/mediamonks	1	2026-09-28T06:58:28.672Z
greenhouse	https://job-boards.greenhouse.io/meditelecare	1	2026-09-28T06:58:28.718Z
greenhouse	https://job-boards.greenhouse.io/medlyhealth	1	2026-09-28T06:58:28.821Z
greenhouse	https://job-boards.greenhouse.io/medmainjp	1	2026-09-28T06:58:28.920Z
greenhouse	https://job-boards.greenhouse.io/medmen	1	2026-09-28T06:58:28.919Z
greenhouse	https://job-boards.greenhouse.io/meetelise	1	2026-09-28T06:58:28.938Z
greenhouse	https://job-boards.greenhouse.io/meltano	1	2026-09-28T06:58:28.954Z
greenhouse	https://job-boards.greenhouse.io/memed	1	2026-09-28T06:58:28.966Z
greenhouse	https://job-boards.greenhouse.io/memorahealth	1	2026-09-28T06:58:29.031Z
greenhouse	https://job-boards.greenhouse.io/memphismeats	1	2026-09-28T06:58:29.052Z
greenhouse	https://job-boards.greenhouse.io/memryx	1	2026-09-28T06:58:29.050Z
greenhouse	https://job-boards.greenhouse.io/mendel	1	2026-09-28T06:58:29.075Z
greenhouse	https://job-boards.greenhouse.io/menlosecurity	1	2026-09-28T06:58:29.074Z
greenhouse	https://job-boards.greenhouse.io/mento	1	2026-09-28T06:58:29.096Z
greenhouse	https://job-boards.greenhouse.io/menyala	1	2026-09-28T06:58:29.102Z
greenhouse	https://job-boards.greenhouse.io/merama	1	2026-09-28T06:58:29.113Z
greenhouse	https://job-boards.greenhouse.io/merchantesolutions	1	2026-09-28T06:58:29.136Z
greenhouse	https://job-boards.greenhouse.io/meridian	1	2026-09-28T06:58:29.214Z
greenhouse	https://job-boards.greenhouse.io/merit	1	2026-09-28T06:58:29.256Z
greenhouse	https://job-boards.greenhouse.io/mesamember	1	2026-09-28T06:58:29.302Z
greenhouse	https://job-boards.greenhouse.io/meshpayments	1	2026-09-28T06:58:29.301Z
greenhouse	https://job-boards.greenhouse.io/meshy	1	2026-09-28T06:58:29.309Z
greenhouse	https://job-boards.greenhouse.io/metaco	1	2026-09-28T06:58:29.327Z
greenhouse	https://job-boards.greenhouse.io/metadata	1	2026-09-28T06:58:29.337Z
greenhouse	https://job-boards.greenhouse.io/metagenomi	1	2026-09-28T06:58:29.342Z
greenhouse	https://job-boards.greenhouse.io/meter	1	2026-09-28T06:58:29.346Z
greenhouse	https://job-boards.greenhouse.io/metromile	1	2026-09-28T06:58:29.392Z
greenhouse	https://job-boards.greenhouse.io/mezmo	1	2026-09-28T06:58:29.456Z
greenhouse	https://job-boards.greenhouse.io/mezo	1	2026-09-28T06:58:29.493Z
greenhouse	https://job-boards.greenhouse.io/mfourmobileresearch	1	2026-09-28T06:58:32.182Z
greenhouse	https://job-boards.greenhouse.io/mgtinsurance	1	2026-09-28T06:58:29.567Z
greenhouse	https://job-boards.greenhouse.io/mic	1	2026-09-28T06:58:29.569Z
greenhouse	https://job-boards.greenhouse.io/micromeriticsinstrumentcorporation	1	2026-09-28T06:58:29.590Z
greenhouse	https://job-boards.greenhouse.io/microverse	1	2026-09-28T06:58:29.595Z
greenhouse	https://job-boards.greenhouse.io/midtowne	1	2026-09-28T06:58:29.615Z
greenhouse	https://job-boards.greenhouse.io/mightybuildings	1	2026-09-28T06:58:29.675Z
greenhouse	https://job-boards.greenhouse.io/migo	1	2026-09-28T06:58:29.706Z
greenhouse	https://job-boards.greenhouse.io/millenniumspacesystems	1	2026-09-28T06:58:29.725Z
greenhouse	https://job-boards.greenhouse.io/mindcaresolutions	1	2026-09-28T06:58:29.799Z
greenhouse	https://job-boards.greenhouse.io/mindfulcare	1	2026-09-28T06:58:29.820Z
greenhouse	https://job-boards.greenhouse.io/mindgym	1	2026-09-28T06:58:29.847Z
greenhouse	https://job-boards.greenhouse.io/mindmedicine	1	2026-09-28T06:58:29.859Z
greenhouse	https://job-boards.greenhouse.io/mindsdb	1	2026-09-28T06:58:29.859Z
greenhouse	https://job-boards.greenhouse.io/mindvalley	1	2026-09-28T06:58:32.275Z
greenhouse	https://job-boards.greenhouse.io/mineral	1	2026-09-28T06:58:29.903Z
greenhouse	https://job-boards.greenhouse.io/minthouse	1	2026-09-28T06:58:30.064Z
greenhouse	https://job-boards.greenhouse.io/mintmobile	1	2026-09-28T06:58:30.079Z
greenhouse	https://job-boards.greenhouse.io/minware	1	2026-09-28T06:58:30.083Z
greenhouse	https://job-boards.greenhouse.io/mirror	1	2026-09-28T06:58:30.211Z
greenhouse	https://job-boards.greenhouse.io/mishimoto	1	2026-09-28T06:58:30.398Z
greenhouse	https://job-boards.greenhouse.io/missionbio	1	2026-09-28T06:58:30.415Z
greenhouse	https://job-boards.greenhouse.io/missionzerotechnologies	1	2026-09-28T06:58:30.519Z
greenhouse	https://job-boards.greenhouse.io/mixhalo	1	2026-09-28T06:58:30.752Z
greenhouse	https://job-boards.greenhouse.io/mlmultiplecareerlocations	1	2026-09-28T06:58:31.101Z
greenhouse	https://job-boards.greenhouse.io/mncannabiscompany	1	2026-09-28T06:58:31.146Z
greenhouse	https://job-boards.greenhouse.io/mobi	1	2026-09-28T06:58:31.252Z
greenhouse	https://job-boards.greenhouse.io/modaoperandi	1	2026-09-28T06:58:31.440Z
greenhouse	https://job-boards.greenhouse.io/modeanalytics	1	2026-09-28T06:58:31.459Z
greenhouse	https://job-boards.greenhouse.io/modernizingmedicineinc	1	2026-09-28T06:58:31.629Z
greenhouse	https://job-boards.greenhouse.io/modularai	1	2026-09-28T06:58:31.699Z
greenhouse	https://job-boards.greenhouse.io/mojito	1	2026-09-28T06:58:31.921Z
greenhouse	https://job-boards.greenhouse.io/mojo	1	2026-09-28T06:58:31.937Z
greenhouse	https://job-boards.greenhouse.io/molecularassemblies	1	2026-09-28T06:58:31.960Z
greenhouse	https://job-boards.greenhouse.io/molecule	1	2026-09-28T06:58:31.977Z
greenhouse	https://job-boards.greenhouse.io/momatherapeutics	1	2026-09-28T06:58:32.088Z
greenhouse	https://job-boards.greenhouse.io/momenthouse	1	2026-09-28T06:58:32.130Z
greenhouse	https://job-boards.greenhouse.io/momentmarkets	1	2026-09-28T06:58:32.184Z
greenhouse	https://job-boards.greenhouse.io/monad	1	2026-09-28T06:58:32.238Z
greenhouse	https://job-boards.greenhouse.io/mondo	1	2026-09-28T06:58:32.259Z
greenhouse	https://job-boards.greenhouse.io/moneylion	1	2026-09-28T06:58:32.280Z
greenhouse	https://job-boards.greenhouse.io/monoceros	1	2026-09-28T06:58:32.302Z
greenhouse	https://job-boards.greenhouse.io/monthly	1	2026-09-28T06:58:32.463Z
greenhouse	https://job-boards.greenhouse.io/moonpay	1	2026-09-28T06:58:32.791Z
greenhouse	https://job-boards.greenhouse.io/moovelna	1	2026-09-28T06:58:32.813Z
greenhouse	https://job-boards.greenhouse.io/moovtechnologiesinc	1	2026-09-28T06:58:32.824Z
greenhouse	https://job-boards.greenhouse.io/moovx	1	2026-09-28T06:58:32.831Z
greenhouse	https://job-boards.greenhouse.io/morf3d	1	2026-09-28T06:58:32.876Z
greenhouse	https://job-boards.greenhouse.io/morsemicro	1	2026-09-28T06:58:32.872Z
greenhouse	https://job-boards.greenhouse.io/morty	1	2026-09-28T06:58:32.889Z
greenhouse	https://job-boards.greenhouse.io/mosaic	1	2026-09-28T06:58:32.899Z
greenhouse	https://job-boards.greenhouse.io/mosaicml	1	2026-09-28T06:58:32.906Z
greenhouse	https://job-boards.greenhouse.io/mosaictechnologiesgroup	1	2026-09-28T06:58:33.013Z
greenhouse	https://job-boards.greenhouse.io/mothflame	1	2026-09-28T06:58:33.014Z
greenhouse	https://job-boards.greenhouse.io/motimatic	1	2026-09-28T06:58:33.037Z
greenhouse	https://job-boards.greenhouse.io/motivpowersystems	1	2026-09-28T06:58:33.055Z
greenhouse	https://job-boards.greenhouse.io/motorefi	1	2026-09-28T06:58:33.057Z
greenhouse	https://job-boards.greenhouse.io/motortrendgroup	1	2026-09-28T06:58:33.084Z
greenhouse	https://job-boards.greenhouse.io/mountainsidetreatmentcenter	1	2026-09-28T06:58:33.102Z
greenhouse	https://job-boards.greenhouse.io/moveworks	1	2026-09-28T06:58:33.147Z
greenhouse	https://job-boards.greenhouse.io/movotobrokerage	1	2026-09-28T06:58:33.163Z
greenhouse	https://job-boards.greenhouse.io/moz	1	2026-09-28T06:58:33.175Z
greenhouse	https://job-boards.greenhouse.io/mparticle	1	2026-09-28T06:58:33.216Z
greenhouse	https://job-boards.greenhouse.io/mqreferrals	1	2026-09-28T06:58:33.235Z
greenhouse	https://job-boards.greenhouse.io/mrsool	1	2026-09-28T06:58:33.290Z
greenhouse	https://job-boards.greenhouse.io/msba	1	2026-09-28T06:58:33.296Z
greenhouse	https://job-boards.greenhouse.io/msfinternal	1	2026-09-28T06:58:33.319Z
greenhouse	https://job-boards.greenhouse.io/mudflap	1	2026-09-28T06:58:33.393Z
greenhouse	https://job-boards.greenhouse.io/multivista	1	2026-09-28T06:58:33.436Z
greenhouse	https://job-boards.greenhouse.io/mundipagg	1	2026-09-28T06:58:33.447Z
greenhouse	https://job-boards.greenhouse.io/mural	1	2026-09-28T06:58:33.469Z
greenhouse	https://job-boards.greenhouse.io/mursion	1	2026-09-28T06:58:33.489Z
greenhouse	https://job-boards.greenhouse.io/museumoficecream	1	2026-09-28T06:58:33.506Z
greenhouse	https://job-boards.greenhouse.io/mutiny	1	2026-09-28T06:58:33.509Z
greenhouse	https://job-boards.greenhouse.io/mutinyjobs	1	2026-09-28T06:58:33.525Z
greenhouse	https://job-boards.greenhouse.io/mux	1	2026-09-28T06:58:33.525Z
greenhouse	https://job-boards.greenhouse.io/mybrandforce	1	2026-09-28T06:58:33.587Z
greenhouse	https://job-boards.greenhouse.io/mybrandforceinternalpositions	1	2026-09-28T06:58:33.602Z
greenhouse	https://job-boards.greenhouse.io/mybrandforcereferrals	1	2026-09-28T06:58:33.609Z
greenhouse	https://job-boards.greenhouse.io/mycarrier	1	2026-09-28T06:58:33.615Z
greenhouse	https://job-boards.greenhouse.io/mycoworks	1	2026-09-28T06:58:33.659Z
greenhouse	https://job-boards.greenhouse.io/myforestfoods	1	2026-09-28T06:58:33.660Z
greenhouse	https://job-boards.greenhouse.io/mynd	1	2026-09-28T06:58:33.678Z
greenhouse	https://job-boards.greenhouse.io/myntra	1	2026-09-28T06:58:33.688Z
greenhouse	https://job-boards.greenhouse.io/myntraphoenix	1	2026-09-28T06:58:33.694Z
greenhouse	https://job-boards.greenhouse.io/myplanadvocate	1	2026-09-28T06:58:33.704Z
greenhouse	https://job-boards.greenhouse.io/myria	1	2026-09-28T06:58:33.710Z
greenhouse	https://job-boards.greenhouse.io/myshell	1	2026-09-28T06:58:33.774Z
greenhouse	https://job-boards.greenhouse.io/mysidewalk34	1	2026-09-28T06:58:33.727Z
greenhouse	https://job-boards.greenhouse.io/mystery	1	2026-09-28T06:58:33.727Z
greenhouse	https://job-boards.greenhouse.io/mythica	1	2026-09-28T06:58:33.747Z
greenhouse	https://job-boards.greenhouse.io/mythicalgames	1	2026-09-28T06:58:33.744Z
greenhouse	https://job-boards.greenhouse.io/myunidaysltd	1	2026-09-28T06:58:33.768Z
greenhouse	https://job-boards.greenhouse.io/mzwallace	1	2026-09-28T06:58:33.765Z
greenhouse	https://job-boards.greenhouse.io/n2cointernal	1	2026-09-28T06:58:33.837Z
greenhouse	https://job-boards.greenhouse.io/n2homeoffice	1	2026-09-28T06:58:33.858Z
greenhouse	https://job-boards.greenhouse.io/n2y	1	2026-09-28T06:58:33.878Z
greenhouse	https://job-boards.greenhouse.io/nacelle	1	2026-09-28T06:58:33.920Z
greenhouse	https://job-boards.greenhouse.io/nanonets	1	2026-09-28T06:58:33.996Z
greenhouse	https://job-boards.greenhouse.io/nanostring	1	2026-09-28T06:58:34.019Z
greenhouse	https://job-boards.greenhouse.io/napster	1	2026-09-28T06:58:34.040Z
greenhouse	https://job-boards.greenhouse.io/nasacademy	1	2026-09-28T06:58:34.046Z
greenhouse	https://job-boards.greenhouse.io/nationaldbs	1	2026-09-28T06:58:34.133Z
greenhouse	https://job-boards.greenhouse.io/nationbuilder	1	2026-09-28T06:58:34.253Z
greenhouse	https://job-boards.greenhouse.io/nativo	1	2026-09-28T06:58:34.308Z
greenhouse	https://job-boards.greenhouse.io/nautiluslabs	1	2026-09-28T06:58:34.346Z
greenhouse	https://job-boards.greenhouse.io/nauto	1	2026-09-28T06:58:34.363Z
greenhouse	https://job-boards.greenhouse.io/nava	1	2026-09-28T06:58:34.365Z
greenhouse	https://job-boards.greenhouse.io/navdy	1	2026-09-28T06:58:34.370Z
greenhouse	https://job-boards.greenhouse.io/navigationfund	1	2026-09-28T06:58:34.385Z
greenhouse	https://job-boards.greenhouse.io/navigatr	1	2026-09-28T06:58:34.394Z
greenhouse	https://job-boards.greenhouse.io/navigatrgroupinternal	1	2026-09-28T06:58:34.404Z
greenhouse	https://job-boards.greenhouse.io/navis	1	2026-09-28T06:58:34.403Z
greenhouse	https://job-boards.greenhouse.io/nayahomes	1	2026-09-28T06:58:34.422Z
greenhouse	https://job-boards.greenhouse.io/ncsoftwest	1	2026-09-28T06:58:34.439Z
greenhouse	https://job-boards.greenhouse.io/ncx	1	2026-09-28T06:58:34.461Z
greenhouse	https://job-boards.greenhouse.io/near	1	2026-09-28T06:58:34.461Z
greenhouse	https://job-boards.greenhouse.io/neara	1	2026-09-28T06:58:34.463Z
greenhouse	https://job-boards.greenhouse.io/nearby	1	2026-09-28T06:58:34.462Z
greenhouse	https://job-boards.greenhouse.io/nearsure	1	2026-09-28T06:58:34.487Z
greenhouse	https://job-boards.greenhouse.io/nedforct	1	2026-09-28T06:58:34.523Z
greenhouse	https://job-boards.greenhouse.io/neondatabase	1	2026-09-28T06:58:34.573Z
greenhouse	https://job-boards.greenhouse.io/neonkoi	1	2026-09-28T06:58:34.584Z
greenhouse	https://job-boards.greenhouse.io/neptunebio	1	2026-09-28T06:58:34.602Z
greenhouse	https://job-boards.greenhouse.io/nerdery	1	2026-09-28T06:58:34.621Z
greenhouse	https://job-boards.greenhouse.io/nerdwallet	1	2026-09-28T06:58:34.628Z
greenhouse	https://job-boards.greenhouse.io/nerdy	1	2026-09-28T06:58:34.630Z
greenhouse	https://job-boards.greenhouse.io/nesto	1	2026-09-28T06:58:34.679Z
greenhouse	https://job-boards.greenhouse.io/netflixanimation	1	2026-09-28T06:58:34.776Z
greenhouse	https://job-boards.greenhouse.io/nethermind	1	2026-09-28T06:58:34.936Z
greenhouse	https://job-boards.greenhouse.io/neuroblade	1	2026-09-28T06:58:35.080Z
greenhouse	https://job-boards.greenhouse.io/neuroflow	1	2026-09-28T06:58:35.111Z
greenhouse	https://job-boards.greenhouse.io/neuron	1	2026-09-28T06:58:35.144Z
greenhouse	https://job-boards.greenhouse.io/newstore	1	2026-09-28T06:58:35.305Z
greenhouse	https://job-boards.greenhouse.io/nexuscareers	1	2026-09-28T06:58:35.538Z
greenhouse	https://job-boards.greenhouse.io/nexxen	1	2026-09-28T06:58:35.549Z
greenhouse	https://job-boards.greenhouse.io/nflprivateposting	1	2026-09-28T06:58:35.560Z
greenhouse	https://job-boards.greenhouse.io/nfx	1	2026-09-28T06:58:35.562Z
greenhouse	https://job-boards.greenhouse.io/ngcash	1	2026-09-28T06:58:35.567Z
greenhouse	https://job-boards.greenhouse.io/nginx	1	2026-09-28T06:58:35.568Z
greenhouse	https://job-boards.greenhouse.io/niantic	1	2026-09-28T06:58:35.598Z
greenhouse	https://job-boards.greenhouse.io/nicehealthcare	1	2026-09-28T06:58:35.599Z
greenhouse	https://job-boards.greenhouse.io/nightfall	1	2026-09-28T06:58:35.643Z
greenhouse	https://job-boards.greenhouse.io/nikolalabs	1	2026-09-28T06:58:35.721Z
greenhouse	https://job-boards.greenhouse.io/nilotherapeutics	1	2026-09-28T06:58:35.722Z
greenhouse	https://job-boards.greenhouse.io/nimblegiant	1	2026-09-28T06:58:35.722Z
greenhouse	https://job-boards.greenhouse.io/nironmagnetics	1	2026-09-28T06:58:35.825Z
greenhouse	https://job-boards.greenhouse.io/nirvana	1	2026-09-28T06:58:35.826Z
greenhouse	https://job-boards.greenhouse.io/nobellfoods	1	2026-09-28T06:58:35.896Z
greenhouse	https://job-boards.greenhouse.io/nobl9	1	2026-09-28T06:58:35.899Z
greenhouse	https://job-boards.greenhouse.io/noble	1	2026-09-28T06:58:35.916Z
greenhouse	https://job-boards.greenhouse.io/nocdinc	1	2026-09-28T06:58:35.923Z
greenhouse	https://job-boards.greenhouse.io/nogginit	1	2026-09-28T06:58:35.933Z
greenhouse	https://job-boards.greenhouse.io/nohozephyrinc	1	2026-09-28T06:58:35.935Z
greenhouse	https://job-boards.greenhouse.io/nomad	1	2026-09-28T06:58:35.948Z
greenhouse	https://job-boards.greenhouse.io/nomadhomes	1	2026-09-28T06:58:35.955Z
greenhouse	https://job-boards.greenhouse.io/nomadlabs	1	2026-09-28T06:58:35.966Z
greenhouse	https://job-boards.greenhouse.io/nomatherapy	1	2026-09-28T06:58:35.981Z
greenhouse	https://job-boards.greenhouse.io/nomiso	1	2026-09-28T06:58:35.982Z
greenhouse	https://job-boards.greenhouse.io/noodle	1	2026-09-28T06:58:36.009Z
greenhouse	https://job-boards.greenhouse.io/noom	1	2026-09-28T06:58:36.024Z
greenhouse	https://job-boards.greenhouse.io/noorahealth	1	2026-09-28T06:58:36.047Z
greenhouse	https://job-boards.greenhouse.io/nori	1	2026-09-28T06:58:36.061Z
greenhouse	https://job-boards.greenhouse.io/northone	1	2026-09-28T06:58:36.072Z
greenhouse	https://job-boards.greenhouse.io/northrichland	1	2026-09-28T06:58:36.122Z
greenhouse	https://job-boards.greenhouse.io/northstar	1	2026-09-28T06:58:36.123Z
greenhouse	https://job-boards.greenhouse.io/notablecapcareers	1	2026-09-28T06:58:36.140Z
greenhouse	https://job-boards.greenhouse.io/notablehealth	1	2026-09-28T06:58:36.147Z
greenhouse	https://job-boards.greenhouse.io/notablelabs	1	2026-09-28T06:58:36.174Z
greenhouse	https://job-boards.greenhouse.io/notion	1	2026-09-28T06:58:36.190Z
greenhouse	https://job-boards.greenhouse.io/nourishingredients	1	2026-09-28T06:58:36.189Z
greenhouse	https://job-boards.greenhouse.io/novalabs	1	2026-09-28T06:58:36.209Z
greenhouse	https://job-boards.greenhouse.io/novetta	1	2026-09-28T06:58:36.226Z
greenhouse	https://job-boards.greenhouse.io/novig	1	2026-09-28T06:58:36.228Z
greenhouse	https://job-boards.greenhouse.io/novo	1	2026-09-28T06:58:36.258Z
greenhouse	https://job-boards.greenhouse.io/novy	1	2026-09-28T06:58:36.259Z
greenhouse	https://job-boards.greenhouse.io/nstech	1	2026-09-28T06:58:36.280Z
greenhouse	https://job-boards.greenhouse.io/ntop	1	2026-09-28T06:58:36.297Z
greenhouse	https://job-boards.greenhouse.io/ntx	1	2026-09-28T06:58:36.333Z
greenhouse	https://job-boards.greenhouse.io/nuclearpromisex	1	2026-09-28T06:58:36.354Z
greenhouse	https://job-boards.greenhouse.io/nugget	1	2026-09-28T06:58:36.363Z
greenhouse	https://job-boards.greenhouse.io/nulogy	1	2026-09-28T06:58:36.390Z
greenhouse	https://job-boards.greenhouse.io/numeradecareers	1	2026-09-28T06:58:36.424Z
greenhouse	https://job-boards.greenhouse.io/numohealthcurieai	1	2026-09-28T06:58:36.434Z
greenhouse	https://job-boards.greenhouse.io/nuna	1	2026-09-28T06:58:36.443Z
greenhouse	https://job-boards.greenhouse.io/nursedash	1	2026-09-28T06:58:36.458Z
greenhouse	https://job-boards.greenhouse.io/nutrabolt	1	2026-09-28T06:58:36.461Z
greenhouse	https://job-boards.greenhouse.io/nuview	1	2026-09-28T06:58:36.499Z
greenhouse	https://job-boards.greenhouse.io/nuvocargo	1	2026-09-28T06:58:36.506Z
greenhouse	https://job-boards.greenhouse.io/nyanheroes	1	2026-09-28T06:58:36.522Z
greenhouse	https://job-boards.greenhouse.io/nylas	1	2026-09-28T06:58:36.589Z
greenhouse	https://job-boards.greenhouse.io/nzero	1	2026-09-28T06:58:36.620Z
greenhouse	https://job-boards.greenhouse.io/nzxt	1	2026-09-28T06:58:36.621Z
greenhouse	https://job-boards.greenhouse.io/o1labs	1	2026-09-28T06:58:36.621Z
greenhouse	https://job-boards.greenhouse.io/oasislabs	1	2026-09-28T06:58:36.640Z
greenhouse	https://job-boards.greenhouse.io/oasisnetwork	1	2026-09-28T06:58:36.639Z
greenhouse	https://job-boards.greenhouse.io/oasysinternationalcorporation89	1	2026-09-28T06:58:36.652Z
greenhouse	https://job-boards.greenhouse.io/obamafoundation	1	2026-09-28T06:58:36.666Z
greenhouse	https://job-boards.greenhouse.io/obefitness	1	2026-09-28T06:58:36.662Z
greenhouse	https://job-boards.greenhouse.io/objective	1	2026-09-28T06:58:36.683Z
greenhouse	https://job-boards.greenhouse.io/objectstream	1	2026-09-28T06:58:36.686Z
greenhouse	https://job-boards.greenhouse.io/ocadotechnology	1	2026-09-28T06:58:36.741Z
greenhouse	https://job-boards.greenhouse.io/octaneai	1	2026-09-28T06:58:36.768Z
greenhouse	https://job-boards.greenhouse.io/ocus	1	2026-09-28T06:58:36.798Z
greenhouse	https://job-boards.greenhouse.io/odkmediainc	1	2026-09-28T06:58:36.822Z
greenhouse	https://job-boards.greenhouse.io/odonate	1	2026-09-28T06:58:36.840Z
greenhouse	https://job-boards.greenhouse.io/odpcorp	1	2026-09-28T06:58:38.743Z
greenhouse	https://job-boards.greenhouse.io/ofallonguidepost	1	2026-09-28T06:58:36.859Z
greenhouse	https://job-boards.greenhouse.io/offensivesecurity	1	2026-09-28T06:58:36.862Z
greenhouse	https://job-boards.greenhouse.io/offerfit	1	2026-09-28T06:58:36.864Z
greenhouse	https://job-boards.greenhouse.io/ogdenguidepost	1	2026-09-28T06:58:36.901Z
greenhouse	https://job-boards.greenhouse.io/ogilvyjapan	1	2026-09-28T06:58:37.023Z
greenhouse	https://job-boards.greenhouse.io/ohi	1	2026-09-28T06:58:37.058Z
greenhouse	https://job-boards.greenhouse.io/ohmygreen	1	2026-09-28T06:58:37.062Z
greenhouse	https://job-boards.greenhouse.io/ojolabs	1	2026-09-28T06:58:37.069Z
greenhouse	https://job-boards.greenhouse.io/okcoin	1	2026-09-28T06:58:37.078Z
greenhouse	https://job-boards.greenhouse.io/okerainc	1	2026-09-28T06:58:37.079Z
greenhouse	https://job-boards.greenhouse.io/okex	1	2026-09-28T06:58:37.086Z
greenhouse	https://job-boards.greenhouse.io/okteto	1	2026-09-28T06:58:37.096Z
greenhouse	https://job-boards.greenhouse.io/oleria	1	2026-09-28T06:58:37.255Z
greenhouse	https://job-boards.greenhouse.io/oliverplus	1	2026-09-28T06:58:37.438Z
greenhouse	https://job-boards.greenhouse.io/olx	1	2026-09-28T06:58:37.530Z
greenhouse	https://job-boards.greenhouse.io/olympiacareers	1	2026-09-28T06:58:37.556Z
greenhouse	https://job-boards.greenhouse.io/om1	1	2026-09-28T06:58:37.557Z
greenhouse	https://job-boards.greenhouse.io/omaze	1	2026-09-28T06:58:37.581Z
greenhouse	https://job-boards.greenhouse.io/omgcamontreal	1	2026-09-28T06:58:37.760Z
greenhouse	https://job-boards.greenhouse.io/omgcamontrealfr	1	2026-09-28T06:58:38.835Z
greenhouse	https://job-boards.greenhouse.io/omguk	1	2026-09-28T06:58:37.787Z
greenhouse	https://job-boards.greenhouse.io/omnidata	1	2026-09-28T06:58:37.886Z
greenhouse	https://job-boards.greenhouse.io/omnifdn	1	2026-09-28T06:58:37.839Z
greenhouse	https://job-boards.greenhouse.io/omnionpower	1	2026-09-28T06:58:37.857Z
greenhouse	https://job-boards.greenhouse.io/omnipresent	1	2026-09-28T06:58:37.864Z
greenhouse	https://job-boards.greenhouse.io/oncai	1	2026-09-28T06:58:37.923Z
greenhouse	https://job-boards.greenhouse.io/ondeck	1	2026-09-28T06:58:38.064Z
greenhouse	https://job-boards.greenhouse.io/onecareers	1	2026-09-28T06:58:38.208Z
greenhouse	https://job-boards.greenhouse.io/onedegree	1	2026-09-28T06:58:38.436Z
greenhouse	https://job-boards.greenhouse.io/oneenergyrenewables	1	2026-09-28T06:58:38.252Z
greenhouse	https://job-boards.greenhouse.io/oneglobe	1	2026-09-28T06:58:38.301Z
greenhouse	https://job-boards.greenhouse.io/onehopeinc	1	2026-09-28T06:58:38.317Z
greenhouse	https://job-boards.greenhouse.io/onelocal	1	2026-09-28T06:58:39.003Z
greenhouse	https://job-boards.greenhouse.io/onelogin	1	2026-09-28T06:58:38.453Z
greenhouse	https://job-boards.greenhouse.io/onesignal	1	2026-09-28T06:58:38.823Z
greenhouse	https://job-boards.greenhouse.io/oni	1	2026-09-28T06:58:38.880Z
greenhouse	https://job-boards.greenhouse.io/onistudios	1	2026-09-28T06:58:38.899Z
greenhouse	https://job-boards.greenhouse.io/onna	1	2026-09-28T06:58:38.920Z
greenhouse	https://job-boards.greenhouse.io/onsiteiq	1	2026-09-28T06:58:39.090Z
greenhouse	https://job-boards.greenhouse.io/op3n	1	2026-09-28T06:58:39.228Z
greenhouse	https://job-boards.greenhouse.io/opaque	1	2026-09-28T06:58:39.953Z
greenhouse	https://job-boards.greenhouse.io/openai	1	2026-09-28T06:58:39.292Z
greenhouse	https://job-boards.greenhouse.io/opendoor	1	2026-09-28T06:58:39.387Z
greenhouse	https://job-boards.greenhouse.io/openfin95	1	2026-09-28T06:58:39.576Z
greenhouse	https://job-boards.greenhouse.io/openloop	1	2026-09-28T06:58:39.667Z
greenhouse	https://job-boards.greenhouse.io/openly	1	2026-09-28T06:58:39.688Z
greenhouse	https://job-boards.greenhouse.io/openmesh	1	2026-09-28T06:58:39.705Z
greenhouse	https://job-boards.greenhouse.io/openphone	1	2026-09-28T06:58:39.729Z
greenhouse	https://job-boards.greenhouse.io/openstore	1	2026-09-28T06:58:39.925Z
greenhouse	https://job-boards.greenhouse.io/operantai	1	2026-09-28T06:58:40.052Z
greenhouse	https://job-boards.greenhouse.io/oplabs	1	2026-09-28T06:58:41.465Z
greenhouse	https://job-boards.greenhouse.io/opskins	1	2026-09-28T06:58:40.162Z
greenhouse	https://job-boards.greenhouse.io/optera	1	2026-09-28T06:58:40.180Z
greenhouse	https://job-boards.greenhouse.io/optimism	1	2026-09-28T06:58:40.313Z
greenhouse	https://job-boards.greenhouse.io/optimismunlimited	1	2026-09-28T06:58:40.320Z
greenhouse	https://job-boards.greenhouse.io/optimustechnologies	1	2026-09-28T06:58:40.328Z
greenhouse	https://job-boards.greenhouse.io/optimylbenefits	1	2026-09-28T06:58:40.343Z
greenhouse	https://job-boards.greenhouse.io/optoro	1	2026-09-28T06:58:40.525Z
greenhouse	https://job-boards.greenhouse.io/opustone	1	2026-09-28T06:58:40.397Z
greenhouse	https://job-boards.greenhouse.io/orbitaltherapeutics	1	2026-09-28T06:58:40.578Z
greenhouse	https://job-boards.greenhouse.io/orbitfab	1	2026-09-28T06:58:40.597Z
greenhouse	https://job-boards.greenhouse.io/orderlynetwork	1	2026-09-28T06:58:40.692Z
greenhouse	https://job-boards.greenhouse.io/originfinancial	1	2026-09-28T06:58:40.737Z
greenhouse	https://job-boards.greenhouse.io/ornatherapeutics	1	2026-09-28T06:58:40.861Z
greenhouse	https://job-boards.greenhouse.io/orpc	1	2026-09-28T06:58:40.865Z
greenhouse	https://job-boards.greenhouse.io/orum	1	2026-09-28T06:58:40.905Z
greenhouse	https://job-boards.greenhouse.io/osmo	1	2026-09-28T06:58:40.984Z
greenhouse	https://job-boards.greenhouse.io/osmosisdex	1	2026-09-28T06:58:41.009Z
greenhouse	https://job-boards.greenhouse.io/ostrohealth	1	2026-09-28T06:58:41.035Z
greenhouse	https://job-boards.greenhouse.io/otainsightltd	1	2026-09-28T06:58:41.115Z
greenhouse	https://job-boards.greenhouse.io/othersideentertainment	1	2026-09-28T06:58:41.114Z
greenhouse	https://job-boards.greenhouse.io/otrium	1	2026-09-28T06:58:41.132Z
greenhouse	https://job-boards.greenhouse.io/otrtransportation	1	2026-09-28T06:58:41.145Z
greenhouse	https://job-boards.greenhouse.io/ottoaviation	1	2026-09-28T06:58:41.179Z
greenhouse	https://job-boards.greenhouse.io/outerbiosciences	1	2026-09-28T06:58:41.464Z
greenhouse	https://job-boards.greenhouse.io/outgo	1	2026-09-28T06:58:43.019Z
greenhouse	https://job-boards.greenhouse.io/outlier	1	2026-09-28T06:58:43.946Z
greenhouse	https://job-boards.greenhouse.io/outlier-growth	1	2026-09-28T06:58:41.501Z
greenhouse	https://job-boards.greenhouse.io/outlierai	1	2026-09-28T06:58:41.516Z
greenhouse	https://job-boards.greenhouse.io/outlierorg	1	2026-09-28T06:58:41.520Z
greenhouse	https://job-boards.greenhouse.io/outlierventures	1	2026-09-28T06:58:41.521Z
greenhouse	https://job-boards.greenhouse.io/output	1	2026-09-28T06:58:41.551Z
greenhouse	https://job-boards.greenhouse.io/outschool	1	2026-09-28T06:58:41.579Z
greenhouse	https://job-boards.greenhouse.io/over	1	2026-09-28T06:58:41.645Z
greenhouse	https://job-boards.greenhouse.io/overjet	1	2026-09-28T06:58:41.663Z
greenhouse	https://job-boards.greenhouse.io/overlandai	1	2026-09-28T06:58:41.665Z
greenhouse	https://job-boards.greenhouse.io/overtime	1	2026-09-28T06:58:41.689Z
greenhouse	https://job-boards.greenhouse.io/ovo	1	2026-09-28T06:58:41.685Z
greenhouse	https://job-boards.greenhouse.io/owkin	1	2026-09-28T06:58:41.709Z
greenhouse	https://job-boards.greenhouse.io/oxosmedical	1	2026-09-28T06:58:45.251Z
greenhouse	https://job-boards.greenhouse.io/oyster	1	2026-09-28T06:58:41.738Z
greenhouse	https://job-boards.greenhouse.io/pachyderm	1	2026-09-28T06:58:41.786Z
greenhouse	https://job-boards.greenhouse.io/paciolan	1	2026-09-28T06:58:41.831Z
greenhouse	https://job-boards.greenhouse.io/pactlabs	1	2026-09-28T06:58:41.884Z
greenhouse	https://job-boards.greenhouse.io/pactum	1	2026-09-28T06:58:42.089Z
greenhouse	https://job-boards.greenhouse.io/paddle	1	2026-09-28T06:58:41.944Z
greenhouse	https://job-boards.greenhouse.io/pagoda	1	2026-09-28T06:58:42.138Z
greenhouse	https://job-boards.greenhouse.io/paige	1	2026-09-28T06:58:42.155Z
greenhouse	https://job-boards.greenhouse.io/palmnftstudioinc	1	2026-09-28T06:58:42.233Z
greenhouse	https://job-boards.greenhouse.io/paloit	1	2026-09-28T06:58:42.242Z
greenhouse	https://job-boards.greenhouse.io/paltaltd	1	2026-09-28T06:58:42.283Z
greenhouse	https://job-boards.greenhouse.io/panasonicwell	1	2026-09-28T06:58:42.302Z
greenhouse	https://job-boards.greenhouse.io/pancreaticcanceractionnetwork	1	2026-09-28T06:58:42.322Z
greenhouse	https://job-boards.greenhouse.io/pangaea	1	2026-09-28T06:58:42.339Z
greenhouse	https://job-boards.greenhouse.io/pangea	1	2026-09-28T06:58:42.355Z
greenhouse	https://job-boards.greenhouse.io/pango	1	2026-09-28T06:58:44.161Z
greenhouse	https://job-boards.greenhouse.io/pano	1	2026-09-28T06:58:42.415Z
greenhouse	https://job-boards.greenhouse.io/panoramaed	1	2026-09-28T06:58:42.749Z
greenhouse	https://job-boards.greenhouse.io/paper	1	2026-09-28T06:58:43.280Z
greenhouse	https://job-boards.greenhouse.io/parabola	1	2026-09-28T06:58:43.436Z
greenhouse	https://job-boards.greenhouse.io/parade	1	2026-09-28T06:58:43.527Z
greenhouse	https://job-boards.greenhouse.io/paradeai	1	2026-09-28T06:58:43.601Z
greenhouse	https://job-boards.greenhouse.io/paradextrade	1	2026-09-28T06:58:43.621Z
greenhouse	https://job-boards.greenhouse.io/paradigm62	1	2026-09-28T06:58:43.690Z
greenhouse	https://job-boards.greenhouse.io/paradigminccareersopenpositions	1	2026-09-28T06:58:43.709Z
greenhouse	https://job-boards.greenhouse.io/paragonixtechnologies	1	2026-09-28T06:58:43.995Z
greenhouse	https://job-boards.greenhouse.io/parallaxvolatilityadvisers	1	2026-09-28T06:58:44.013Z
greenhouse	https://job-boards.greenhouse.io/parallelbio	1	2026-09-28T06:58:44.072Z
greenhouse	https://job-boards.greenhouse.io/parallelfinance	1	2026-09-28T06:58:44.089Z
greenhouse	https://job-boards.greenhouse.io/paralleljobs	1	2026-09-28T06:58:44.112Z
greenhouse	https://job-boards.greenhouse.io/paramountpallet	1	2026-09-28T06:58:44.142Z
greenhouse	https://job-boards.greenhouse.io/parento	1	2026-09-28T06:58:44.164Z
greenhouse	https://job-boards.greenhouse.io/parity	1	2026-09-28T06:58:44.185Z
greenhouse	https://job-boards.greenhouse.io/parker	1	2026-09-28T06:58:44.201Z
greenhouse	https://job-boards.greenhouse.io/parkerandace	1	2026-09-28T06:58:44.220Z
greenhouse	https://job-boards.greenhouse.io/parkmobileus	1	2026-09-28T06:58:44.219Z
greenhouse	https://job-boards.greenhouse.io/particle	1	2026-09-28T06:58:44.285Z
greenhouse	https://job-boards.greenhouse.io/particlehealth	1	2026-09-28T06:58:44.299Z
greenhouse	https://job-boards.greenhouse.io/partnerstack	1	2026-09-28T06:58:44.318Z
greenhouse	https://job-boards.greenhouse.io/partstech	1	2026-09-28T06:58:44.335Z
greenhouse	https://job-boards.greenhouse.io/pascal	1	2026-09-28T06:58:44.347Z
greenhouse	https://job-boards.greenhouse.io/passes	1	2026-09-28T06:58:44.356Z
greenhouse	https://job-boards.greenhouse.io/passport	1	2026-09-28T06:58:44.361Z
greenhouse	https://job-boards.greenhouse.io/path	1	2026-09-28T06:58:44.364Z
greenhouse	https://job-boards.greenhouse.io/patientpop	1	2026-09-28T06:58:44.433Z
greenhouse	https://job-boards.greenhouse.io/patreon	1	2026-09-28T06:58:44.447Z
greenhouse	https://job-boards.greenhouse.io/patterncareers	1	2026-09-28T06:58:44.491Z
greenhouse	https://job-boards.greenhouse.io/pavilion	1	2026-09-28T06:58:44.521Z
greenhouse	https://job-boards.greenhouse.io/pavilionpayments	1	2026-09-28T06:58:44.542Z
greenhouse	https://job-boards.greenhouse.io/pax8	1	2026-09-28T06:58:44.544Z
greenhouse	https://job-boards.greenhouse.io/paxful	1	2026-09-28T06:58:44.554Z
greenhouse	https://job-boards.greenhouse.io/paybyphone	1	2026-09-28T06:58:44.573Z
greenhouse	https://job-boards.greenhouse.io/paydo	1	2026-09-28T06:58:44.589Z
greenhouse	https://job-boards.greenhouse.io/paysend	1	2026-09-28T06:58:44.762Z
greenhouse	https://job-boards.greenhouse.io/paystack	1	2026-09-28T06:58:44.774Z
greenhouse	https://job-boards.greenhouse.io/paystackprivate4317	1	2026-09-28T06:58:44.782Z
greenhouse	https://job-boards.greenhouse.io/paytronix	1	2026-09-28T06:58:44.833Z
greenhouse	https://job-boards.greenhouse.io/pbs	1	2026-09-28T06:58:44.857Z
greenhouse	https://job-boards.greenhouse.io/pbsusa	1	2026-09-28T06:58:44.865Z
greenhouse	https://job-boards.greenhouse.io/pdmgroupasp	1	2026-09-28T06:58:44.876Z
greenhouse	https://job-boards.greenhouse.io/peachtreebioresearchsolutions	1	2026-09-28T06:58:45.079Z
greenhouse	https://job-boards.greenhouse.io/pearcommerce	1	2026-09-28T06:58:45.005Z
greenhouse	https://job-boards.greenhouse.io/pearlhealth	1	2026-09-28T06:58:45.076Z
greenhouse	https://job-boards.greenhouse.io/pebblelife	1	2026-09-28T06:58:45.077Z
greenhouse	https://job-boards.greenhouse.io/pecanai	1	2026-09-28T06:58:45.096Z
greenhouse	https://job-boards.greenhouse.io/peek	1	2026-09-28T06:58:45.110Z
greenhouse	https://job-boards.greenhouse.io/penrodsoftware	1	2026-09-28T06:58:45.242Z
greenhouse	https://job-boards.greenhouse.io/penumbralabs	1	2026-09-28T06:58:45.239Z
greenhouse	https://job-boards.greenhouse.io/peopledatalabs	1	2026-09-28T06:58:45.250Z
greenhouse	https://job-boards.greenhouse.io/peopledoc	1	2026-09-28T06:58:45.284Z
greenhouse	https://job-boards.greenhouse.io/pepperjam	1	2026-09-28T06:58:45.286Z
greenhouse	https://job-boards.greenhouse.io/perchenergycareers	1	2026-09-28T06:58:45.305Z
greenhouse	https://job-boards.greenhouse.io/perfectday	1	2026-09-28T06:58:45.311Z
greenhouse	https://job-boards.greenhouse.io/periscopedata	1	2026-09-28T06:58:45.365Z
greenhouse	https://job-boards.greenhouse.io/permutive	1	2026-09-28T06:58:45.365Z
greenhouse	https://job-boards.greenhouse.io/perplexityai	1	2026-09-28T06:58:45.384Z
greenhouse	https://job-boards.greenhouse.io/perrystreetsoftware	1	2026-09-28T06:58:45.386Z
greenhouse	https://job-boards.greenhouse.io/persado	1	2026-09-28T06:58:45.398Z
greenhouse	https://job-boards.greenhouse.io/persona	1	2026-09-28T06:58:45.427Z
greenhouse	https://job-boards.greenhouse.io/perspective	1	2026-09-28T06:58:45.444Z
greenhouse	https://job-boards.greenhouse.io/petdesk	1	2026-09-28T06:58:45.451Z
greenhouse	https://job-boards.greenhouse.io/petfolk	1	2026-09-28T06:58:45.456Z
greenhouse	https://job-boards.greenhouse.io/petuum	1	2026-09-28T06:58:45.462Z
greenhouse	https://job-boards.greenhouse.io/phantom45	1	2026-09-28T06:58:45.589Z
greenhouse	https://job-boards.greenhouse.io/pharmbills	1	2026-09-28T06:58:45.521Z
greenhouse	https://job-boards.greenhouse.io/phasefour	1	2026-09-28T06:58:45.568Z
greenhouse	https://job-boards.greenhouse.io/phcglobal	1	2026-09-28T06:58:45.588Z
greenhouse	https://job-boards.greenhouse.io/phenogy	1	2026-09-28T06:58:45.591Z
greenhouse	https://job-boards.greenhouse.io/philadelphiaphilliesrddepartment	1	2026-09-28T06:58:45.706Z
greenhouse	https://job-boards.greenhouse.io/philo	1	2026-09-28T06:58:45.710Z
greenhouse	https://job-boards.greenhouse.io/phoenixhydrogen	1	2026-09-28T06:58:45.733Z
greenhouse	https://job-boards.greenhouse.io/phonepe	1	2026-09-28T06:58:45.761Z
greenhouse	https://job-boards.greenhouse.io/phonic	1	2026-09-28T06:58:45.762Z
greenhouse	https://job-boards.greenhouse.io/phreesia	1	2026-09-28T06:58:45.761Z
greenhouse	https://job-boards.greenhouse.io/piclo	1	2026-09-28T06:58:45.820Z
greenhouse	https://job-boards.greenhouse.io/picnichealth	1	2026-09-28T06:58:45.840Z
greenhouse	https://job-boards.greenhouse.io/pika	1	2026-09-28T06:58:45.869Z
greenhouse	https://job-boards.greenhouse.io/piktochart	1	2026-09-28T06:58:45.870Z
greenhouse	https://job-boards.greenhouse.io/pillar	1	2026-09-28T06:58:45.869Z
greenhouse	https://job-boards.greenhouse.io/pilot	1	2026-09-28T06:58:45.924Z
greenhouse	https://job-boards.greenhouse.io/pinegaterenewables	1	2026-09-28T06:58:45.941Z
greenhouse	https://job-boards.greenhouse.io/pineparkhealth	1	2026-09-28T06:58:45.946Z
greenhouse	https://job-boards.greenhouse.io/pinnacle	1	2026-09-28T06:58:45.961Z
greenhouse	https://job-boards.greenhouse.io/pioneeringevolution	1	2026-09-28T06:58:45.982Z
greenhouse	https://job-boards.greenhouse.io/pismo	1	2026-09-28T06:58:46.030Z
greenhouse	https://job-boards.greenhouse.io/pitch	1	2026-09-28T06:58:46.031Z
greenhouse	https://job-boards.greenhouse.io/pivotalsoftware	1	2026-09-28T06:58:46.087Z
greenhouse	https://job-boards.greenhouse.io/pixiebrix	1	2026-09-28T06:58:46.114Z
greenhouse	https://job-boards.greenhouse.io/pixlee	1	2026-09-28T06:58:46.121Z
greenhouse	https://job-boards.greenhouse.io/pixocial	1	2026-09-28T06:58:46.137Z
greenhouse	https://job-boards.greenhouse.io/pjtpartnersprofessionals	1	2026-09-28T06:58:46.135Z
greenhouse	https://job-boards.greenhouse.io/pjtpartnersstudents	1	2026-09-28T06:58:46.138Z
greenhouse	https://job-boards.greenhouse.io/placeexchange11	1	2026-09-28T06:58:46.156Z
greenhouse	https://job-boards.greenhouse.io/placemeter	1	2026-09-28T06:58:46.155Z
greenhouse	https://job-boards.greenhouse.io/planera	1	2026-09-28T06:58:46.175Z
greenhouse	https://job-boards.greenhouse.io/playkids	1	2026-09-28T06:58:46.323Z
greenhouse	https://job-boards.greenhouse.io/playstationeurope	1	2026-09-28T06:58:46.332Z
greenhouse	https://job-boards.greenhouse.io/plenty	1	2026-09-28T06:58:46.410Z
greenhouse	https://job-boards.greenhouse.io/pleo	1	2026-09-28T06:58:46.379Z
greenhouse	https://job-boards.greenhouse.io/plotly	1	2026-09-28T06:58:46.407Z
greenhouse	https://job-boards.greenhouse.io/plumguide	1	2026-09-28T06:58:46.424Z
greenhouse	https://job-boards.greenhouse.io/plushcare	1	2026-09-28T06:58:46.433Z
greenhouse	https://job-boards.greenhouse.io/pmgroup	1	2026-09-28T06:58:46.474Z
greenhouse	https://job-boards.greenhouse.io/poaptheproofofattendanceprotocol	1	2026-09-28T06:58:46.511Z
greenhouse	https://job-boards.greenhouse.io/poatek	1	2026-09-28T06:58:46.511Z
greenhouse	https://job-boards.greenhouse.io/pocket	1	2026-09-28T06:58:46.511Z
greenhouse	https://job-boards.greenhouse.io/pollen	1	2026-09-28T06:58:46.604Z
greenhouse	https://job-boards.greenhouse.io/polly	1	2026-09-28T06:58:46.604Z
greenhouse	https://job-boards.greenhouse.io/polycamcareers	1	2026-09-28T06:58:46.658Z
greenhouse	https://job-boards.greenhouse.io/polygence	1	2026-09-28T06:58:46.658Z
greenhouse	https://job-boards.greenhouse.io/polymathventures	1	2026-09-28T06:58:46.686Z
greenhouse	https://job-boards.greenhouse.io/polysign	1	2026-09-28T06:58:46.678Z
greenhouse	https://job-boards.greenhouse.io/pomelo	1	2026-09-28T06:58:46.677Z
greenhouse	https://job-boards.greenhouse.io/poolzup	1	2026-09-28T06:58:46.697Z
greenhouse	https://job-boards.greenhouse.io/populus	1	2026-09-28T06:58:46.705Z
greenhouse	https://job-boards.greenhouse.io/porchdotcommexico	1	2026-09-28T06:58:46.734Z
greenhouse	https://job-boards.greenhouse.io/portagecareers	1	2026-09-28T06:58:46.734Z
greenhouse	https://job-boards.greenhouse.io/portworx	1	2026-09-28T06:58:46.735Z
greenhouse	https://job-boards.greenhouse.io/posigen	1	2026-09-28T06:58:46.752Z
greenhouse	https://job-boards.greenhouse.io/possibility	1	2026-09-28T06:58:46.754Z
greenhouse	https://job-boards.greenhouse.io/possiblefinancialinc	1	2026-09-28T06:58:46.753Z
greenhouse	https://job-boards.greenhouse.io/postlight	1	2026-09-28T06:58:46.756Z
greenhouse	https://job-boards.greenhouse.io/postman	1	2026-09-28T06:58:46.773Z
greenhouse	https://job-boards.greenhouse.io/postmates	1	2026-09-28T06:58:46.772Z
greenhouse	https://job-boards.greenhouse.io/powbio	1	2026-09-28T06:58:46.777Z
greenhouse	https://job-boards.greenhouse.io/powerfinance	1	2026-09-28T06:58:46.791Z
greenhouse	https://job-boards.greenhouse.io/powershiftnetwork	1	2026-09-28T06:58:46.795Z
greenhouse	https://job-boards.greenhouse.io/precisioneffect	1	2026-09-28T06:58:46.981Z
greenhouse	https://job-boards.greenhouse.io/precisionscientia	1	2026-09-28T06:58:46.996Z
greenhouse	https://job-boards.greenhouse.io/precisionsystemsinc	1	2026-09-28T06:58:46.998Z
greenhouse	https://job-boards.greenhouse.io/precisionxtract	1	2026-09-28T06:58:47.021Z
greenhouse	https://job-boards.greenhouse.io/predictivehr	1	2026-09-28T06:58:47.020Z
greenhouse	https://job-boards.greenhouse.io/prefect	1	2026-09-28T06:58:47.039Z
greenhouse	https://job-boards.greenhouse.io/preparedmontessorian	1	2026-09-28T06:58:47.119Z
greenhouse	https://job-boards.greenhouse.io/preply	1	2026-09-28T06:58:47.119Z
greenhouse	https://job-boards.greenhouse.io/presonus	1	2026-09-28T06:58:47.156Z
greenhouse	https://job-boards.greenhouse.io/pricespider	1	2026-09-28T06:58:47.214Z
greenhouse	https://job-boards.greenhouse.io/primeprotocol	1	2026-09-28T06:58:47.218Z
greenhouse	https://job-boards.greenhouse.io/primetrust	1	2026-09-28T06:58:47.244Z
greenhouse	https://job-boards.greenhouse.io/productboard	1	2026-09-28T06:58:47.460Z
greenhouse	https://job-boards.greenhouse.io/productops	1	2026-09-28T06:58:47.477Z
greenhouse	https://job-boards.greenhouse.io/productschool	1	2026-09-28T06:58:47.487Z
greenhouse	https://job-boards.greenhouse.io/profiletechnologiesinc	1	2026-09-28T06:58:47.486Z
greenhouse	https://job-boards.greenhouse.io/project44opportunities	1	2026-09-28T06:58:47.506Z
greenhouse	https://job-boards.greenhouse.io/projectdiscoveryinc	1	2026-09-28T06:58:47.750Z
greenhouse	https://job-boards.greenhouse.io/projectfarma	1	2026-09-28T06:58:47.749Z
greenhouse	https://job-boards.greenhouse.io/projectmanagercom	1	2026-09-28T06:58:47.749Z
greenhouse	https://job-boards.greenhouse.io/prolificinteractive	1	2026-09-28T06:58:47.774Z
greenhouse	https://job-boards.greenhouse.io/prolificmachines	1	2026-09-28T06:58:47.794Z
greenhouse	https://job-boards.greenhouse.io/promptworks	1	2026-09-28T06:58:47.796Z
greenhouse	https://job-boards.greenhouse.io/proofxyz	1	2026-09-28T06:58:47.823Z
greenhouse	https://job-boards.greenhouse.io/propel	1	2026-09-28T06:58:47.823Z
greenhouse	https://job-boards.greenhouse.io/propellerhealth	1	2026-09-28T06:58:47.853Z
greenhouse	https://job-boards.greenhouse.io/propellerindustries	1	2026-09-28T06:58:47.853Z
greenhouse	https://job-boards.greenhouse.io/propertyfinder	1	2026-09-28T06:58:47.854Z
greenhouse	https://job-boards.greenhouse.io/prose	1	2026-09-28T06:58:47.893Z
greenhouse	https://job-boards.greenhouse.io/protenus	1	2026-09-28T06:58:47.948Z
greenhouse	https://job-boards.greenhouse.io/protocollabs	1	2026-09-28T06:58:47.968Z
greenhouse	https://job-boards.greenhouse.io/providencedig	1	2026-09-28T06:58:47.997Z
greenhouse	https://job-boards.greenhouse.io/pubgsm	1	2026-09-28T06:58:48.132Z
greenhouse	https://job-boards.greenhouse.io/publica	1	2026-09-28T06:58:48.159Z
greenhouse	https://job-boards.greenhouse.io/publicsq	1	2026-09-28T06:58:48.164Z
greenhouse	https://job-boards.greenhouse.io/pulaio	1	2026-09-28T06:58:48.177Z
greenhouse	https://job-boards.greenhouse.io/pumpcareers	1	2026-09-28T06:58:48.208Z
greenhouse	https://job-boards.greenhouse.io/punchlistusa	1	2026-09-28T06:58:48.231Z
greenhouse	https://job-boards.greenhouse.io/pursuecare	1	2026-09-28T06:58:48.231Z
greenhouse	https://job-boards.greenhouse.io/pushdigitalgroup	1	2026-09-28T06:58:48.286Z
greenhouse	https://job-boards.greenhouse.io/pyka	1	2026-09-28T06:58:48.319Z
greenhouse	https://job-boards.greenhouse.io/pythdataassociation	1	2026-09-28T06:58:48.338Z
greenhouse	https://job-boards.greenhouse.io/pythnetwork	1	2026-09-28T06:58:48.338Z
greenhouse	https://job-boards.greenhouse.io/qandamedia	1	2026-09-28T06:58:48.458Z
greenhouse	https://job-boards.greenhouse.io/qcentrix	1	2026-09-28T06:58:48.459Z
greenhouse	https://job-boards.greenhouse.io/qovery	1	2026-09-28T06:58:48.486Z
greenhouse	https://job-boards.greenhouse.io/quadrantstrategies	1	2026-09-28T06:58:48.482Z
greenhouse	https://job-boards.greenhouse.io/qualifiedhealth	1	2026-09-28T06:58:48.519Z
greenhouse	https://job-boards.greenhouse.io/quartethealth	1	2026-09-28T06:58:48.578Z
greenhouse	https://job-boards.greenhouse.io/quartzbio	1	2026-09-28T06:58:48.587Z
greenhouse	https://job-boards.greenhouse.io/quartzy	1	2026-09-28T06:58:48.588Z
greenhouse	https://job-boards.greenhouse.io/questpartnersllc	1	2026-09-28T06:58:48.626Z
greenhouse	https://job-boards.greenhouse.io/quiknodeinc	1	2026-09-28T06:58:48.630Z
greenhouse	https://job-boards.greenhouse.io/quiltllc	1	2026-09-28T06:58:48.722Z
greenhouse	https://job-boards.greenhouse.io/quin	1	2026-09-28T06:58:48.723Z
greenhouse	https://job-boards.greenhouse.io/quintar	1	2026-09-28T06:58:48.752Z
greenhouse	https://job-boards.greenhouse.io/quiqinc	1	2026-09-28T06:58:48.828Z
greenhouse	https://job-boards.greenhouse.io/qumulo	1	2026-09-28T06:58:48.878Z
greenhouse	https://job-boards.greenhouse.io/quora	1	2026-09-28T06:58:48.878Z
greenhouse	https://job-boards.greenhouse.io/quorum	1	2026-09-28T06:58:48.894Z
greenhouse	https://job-boards.greenhouse.io/quotewell	1	2026-09-28T06:58:48.895Z
greenhouse	https://job-boards.greenhouse.io/qwick	1	2026-09-28T06:58:48.904Z
greenhouse	https://job-boards.greenhouse.io/r29vmg	1	2026-09-28T06:58:48.904Z
greenhouse	https://job-boards.greenhouse.io/rabbit	1	2026-09-28T06:58:48.913Z
greenhouse	https://job-boards.greenhouse.io/rachio	1	2026-09-28T06:58:48.930Z
greenhouse	https://job-boards.greenhouse.io/radarlabs	1	2026-09-28T06:58:48.951Z
greenhouse	https://job-boards.greenhouse.io/radarrelay	1	2026-09-28T06:58:48.954Z
greenhouse	https://job-boards.greenhouse.io/radiant	1	2026-09-28T06:58:48.968Z
greenhouse	https://job-boards.greenhouse.io/radiantsecurity	1	2026-09-28T06:58:48.979Z
greenhouse	https://job-boards.greenhouse.io/radicalai	1	2026-09-28T06:58:48.975Z
greenhouse	https://job-boards.greenhouse.io/radicalnumerics	1	2026-09-28T06:58:48.986Z
greenhouse	https://job-boards.greenhouse.io/radixtrading	1	2026-09-28T06:58:48.997Z
greenhouse	https://job-boards.greenhouse.io/rainberry	1	2026-09-28T06:58:49.025Z
greenhouse	https://job-boards.greenhouse.io/rainesinternational	1	2026-09-28T06:58:49.038Z
greenhouse	https://job-boards.greenhouse.io/rakutenrewards	1	2026-09-28T06:58:49.085Z
greenhouse	https://job-boards.greenhouse.io/rallyhealth	1	2026-09-28T06:58:49.090Z
greenhouse	https://job-boards.greenhouse.io/ramp	1	2026-09-28T06:58:49.093Z
greenhouse	https://job-boards.greenhouse.io/rapha	1	2026-09-28T06:58:49.109Z
greenhouse	https://job-boards.greenhouse.io/rapidrobotics	1	2026-09-28T06:58:49.124Z
greenhouse	https://job-boards.greenhouse.io/rasa	1	2026-09-28T06:58:49.171Z
greenhouse	https://job-boards.greenhouse.io/rattle	1	2026-09-28T06:58:49.184Z
greenhouse	https://job-boards.greenhouse.io/razorgroupgmbh	1	2026-09-28T06:58:49.202Z
greenhouse	https://job-boards.greenhouse.io/rbicareers	1	2026-09-28T06:58:49.217Z
greenhouse	https://job-boards.greenhouse.io/reach	1	2026-09-28T06:58:49.632Z
greenhouse	https://job-boards.greenhouse.io/reachplatforminc	1	2026-09-28T06:58:49.636Z
greenhouse	https://job-boards.greenhouse.io/reactioncommerce	1	2026-09-28T06:58:49.653Z
greenhouse	https://job-boards.greenhouse.io/readai	1	2026-09-28T06:58:49.657Z
greenhouse	https://job-boards.greenhouse.io/ready	1	2026-09-28T06:58:49.701Z
greenhouse	https://job-boards.greenhouse.io/ready2order	1	2026-09-28T06:58:49.686Z
greenhouse	https://job-boards.greenhouse.io/readyresponders	1	2026-09-28T06:58:49.694Z
greenhouse	https://job-boards.greenhouse.io/readyset29	1	2026-09-28T06:58:49.700Z
greenhouse	https://job-boards.greenhouse.io/reaktor	1	2026-09-28T06:58:49.708Z
greenhouse	https://job-boards.greenhouse.io/real	1	2026-09-28T06:58:49.729Z
greenhouse	https://job-boards.greenhouse.io/realtymogul	1	2026-09-28T06:58:49.775Z
greenhouse	https://job-boards.greenhouse.io/recentgraduates	1	2026-09-28T06:58:49.808Z
greenhouse	https://job-boards.greenhouse.io/recharge	1	2026-09-28T06:58:49.848Z
greenhouse	https://job-boards.greenhouse.io/reciprocity	1	2026-09-28T06:58:49.902Z
greenhouse	https://job-boards.greenhouse.io/recogni	1	2026-09-28T06:58:49.902Z
greenhouse	https://job-boards.greenhouse.io/recorainc	1	2026-09-28T06:58:49.918Z
greenhouse	https://job-boards.greenhouse.io/recroom	1	2026-09-28T06:58:49.920Z
greenhouse	https://job-boards.greenhouse.io/recur	1	2026-09-28T06:58:49.941Z
greenhouse	https://job-boards.greenhouse.io/redbooth	1	2026-09-28T06:58:49.967Z
greenhouse	https://job-boards.greenhouse.io/redesignhealth	1	2026-09-28T06:58:50.000Z
greenhouse	https://job-boards.greenhouse.io/redis	1	2026-09-28T06:58:50.009Z
greenhouse	https://job-boards.greenhouse.io/redpandadata	1	2026-09-28T06:58:50.031Z
greenhouse	https://job-boards.greenhouse.io/reefparking	1	2026-09-28T06:58:50.057Z
greenhouse	https://job-boards.greenhouse.io/reemahealth	1	2026-09-28T06:58:50.089Z
greenhouse	https://job-boards.greenhouse.io/referralonly	1	2026-09-28T06:58:50.108Z
greenhouse	https://job-boards.greenhouse.io/referralsonly	1	2026-09-28T06:58:50.107Z
greenhouse	https://job-boards.greenhouse.io/refinery29	1	2026-09-28T06:58:50.177Z
greenhouse	https://job-boards.greenhouse.io/reflexionmedical	1	2026-09-28T06:58:50.203Z
greenhouse	https://job-boards.greenhouse.io/regionalspotonsales	1	2026-09-28T06:58:50.331Z
greenhouse	https://job-boards.greenhouse.io/regrow	1	2026-09-28T06:58:50.332Z
greenhouse	https://job-boards.greenhouse.io/regscale	1	2026-09-28T06:58:50.349Z
greenhouse	https://job-boards.greenhouse.io/reifyhealthjobs	1	2026-09-28T06:58:50.360Z
greenhouse	https://job-boards.greenhouse.io/relic	1	2026-09-28T06:58:51.056Z
greenhouse	https://job-boards.greenhouse.io/relyance	1	2026-09-28T06:58:51.087Z
greenhouse	https://job-boards.greenhouse.io/remergegmbh	1	2026-09-28T06:58:51.105Z
greenhouse	https://job-boards.greenhouse.io/remind	1	2026-09-28T06:58:51.117Z
greenhouse	https://job-boards.greenhouse.io/render	1	2026-09-28T06:58:51.434Z
greenhouse	https://job-boards.greenhouse.io/reorg	1	2026-09-28T06:58:51.455Z
greenhouse	https://job-boards.greenhouse.io/repeatmd	1	2026-09-28T06:58:51.460Z
greenhouse	https://job-boards.greenhouse.io/replica	1	2026-09-28T06:58:51.471Z
greenhouse	https://job-boards.greenhouse.io/replicated	1	2026-09-28T06:58:51.835Z
greenhouse	https://job-boards.greenhouse.io/reprise	1	2026-09-28T06:58:51.479Z
greenhouse	https://job-boards.greenhouse.io/rescue	1	2026-09-28T06:58:51.515Z
greenhouse	https://job-boards.greenhouse.io/reserv	1	2026-09-28T06:58:51.539Z
greenhouse	https://job-boards.greenhouse.io/resi	1	2026-09-28T06:58:51.539Z
greenhouse	https://job-boards.greenhouse.io/retool	1	2026-09-28T06:58:51.610Z
greenhouse	https://job-boards.greenhouse.io/rev	1	2026-09-28T06:58:51.679Z
greenhouse	https://job-boards.greenhouse.io/revcapital	1	2026-09-28T06:58:51.680Z
greenhouse	https://job-boards.greenhouse.io/revelsystems	1	2026-09-28T06:58:51.700Z
greenhouse	https://job-boards.greenhouse.io/revenuecat	1	2026-09-28T06:58:51.701Z
greenhouse	https://job-boards.greenhouse.io/revivecareers	1	2026-09-28T06:58:51.702Z
greenhouse	https://job-boards.greenhouse.io/revopsforce	1	2026-09-28T06:58:51.721Z
greenhouse	https://job-boards.greenhouse.io/revprepaid	1	2026-09-28T06:58:51.741Z
greenhouse	https://job-boards.greenhouse.io/rhconsulting	1	2026-09-28T06:58:51.791Z
greenhouse	https://job-boards.greenhouse.io/rheaply	1	2026-09-28T06:58:51.820Z
greenhouse	https://job-boards.greenhouse.io/rhino	1	2026-09-28T06:58:51.821Z
greenhouse	https://job-boards.greenhouse.io/rho	1	2026-09-28T06:58:51.839Z
greenhouse	https://job-boards.greenhouse.io/rhodeskin	1	2026-09-28T06:58:51.846Z
greenhouse	https://job-boards.greenhouse.io/rhythmagency	1	2026-09-28T06:58:51.939Z
greenhouse	https://job-boards.greenhouse.io/ribbiotinc	1	2026-09-28T06:58:51.940Z
greenhouse	https://job-boards.greenhouse.io/ribbonhealth	1	2026-09-28T06:58:51.940Z
greenhouse	https://job-boards.greenhouse.io/ridecell	1	2026-09-28T06:58:51.958Z
greenhouse	https://job-boards.greenhouse.io/ridedott	1	2026-09-28T06:58:51.968Z
greenhouse	https://job-boards.greenhouse.io/ridedott-ground-roles	1	2026-09-28T06:58:51.959Z
greenhouse	https://job-boards.greenhouse.io/rightfoot51	1	2026-09-28T06:58:51.967Z
greenhouse	https://job-boards.greenhouse.io/ringba	1	2026-09-28T06:58:51.988Z
greenhouse	https://job-boards.greenhouse.io/rinsed	1	2026-09-28T06:58:52.014Z
greenhouse	https://job-boards.greenhouse.io/ripcord	1	2026-09-28T06:58:52.035Z
greenhouse	https://job-boards.greenhouse.io/ripplcare	1	2026-09-28T06:58:52.046Z
greenhouse	https://job-boards.greenhouse.io/ripplematchinterns	1	2026-09-28T06:58:52.096Z
greenhouse	https://job-boards.greenhouse.io/riseinteractive	1	2026-09-28T06:58:52.113Z
greenhouse	https://job-boards.greenhouse.io/riskoptics	1	2026-09-28T06:58:52.117Z
greenhouse	https://job-boards.greenhouse.io/ritualdental	1	2026-09-28T06:58:52.257Z
greenhouse	https://job-boards.greenhouse.io/riverfinancial	1	2026-09-28T06:58:52.205Z
greenhouse	https://job-boards.greenhouse.io/riversideresearch	1	2026-09-28T06:58:52.256Z
greenhouse	https://job-boards.greenhouse.io/rivian	1	2026-09-28T06:58:52.290Z
greenhouse	https://job-boards.greenhouse.io/robertrauschenbergfoundation	1	2026-09-28T06:58:52.307Z
greenhouse	https://job-boards.greenhouse.io/rockstarinternships	1	2026-09-28T06:58:52.467Z
greenhouse	https://job-boards.greenhouse.io/rocksteadymusicschool	1	2026-09-28T06:58:52.484Z
greenhouse	https://job-boards.greenhouse.io/roidna	1	2026-09-28T06:58:52.486Z
greenhouse	https://job-boards.greenhouse.io/rollstack	1	2026-09-28T06:58:52.631Z
greenhouse	https://job-boards.greenhouse.io/root	1	2026-09-28T06:58:52.695Z
greenhouse	https://job-boards.greenhouse.io/rootly	1	2026-09-28T06:58:52.695Z
greenhouse	https://job-boards.greenhouse.io/rootstrap	1	2026-09-28T06:58:52.985Z
greenhouse	https://job-boards.greenhouse.io/rothys	1	2026-09-28T06:58:52.966Z
greenhouse	https://job-boards.greenhouse.io/roundpointmortgageservicingcorporation	1	2026-09-28T06:58:52.976Z
greenhouse	https://job-boards.greenhouse.io/routable	1	2026-09-28T06:58:52.979Z
greenhouse	https://job-boards.greenhouse.io/roxe	1	2026-09-28T06:58:53.110Z
greenhouse	https://job-boards.greenhouse.io/rsinternboard	1	2026-09-28T06:58:53.126Z
greenhouse	https://job-boards.greenhouse.io/rubilaboratories33	1	2026-09-28T06:58:53.176Z
greenhouse	https://job-boards.greenhouse.io/rubyreceptionists	1	2026-09-28T06:58:53.175Z
greenhouse	https://job-boards.greenhouse.io/rudderstack	1	2026-09-28T06:58:53.194Z
greenhouse	https://job-boards.greenhouse.io/runelabs	1	2026-09-28T06:58:53.216Z
greenhouse	https://job-boards.greenhouse.io/runpod	1	2026-09-28T06:58:53.296Z
greenhouse	https://job-boards.greenhouse.io/runwayml	1	2026-09-28T06:58:53.227Z
greenhouse	https://job-boards.greenhouse.io/russett	1	2026-09-28T06:58:53.250Z
greenhouse	https://job-boards.greenhouse.io/rvedufreelancenetwork	1	2026-09-28T06:58:53.271Z
greenhouse	https://job-boards.greenhouse.io/rvfreelancenetwork	1	2026-09-28T06:58:53.271Z
greenhouse	https://job-boards.greenhouse.io/rxbar	1	2026-09-28T06:58:53.296Z
greenhouse	https://job-boards.greenhouse.io/rxvantage	1	2026-09-28T06:58:53.316Z
greenhouse	https://job-boards.greenhouse.io/saasacademy	1	2026-09-28T06:58:53.335Z
greenhouse	https://job-boards.greenhouse.io/safebase	1	2026-09-28T06:58:53.366Z
greenhouse	https://job-boards.greenhouse.io/sagardcareers	1	2026-09-28T06:58:53.382Z
greenhouse	https://job-boards.greenhouse.io/sailthru	1	2026-09-28T06:58:53.422Z
greenhouse	https://job-boards.greenhouse.io/salaryfinance83	1	2026-09-28T06:58:53.446Z
greenhouse	https://job-boards.greenhouse.io/saleslabx	1	2026-09-28T06:58:53.451Z
greenhouse	https://job-boards.greenhouse.io/saltclick	1	2026-09-28T06:58:53.498Z
greenhouse	https://job-boards.greenhouse.io/saltlending	1	2026-09-28T06:58:53.505Z
greenhouse	https://job-boards.greenhouse.io/sambatv	1	2026-09-28T06:58:53.557Z
greenhouse	https://job-boards.greenhouse.io/samcarthiring	1	2026-09-28T06:58:53.557Z
greenhouse	https://job-boards.greenhouse.io/samlabs	1	2026-09-28T06:58:53.595Z
greenhouse	https://job-boards.greenhouse.io/samsungaustinsemiconductor	1	2026-09-28T06:58:53.615Z
greenhouse	https://job-boards.greenhouse.io/samsungcollegeprogram	1	2026-09-28T06:58:53.621Z
greenhouse	https://job-boards.greenhouse.io/sanabilventurestudio	1	2026-09-28T06:58:53.699Z
greenhouse	https://job-boards.greenhouse.io/sandboxaq	1	2026-09-28T06:58:53.794Z
greenhouse	https://job-boards.greenhouse.io/sandstonecaredarien	1	2026-09-28T06:58:53.948Z
greenhouse	https://job-boards.greenhouse.io/sandtech	1	2026-09-28T06:58:53.970Z
greenhouse	https://job-boards.greenhouse.io/sanityio	1	2026-09-28T06:58:54.000Z
greenhouse	https://job-boards.greenhouse.io/sano	1	2026-09-28T06:58:54.036Z
greenhouse	https://job-boards.greenhouse.io/sapphireventuresllc	1	2026-09-28T06:58:54.037Z
greenhouse	https://job-boards.greenhouse.io/satellogic	1	2026-09-28T06:58:54.060Z
greenhouse	https://job-boards.greenhouse.io/saturn	1	2026-09-28T06:58:54.077Z
greenhouse	https://job-boards.greenhouse.io/saturncloud	1	2026-09-28T06:58:54.079Z
greenhouse	https://job-boards.greenhouse.io/saundersrealestate	1	2026-09-28T06:58:54.085Z
greenhouse	https://job-boards.greenhouse.io/savvyinsure	1	2026-09-28T06:58:54.095Z
greenhouse	https://job-boards.greenhouse.io/scalecomputing	1	2026-09-28T06:58:54.141Z
greenhouse	https://job-boards.greenhouse.io/scalefactor	1	2026-09-28T06:58:54.162Z
greenhouse	https://job-boards.greenhouse.io/scaletowinllc	1	2026-09-28T06:58:54.177Z
greenhouse	https://job-boards.greenhouse.io/scanditlinkedin	1	2026-09-28T06:58:54.182Z
greenhouse	https://job-boards.greenhouse.io/scholarshipportal	1	2026-09-28T06:58:54.201Z
greenhouse	https://job-boards.greenhouse.io/schoolleaders2324schoolyear	1	2026-09-28T06:58:54.283Z
greenhouse	https://job-boards.greenhouse.io/schweigerdermatologygroup	1	2026-09-28T06:58:54.317Z
greenhouse	https://job-boards.greenhouse.io/science	1	2026-09-28T06:58:54.317Z
greenhouse	https://job-boards.greenhouse.io/sciencelogic	1	2026-09-28T06:58:54.336Z
greenhouse	https://job-boards.greenhouse.io/scope3pbc	1	2026-09-28T06:58:54.363Z
greenhouse	https://job-boards.greenhouse.io/scoremediaandgaminginc	1	2026-09-28T06:58:54.542Z
greenhouse	https://job-boards.greenhouse.io/scorpiontherapeutics	1	2026-09-28T06:58:54.394Z
greenhouse	https://job-boards.greenhouse.io/scribd	1	2026-09-28T06:58:54.602Z
greenhouse	https://job-boards.greenhouse.io/scribe	1	2026-09-28T06:58:54.556Z
greenhouse	https://job-boards.greenhouse.io/scribetherapeutics	1	2026-09-28T06:58:54.601Z
greenhouse	https://job-boards.greenhouse.io/scribexindeed	1	2026-09-28T06:58:54.602Z
greenhouse	https://job-boards.greenhouse.io/scrollio	1	2026-09-28T06:58:54.602Z
greenhouse	https://job-boards.greenhouse.io/scsfinancial	1	2026-09-28T06:58:54.617Z
greenhouse	https://job-boards.greenhouse.io/scuba	1	2026-09-28T06:58:54.619Z
greenhouse	https://job-boards.greenhouse.io/scytherobotics	1	2026-09-28T06:58:54.623Z
greenhouse	https://job-boards.greenhouse.io/sdash	1	2026-09-28T06:58:54.620Z
greenhouse	https://job-boards.greenhouse.io/seabankindonesia	1	2026-09-28T06:58:54.634Z
greenhouse	https://job-boards.greenhouse.io/sealed	1	2026-09-28T06:58:54.637Z
greenhouse	https://job-boards.greenhouse.io/sealstorage	1	2026-09-28T06:58:54.640Z
greenhouse	https://job-boards.greenhouse.io/seam	1	2026-09-28T06:58:54.651Z
greenhouse	https://job-boards.greenhouse.io/seamlessai	1	2026-09-28T06:58:54.653Z
greenhouse	https://job-boards.greenhouse.io/searchdiscovery	1	2026-09-28T06:58:54.657Z
greenhouse	https://job-boards.greenhouse.io/secondspectrum	1	2026-09-28T06:58:54.686Z
greenhouse	https://job-boards.greenhouse.io/secretescapes	1	2026-09-28T06:58:54.766Z
greenhouse	https://job-boards.greenhouse.io/securitybankbettercareers	1	2026-09-28T06:58:54.726Z
greenhouse	https://job-boards.greenhouse.io/segmed	1	2026-09-28T06:58:54.937Z
greenhouse	https://job-boards.greenhouse.io/segment	1	2026-09-28T06:58:54.952Z
greenhouse	https://job-boards.greenhouse.io/segmenttw	1	2026-09-28T06:58:54.947Z
greenhouse	https://job-boards.greenhouse.io/seldon	1	2026-09-28T06:58:54.956Z
greenhouse	https://job-boards.greenhouse.io/select	1	2026-09-28T06:58:54.966Z
greenhouse	https://job-boards.greenhouse.io/selfidcareers	1	2026-09-28T06:58:54.985Z
greenhouse	https://job-boards.greenhouse.io/selkirksport	1	2026-09-28T06:58:54.985Z
greenhouse	https://job-boards.greenhouse.io/seluxdiagnostics	1	2026-09-28T06:58:54.999Z
greenhouse	https://job-boards.greenhouse.io/semasiojobs	1	2026-09-28T06:58:55.006Z
greenhouse	https://job-boards.greenhouse.io/semgrep	1	2026-09-28T06:58:55.004Z
greenhouse	https://job-boards.greenhouse.io/sendle	1	2026-09-28T06:58:55.032Z
greenhouse	https://job-boards.greenhouse.io/sendwaveapp	1	2026-09-28T06:58:55.030Z
greenhouse	https://job-boards.greenhouse.io/seniordoc	1	2026-09-28T06:58:55.049Z
greenhouse	https://job-boards.greenhouse.io/sennder	1	2026-09-28T06:58:55.051Z
greenhouse	https://job-boards.greenhouse.io/senne	1	2026-09-28T06:58:55.053Z
greenhouse	https://job-boards.greenhouse.io/sentilink	1	2026-09-28T06:58:55.072Z
greenhouse	https://job-boards.greenhouse.io/sentry	1	2026-09-28T06:58:55.098Z
greenhouse	https://job-boards.greenhouse.io/sequoiabiotech	1	2026-09-28T06:58:55.099Z
greenhouse	https://job-boards.greenhouse.io/sequoiaconsulting	1	2026-09-28T06:58:55.219Z
greenhouse	https://job-boards.greenhouse.io/serotonin	1	2026-09-28T06:58:55.124Z
greenhouse	https://job-boards.greenhouse.io/serviceexpress	1	2026-09-28T06:58:55.239Z
greenhouse	https://job-boards.greenhouse.io/servicetitan	1	2026-09-28T06:58:55.274Z
greenhouse	https://job-boards.greenhouse.io/sessions	1	2026-09-28T06:58:55.302Z
greenhouse	https://job-boards.greenhouse.io/settle	1	2026-09-28T06:58:55.314Z
greenhouse	https://job-boards.greenhouse.io/seveneightcapital	1	2026-09-28T06:58:55.325Z
greenhouse	https://job-boards.greenhouse.io/sevenrooms	1	2026-09-28T06:58:55.332Z
greenhouse	https://job-boards.greenhouse.io/sfgiants	1	2026-09-28T06:58:55.418Z
greenhouse	https://job-boards.greenhouse.io/sgs	1	2026-09-28T06:58:55.436Z
greenhouse	https://job-boards.greenhouse.io/shaker	1	2026-09-28T06:58:55.441Z
greenhouse	https://job-boards.greenhouse.io/shapeshift	1	2026-09-28T06:58:55.454Z
greenhouse	https://job-boards.greenhouse.io/shapetherapeutics	1	2026-09-28T06:58:55.470Z
greenhouse	https://job-boards.greenhouse.io/shapeways	1	2026-09-28T06:58:55.468Z
greenhouse	https://job-boards.greenhouse.io/shapr3d	1	2026-09-28T06:58:55.474Z
greenhouse	https://job-boards.greenhouse.io/shardeumfoundation	1	2026-09-28T06:58:55.564Z
greenhouse	https://job-boards.greenhouse.io/shearersinternalmobility	1	2026-09-28T06:58:55.565Z
greenhouse	https://job-boards.greenhouse.io/shearerssnacks	1	2026-09-28T06:58:55.581Z
greenhouse	https://job-boards.greenhouse.io/shelf	1	2026-09-28T06:58:55.775Z
greenhouse	https://job-boards.greenhouse.io/shift	1	2026-09-28T06:58:55.773Z
greenhouse	https://job-boards.greenhouse.io/shift4	1	2026-09-28T06:58:55.774Z
greenhouse	https://job-boards.greenhouse.io/shift4lithuania	1	2026-09-28T06:58:55.793Z
greenhouse	https://job-boards.greenhouse.io/shiftleft	1	2026-09-28T06:58:55.949Z
greenhouse	https://job-boards.greenhouse.io/shipengine	1	2026-09-28T06:58:55.853Z
greenhouse	https://job-boards.greenhouse.io/shipwell	1	2026-09-28T06:58:55.950Z
greenhouse	https://job-boards.greenhouse.io/shogun	1	2026-09-28T06:58:55.975Z
greenhouse	https://job-boards.greenhouse.io/shopee	1	2026-09-28T06:58:55.974Z
greenhouse	https://job-boards.greenhouse.io/shopkeep	1	2026-09-28T06:58:55.975Z
greenhouse	https://job-boards.greenhouse.io/shortcut	1	2026-09-28T06:58:56.002Z
greenhouse	https://job-boards.greenhouse.io/shortstory	1	2026-09-28T06:58:56.002Z
greenhouse	https://job-boards.greenhouse.io/shrapnelstudio	1	2026-09-28T06:58:56.037Z
greenhouse	https://job-boards.greenhouse.io/shyftsolutionsllc	1	2026-09-28T06:58:56.039Z
greenhouse	https://job-boards.greenhouse.io/sibelhealth	1	2026-09-28T06:58:56.068Z
greenhouse	https://job-boards.greenhouse.io/sibros	1	2026-09-28T06:58:56.069Z
greenhouse	https://job-boards.greenhouse.io/sidearmsports	1	2026-09-28T06:58:56.072Z
greenhouse	https://job-boards.greenhouse.io/sidebycare	1	2026-09-28T06:58:56.080Z
greenhouse	https://job-boards.greenhouse.io/sidewalklabs	1	2026-09-28T06:58:56.100Z
greenhouse	https://job-boards.greenhouse.io/siftscience	1	2026-09-28T06:58:56.145Z
greenhouse	https://job-boards.greenhouse.io/sigmoidinternational	1	2026-09-28T06:58:56.167Z
greenhouse	https://job-boards.greenhouse.io/signaladvisors	1	2026-09-28T06:58:56.165Z
greenhouse	https://job-boards.greenhouse.io/signatureanalytics	1	2026-09-28T06:58:56.166Z
greenhouse	https://job-boards.greenhouse.io/signavio	1	2026-09-28T06:58:56.188Z
greenhouse	https://job-boards.greenhouse.io/signifyhealth	1	2026-09-28T06:58:56.191Z
greenhouse	https://job-boards.greenhouse.io/signifyhealthireland	1	2026-09-28T06:58:56.207Z
greenhouse	https://job-boards.greenhouse.io/sigstr	1	2026-09-28T06:58:56.219Z
greenhouse	https://job-boards.greenhouse.io/sigtech	1	2026-09-28T06:58:56.225Z
greenhouse	https://job-boards.greenhouse.io/siilo	1	2026-09-28T06:58:56.233Z
greenhouse	https://job-boards.greenhouse.io/silverfin	1	2026-09-28T06:58:56.259Z
greenhouse	https://job-boards.greenhouse.io/simondata	1	2026-09-28T06:58:56.321Z
greenhouse	https://job-boards.greenhouse.io/simple	1	2026-09-28T06:58:56.323Z
greenhouse	https://job-boards.greenhouse.io/simplefinance	1	2026-09-28T06:58:56.327Z
greenhouse	https://job-boards.greenhouse.io/simplehealth	1	2026-09-28T06:58:56.344Z
greenhouse	https://job-boards.greenhouse.io/simplesurance	1	2026-09-28T06:58:56.371Z
greenhouse	https://job-boards.greenhouse.io/simplify360	1	2026-09-28T06:58:56.414Z
greenhouse	https://job-boards.greenhouse.io/simply	1	2026-09-28T06:58:56.465Z
greenhouse	https://job-boards.greenhouse.io/simspace	1	2026-09-28T06:58:56.482Z
greenhouse	https://job-boards.greenhouse.io/sinch	1	2026-09-28T06:58:56.502Z
greenhouse	https://job-boards.greenhouse.io/singleops	1	2026-09-28T06:58:56.517Z
greenhouse	https://job-boards.greenhouse.io/singlesprout	1	2026-09-28T06:58:56.518Z
greenhouse	https://job-boards.greenhouse.io/singular	1	2026-09-28T06:58:56.559Z
greenhouse	https://job-boards.greenhouse.io/sisense	1	2026-09-28T06:58:56.580Z
greenhouse	https://job-boards.greenhouse.io/sixthstreet	1	2026-09-28T06:58:56.616Z
greenhouse	https://job-boards.greenhouse.io/sjobs	1	2026-09-28T06:58:56.621Z
greenhouse	https://job-boards.greenhouse.io/skeletonkey	1	2026-09-28T06:58:56.635Z
greenhouse	https://job-boards.greenhouse.io/skillcentrix	1	2026-09-28T06:58:56.665Z
greenhouse	https://job-boards.greenhouse.io/skilljar	1	2026-09-28T06:58:56.686Z
greenhouse	https://job-boards.greenhouse.io/skipify	1	2026-09-28T06:58:56.719Z
greenhouse	https://job-boards.greenhouse.io/sklslabs	1	2026-09-28T06:58:56.733Z
greenhouse	https://job-boards.greenhouse.io/skydio	1	2026-09-28T06:58:56.739Z
greenhouse	https://job-boards.greenhouse.io/skyflow	1	2026-09-28T06:58:56.739Z
greenhouse	https://job-boards.greenhouse.io/skylotechnologies	1	2026-09-28T06:58:56.809Z
greenhouse	https://job-boards.greenhouse.io/skyscanner	1	2026-09-28T06:58:56.814Z
greenhouse	https://job-boards.greenhouse.io/slate	1	2026-09-28T06:58:56.815Z
greenhouse	https://job-boards.greenhouse.io/slayer	1	2026-09-28T06:58:56.822Z
greenhouse	https://job-boards.greenhouse.io/slicareers	1	2026-09-28T06:58:56.856Z
greenhouse	https://job-boards.greenhouse.io/smalldoor	1	2026-09-28T06:58:56.873Z
greenhouse	https://job-boards.greenhouse.io/smarkets	1	2026-09-28T06:58:56.877Z
greenhouse	https://job-boards.greenhouse.io/smartbiz	1	2026-09-28T06:58:56.891Z
greenhouse	https://job-boards.greenhouse.io/smartdesignworldwide	1	2026-09-28T06:58:56.910Z
greenhouse	https://job-boards.greenhouse.io/smartersorting	1	2026-09-28T06:58:56.934Z
greenhouse	https://job-boards.greenhouse.io/smartfinancial	1	2026-09-28T06:58:56.941Z
greenhouse	https://job-boards.greenhouse.io/smc	1	2026-09-28T06:58:56.977Z
greenhouse	https://job-boards.greenhouse.io/smilegatebarcelona	1	2026-09-28T06:58:57.045Z
greenhouse	https://job-boards.greenhouse.io/smileidentity	1	2026-09-28T06:58:57.004Z
greenhouse	https://job-boards.greenhouse.io/smlxl	1	2026-09-28T06:58:57.044Z
greenhouse	https://job-boards.greenhouse.io/smus	1	2026-09-28T06:58:57.046Z
greenhouse	https://job-boards.greenhouse.io/snackpass	1	2026-09-28T06:58:57.105Z
greenhouse	https://job-boards.greenhouse.io/snackpasspt	1	2026-09-28T06:58:57.107Z
greenhouse	https://job-boards.greenhouse.io/snagajob	1	2026-09-28T06:58:57.106Z
greenhouse	https://job-boards.greenhouse.io/snapchat	1	2026-09-28T06:58:57.169Z
greenhouse	https://job-boards.greenhouse.io/snapdocs	1	2026-09-28T06:58:57.169Z
greenhouse	https://job-boards.greenhouse.io/snappy	1	2026-09-28T06:58:57.170Z
greenhouse	https://job-boards.greenhouse.io/snowflakecomputing	1	2026-09-28T06:58:57.186Z
greenhouse	https://job-boards.greenhouse.io/snowpeak	1	2026-09-28T06:58:57.187Z
greenhouse	https://job-boards.greenhouse.io/snyk	1	2026-09-28T06:58:57.188Z
greenhouse	https://job-boards.greenhouse.io/sociummedia	1	2026-09-28T06:58:57.249Z
greenhouse	https://job-boards.greenhouse.io/socure	1	2026-09-28T06:58:57.245Z
greenhouse	https://job-boards.greenhouse.io/sodahealth	1	2026-09-28T06:58:57.255Z
greenhouse	https://job-boards.greenhouse.io/sofarocean	1	2026-09-28T06:58:57.272Z
greenhouse	https://job-boards.greenhouse.io/sofarsounds	1	2026-09-28T06:58:57.271Z
greenhouse	https://job-boards.greenhouse.io/sofregen	1	2026-09-28T06:58:57.331Z
greenhouse	https://job-boards.greenhouse.io/softermii	1	2026-09-28T06:58:57.332Z
greenhouse	https://job-boards.greenhouse.io/sojern	1	2026-09-28T06:58:57.332Z
greenhouse	https://job-boards.greenhouse.io/solaerialsurveysllc	1	2026-09-28T06:58:57.364Z
greenhouse	https://job-boards.greenhouse.io/solana	1	2026-09-28T06:58:57.365Z
greenhouse	https://job-boards.greenhouse.io/solanafoundation	1	2026-09-28T06:58:57.365Z
greenhouse	https://job-boards.greenhouse.io/solsten	1	2026-09-28T06:58:57.566Z
greenhouse	https://job-boards.greenhouse.io/soluna	1	2026-09-28T06:58:57.577Z
greenhouse	https://job-boards.greenhouse.io/somespiderstudios	1	2026-09-28T06:58:57.622Z
greenhouse	https://job-boards.greenhouse.io/sonder	1	2026-09-28T06:58:57.623Z
greenhouse	https://job-boards.greenhouse.io/sondermind	1	2026-09-28T06:58:57.645Z
greenhouse	https://job-boards.greenhouse.io/sonyinteractiveentertainmentplaystation	1	2026-09-28T06:58:57.689Z
greenhouse	https://job-boards.greenhouse.io/sonymusic	1	2026-09-28T06:58:57.685Z
greenhouse	https://job-boards.greenhouse.io/sorcero	1	2026-09-28T06:58:57.951Z
greenhouse	https://job-boards.greenhouse.io/soulcycle	1	2026-09-28T06:58:57.972Z
greenhouse	https://job-boards.greenhouse.io/soundengineeringsolutions	1	2026-09-28T06:58:58.009Z
greenhouse	https://job-boards.greenhouse.io/sounderbenefits	1	2026-09-28T06:58:58.008Z
greenhouse	https://job-boards.greenhouse.io/soundhoundinc	1	2026-09-28T06:58:58.009Z
greenhouse	https://job-boards.greenhouse.io/sourcegraph	1	2026-09-28T06:58:58.027Z
greenhouse	https://job-boards.greenhouse.io/sourcepassinc	1	2026-09-28T06:58:58.030Z
greenhouse	https://job-boards.greenhouse.io/south8	1	2026-09-28T06:58:58.050Z
greenhouse	https://job-boards.greenhouse.io/southworks	1	2026-09-28T06:58:58.081Z
greenhouse	https://job-boards.greenhouse.io/spanio	1	2026-09-28T06:58:58.137Z
greenhouse	https://job-boards.greenhouse.io/sparkcognition	1	2026-09-28T06:58:58.137Z
greenhouse	https://job-boards.greenhouse.io/sparktechroles	1	2026-09-28T06:58:58.164Z
greenhouse	https://job-boards.greenhouse.io/sparrow	1	2026-09-28T06:58:58.190Z
greenhouse	https://job-boards.greenhouse.io/sparrowventures	1	2026-09-28T06:58:58.194Z
greenhouse	https://job-boards.greenhouse.io/spartanradar	1	2026-09-28T06:58:58.199Z
greenhouse	https://job-boards.greenhouse.io/spec	1	2026-09-28T06:58:58.207Z
greenhouse	https://job-boards.greenhouse.io/specialized	1	2026-09-28T06:58:58.217Z
greenhouse	https://job-boards.greenhouse.io/spideroak	1	2026-09-28T06:58:58.354Z
greenhouse	https://job-boards.greenhouse.io/spinlaunch	1	2026-09-28T06:58:58.432Z
greenhouse	https://job-boards.greenhouse.io/spinskinnylabsinc	1	2026-09-28T06:58:58.463Z
greenhouse	https://job-boards.greenhouse.io/spiralyze	1	2026-09-28T06:58:58.463Z
greenhouse	https://job-boards.greenhouse.io/splash	1	2026-09-28T06:58:58.512Z
greenhouse	https://job-boards.greenhouse.io/spliced	1	2026-09-28T06:58:58.566Z
greenhouse	https://job-boards.greenhouse.io/split	1	2026-09-28T06:58:58.567Z
greenhouse	https://job-boards.greenhouse.io/splitmetrics	1	2026-09-28T06:58:58.584Z
greenhouse	https://job-boards.greenhouse.io/spokeo	1	2026-09-28T06:58:58.588Z
greenhouse	https://job-boards.greenhouse.io/spongeuk	1	2026-09-28T06:58:58.608Z
greenhouse	https://job-boards.greenhouse.io/sporttrade	1	2026-09-28T06:58:58.630Z
greenhouse	https://job-boards.greenhouse.io/spotai	1	2026-09-28T06:58:58.630Z
greenhouse	https://job-boards.greenhouse.io/spotnanatechnology	1	2026-09-28T06:58:58.655Z
greenhouse	https://job-boards.greenhouse.io/spotoncorporate	1	2026-09-28T06:58:58.649Z
greenhouse	https://job-boards.greenhouse.io/spotonproduct	1	2026-09-28T06:58:58.652Z
greenhouse	https://job-boards.greenhouse.io/spreadgroup	1	2026-09-28T06:58:58.675Z
greenhouse	https://job-boards.greenhouse.io/sprig	1	2026-09-28T06:58:58.702Z
greenhouse	https://job-boards.greenhouse.io/springdiscovery	1	2026-09-28T06:58:58.704Z
greenhouse	https://job-boards.greenhouse.io/sprinklr	1	2026-09-28T06:58:58.745Z
greenhouse	https://job-boards.greenhouse.io/sprintray	1	2026-09-28T06:58:58.777Z
greenhouse	https://job-boards.greenhouse.io/sprouttherapy	1	2026-09-28T06:58:58.822Z
greenhouse	https://job-boards.greenhouse.io/sprucehealth	1	2026-09-28T06:58:58.844Z
greenhouse	https://job-boards.greenhouse.io/squadformersinc	1	2026-09-28T06:58:58.860Z
greenhouse	https://job-boards.greenhouse.io/squire	1	2026-09-28T06:58:58.905Z
greenhouse	https://job-boards.greenhouse.io/srtx_fr	1	2026-09-28T06:58:59.004Z
greenhouse	https://job-boards.greenhouse.io/st6	1	2026-09-28T06:58:59.020Z
greenhouse	https://job-boards.greenhouse.io/stacksphere	1	2026-09-28T06:58:59.142Z
greenhouse	https://job-boards.greenhouse.io/stacksports	1	2026-09-28T06:58:59.928Z
greenhouse	https://job-boards.greenhouse.io/stairwell	1	2026-09-28T06:58:59.929Z
greenhouse	https://job-boards.greenhouse.io/stambaughness	1	2026-09-28T06:58:59.929Z
greenhouse	https://job-boards.greenhouse.io/standardai	1	2026-09-28T06:58:59.946Z
greenhouse	https://job-boards.greenhouse.io/starcloud	1	2026-09-28T06:59:00.003Z
greenhouse	https://job-boards.greenhouse.io/stardust	1	2026-09-28T06:59:00.032Z
greenhouse	https://job-boards.greenhouse.io/starry	1	2026-09-28T06:59:00.045Z
greenhouse	https://job-boards.greenhouse.io/statement	1	2026-09-28T06:59:00.099Z
greenhouse	https://job-boards.greenhouse.io/stauer	1	2026-09-28T06:59:00.100Z
greenhouse	https://job-boards.greenhouse.io/stc	1	2026-09-28T06:59:00.141Z
greenhouse	https://job-boards.greenhouse.io/stealth	1	2026-09-28T06:59:00.117Z
greenhouse	https://job-boards.greenhouse.io/stealth241	1	2026-09-28T06:59:00.119Z
greenhouse	https://job-boards.greenhouse.io/stealthceo	1	2026-09-28T06:59:00.121Z
greenhouse	https://job-boards.greenhouse.io/steelperlotmanagementllc	1	2026-09-28T06:59:00.121Z
greenhouse	https://job-boards.greenhouse.io/stellar	1	2026-09-28T06:59:00.139Z
greenhouse	https://job-boards.greenhouse.io/stellarelements	1	2026-09-28T06:59:00.151Z
greenhouse	https://job-boards.greenhouse.io/stellarhealth	1	2026-09-28T06:59:00.139Z
greenhouse	https://job-boards.greenhouse.io/stellic	1	2026-09-28T06:59:00.160Z
greenhouse	https://job-boards.greenhouse.io/stensul	1	2026-09-28T06:59:00.163Z
greenhouse	https://job-boards.greenhouse.io/stepmobile	1	2026-09-28T06:59:00.179Z
greenhouse	https://job-boards.greenhouse.io/stitchmoneyptyltd	1	2026-09-28T06:59:00.200Z
greenhouse	https://job-boards.greenhouse.io/stitchpeo	1	2026-09-28T06:59:00.220Z
greenhouse	https://job-boards.greenhouse.io/stonecomercial	1	2026-09-28T06:59:00.311Z
greenhouse	https://job-boards.greenhouse.io/stord13	1	2026-09-28T06:59:00.400Z
greenhouse	https://job-boards.greenhouse.io/storeno8	1	2026-09-28T06:59:00.327Z
greenhouse	https://job-boards.greenhouse.io/storicardmx	1	2026-09-28T06:59:00.399Z
greenhouse	https://job-boards.greenhouse.io/storkclub	1	2026-09-28T06:59:00.520Z
greenhouse	https://job-boards.greenhouse.io/stormpath	1	2026-09-28T06:59:00.521Z
greenhouse	https://job-boards.greenhouse.io/strataidentity	1	2026-09-28T06:59:00.584Z
greenhouse	https://job-boards.greenhouse.io/strategicresolutionexperts	1	2026-09-28T06:59:00.626Z
greenhouse	https://job-boards.greenhouse.io/strava	1	2026-09-28T06:59:00.626Z
greenhouse	https://job-boards.greenhouse.io/stream	1	2026-09-28T06:59:00.657Z
greenhouse	https://job-boards.greenhouse.io/streamlinedefense	1	2026-09-28T06:59:00.657Z
greenhouse	https://job-boards.greenhouse.io/streamyard	1	2026-09-28T06:59:00.656Z
greenhouse	https://job-boards.greenhouse.io/stressfree	1	2026-09-28T06:59:00.683Z
greenhouse	https://job-boards.greenhouse.io/stridehealth	1	2026-09-28T06:59:00.682Z
greenhouse	https://job-boards.greenhouse.io/stridertechnologies	1	2026-09-28T06:59:00.674Z
greenhouse	https://job-boards.greenhouse.io/stringandkey	1	2026-09-28T06:59:00.691Z
greenhouse	https://job-boards.greenhouse.io/stripes	1	2026-09-28T06:59:00.701Z
greenhouse	https://job-boards.greenhouse.io/strongarmtechnologies	1	2026-09-28T06:59:00.734Z
greenhouse	https://job-boards.greenhouse.io/strongholdim	1	2026-09-28T06:59:00.780Z
greenhouse	https://job-boards.greenhouse.io/stryber	1	2026-09-28T06:59:00.800Z
greenhouse	https://job-boards.greenhouse.io/studentloanhero	1	2026-09-28T06:59:00.808Z
greenhouse	https://job-boards.greenhouse.io/studiosarchitecture	1	2026-09-28T06:59:00.852Z
greenhouse	https://job-boards.greenhouse.io/styleseat32	1	2026-09-28T06:59:00.912Z
greenhouse	https://job-boards.greenhouse.io/stylitics	1	2026-09-28T06:59:00.941Z
greenhouse	https://job-boards.greenhouse.io/styra	1	2026-09-28T06:59:00.967Z
greenhouse	https://job-boards.greenhouse.io/subskribe	1	2026-09-28T06:59:00.982Z
greenhouse	https://job-boards.greenhouse.io/substack	1	2026-09-28T06:59:01.005Z
greenhouse	https://job-boards.greenhouse.io/sugar	1	2026-09-28T06:59:01.025Z
greenhouse	https://job-boards.greenhouse.io/sullyai	1	2026-09-28T06:59:01.061Z
greenhouse	https://job-boards.greenhouse.io/summerinternships	1	2026-09-28T06:59:01.103Z
greenhouse	https://job-boards.greenhouse.io/summit	1	2026-09-28T06:59:01.131Z
greenhouse	https://job-boards.greenhouse.io/summitpublicschools	1	2026-09-28T06:59:01.132Z
greenhouse	https://job-boards.greenhouse.io/sumo	1	2026-09-28T06:59:01.156Z
greenhouse	https://job-boards.greenhouse.io/sunshine	1	2026-09-28T06:59:01.292Z
greenhouse	https://job-boards.greenhouse.io/supabase	1	2026-09-28T06:59:01.347Z
greenhouse	https://job-boards.greenhouse.io/superbet	1	2026-09-28T06:59:01.458Z
greenhouse	https://job-boards.greenhouse.io/superblocks	1	2026-09-28T06:59:01.366Z
greenhouse	https://job-boards.greenhouse.io/superhuman	1	2026-09-28T06:59:01.456Z
greenhouse	https://job-boards.greenhouse.io/superlayer	1	2026-09-28T06:59:01.485Z
greenhouse	https://job-boards.greenhouse.io/superrarelabs	1	2026-09-28T06:59:01.507Z
greenhouse	https://job-boards.greenhouse.io/supio	1	2026-09-28T06:59:01.528Z
greenhouse	https://job-boards.greenhouse.io/supportlogic	1	2026-09-28T06:59:01.565Z
greenhouse	https://job-boards.greenhouse.io/supraoracles	1	2026-09-28T06:59:01.608Z
greenhouse	https://job-boards.greenhouse.io/surfair	1	2026-09-28T06:59:01.632Z
greenhouse	https://job-boards.greenhouse.io/surgicalnotes	1	2026-09-28T06:59:01.631Z
greenhouse	https://job-boards.greenhouse.io/sustainlife	1	2026-09-28T06:59:01.674Z
greenhouse	https://job-boards.greenhouse.io/swagup	1	2026-09-28T06:59:01.691Z
greenhouse	https://job-boards.greenhouse.io/swanbitcoin	1	2026-09-28T06:59:01.702Z
greenhouse	https://job-boards.greenhouse.io/swarmaero	1	2026-09-28T06:59:01.710Z
greenhouse	https://job-boards.greenhouse.io/sweet	1	2026-09-28T06:59:01.731Z
greenhouse	https://job-boards.greenhouse.io/sweeten	1	2026-09-28T06:59:01.734Z
greenhouse	https://job-boards.greenhouse.io/swirlds	1	2026-09-28T06:59:01.793Z
greenhouse	https://job-boards.greenhouse.io/swishanalytics	1	2026-09-28T06:59:01.792Z
greenhouse	https://job-boards.greenhouse.io/syapse	1	2026-09-28T06:59:01.816Z
greenhouse	https://job-boards.greenhouse.io/sylva	1	2026-09-28T06:59:01.838Z
greenhouse	https://job-boards.greenhouse.io/symbolica	1	2026-09-28T06:59:01.859Z
greenhouse	https://job-boards.greenhouse.io/symend	1	2026-09-28T06:59:01.860Z
greenhouse	https://job-boards.greenhouse.io/symmetrysoftware	1	2026-09-28T06:59:01.886Z
greenhouse	https://job-boards.greenhouse.io/synccomputing	1	2026-09-28T06:59:01.888Z
greenhouse	https://job-boards.greenhouse.io/synchron	1	2026-09-28T06:59:01.915Z
greenhouse	https://job-boards.greenhouse.io/syncron	1	2026-09-28T06:59:01.907Z
greenhouse	https://job-boards.greenhouse.io/synctera	1	2026-09-28T06:59:01.906Z
greenhouse	https://job-boards.greenhouse.io/synfindo	1	2026-09-28T06:59:01.939Z
greenhouse	https://job-boards.greenhouse.io/synthesia	1	2026-09-28T06:59:01.971Z
greenhouse	https://job-boards.greenhouse.io/syrup	1	2026-09-28T06:59:01.989Z
greenhouse	https://job-boards.greenhouse.io/sysdig	1	2026-09-28T06:59:02.539Z
greenhouse	https://job-boards.greenhouse.io/tab	1	2026-09-28T06:59:02.594Z
greenhouse	https://job-boards.greenhouse.io/tablecrosskkbyfood	1	2026-09-28T06:59:02.601Z
greenhouse	https://job-boards.greenhouse.io/tableneeds	1	2026-09-28T06:59:02.645Z
greenhouse	https://job-boards.greenhouse.io/tacobell	1	2026-09-28T06:59:02.657Z
greenhouse	https://job-boards.greenhouse.io/tacobelljobs	1	2026-09-28T06:59:02.666Z
greenhouse	https://job-boards.greenhouse.io/tacombi	1	2026-09-28T06:59:02.665Z
greenhouse	https://job-boards.greenhouse.io/taefusion60	1	2026-09-28T06:59:02.743Z
greenhouse	https://job-boards.greenhouse.io/tailorbirdinc	1	2026-09-28T06:59:02.769Z
greenhouse	https://job-boards.greenhouse.io/tails	1	2026-09-28T06:59:02.770Z
greenhouse	https://job-boards.greenhouse.io/taittowers	1	2026-09-28T06:59:02.801Z
greenhouse	https://job-boards.greenhouse.io/tala	1	2026-09-28T06:59:02.821Z
greenhouse	https://job-boards.greenhouse.io/talent_community	1	2026-09-28T06:59:02.824Z
greenhouse	https://job-boards.greenhouse.io/talentscreditas	1	2026-09-28T06:59:02.860Z
greenhouse	https://job-boards.greenhouse.io/tally	1	2026-09-28T06:59:02.912Z
greenhouse	https://job-boards.greenhouse.io/tallywallet	1	2026-09-28T06:59:02.928Z
greenhouse	https://job-boards.greenhouse.io/talos	1	2026-09-28T06:59:02.955Z
greenhouse	https://job-boards.greenhouse.io/tamanna	1	2026-09-28T06:59:02.955Z
greenhouse	https://job-boards.greenhouse.io/tangocard	1	2026-09-28T06:59:02.975Z
greenhouse	https://job-boards.greenhouse.io/tangoio	1	2026-09-28T06:59:02.991Z
greenhouse	https://job-boards.greenhouse.io/tanso	1	2026-09-28T06:59:03.026Z
greenhouse	https://job-boards.greenhouse.io/tapresearch	1	2026-09-28T06:59:03.036Z
greenhouse	https://job-boards.greenhouse.io/targetrwe	1	2026-09-28T06:59:03.086Z
greenhouse	https://job-boards.greenhouse.io/taskhumancoachingcommunity	1	2026-09-28T06:59:03.087Z
greenhouse	https://job-boards.greenhouse.io/taskhumancorporate	1	2026-09-28T06:59:03.087Z
greenhouse	https://job-boards.greenhouse.io/tavus	1	2026-09-28T06:59:03.116Z
greenhouse	https://job-boards.greenhouse.io/taxibeat	1	2026-09-28T06:59:03.159Z
greenhouse	https://job-boards.greenhouse.io/taylorstrategy	1	2026-09-28T06:59:03.161Z
greenhouse	https://job-boards.greenhouse.io/tbnr	1	2026-09-28T06:59:03.173Z
greenhouse	https://job-boards.greenhouse.io/tcgcapital	1	2026-09-28T06:59:03.179Z
greenhouse	https://job-boards.greenhouse.io/tdc	1	2026-09-28T06:59:03.190Z
greenhouse	https://job-boards.greenhouse.io/teacherspayteachers	1	2026-09-28T06:59:03.211Z
greenhouse	https://job-boards.greenhouse.io/teads	1	2026-09-28T06:59:03.230Z
greenhouse	https://job-boards.greenhouse.io/team1	1	2026-09-28T06:59:04.060Z
greenhouse	https://job-boards.greenhouse.io/teamblind	1	2026-09-28T06:59:04.061Z
greenhouse	https://job-boards.greenhouse.io/teampathy	1	2026-09-28T06:59:04.104Z
greenhouse	https://job-boards.greenhouse.io/teampay	1	2026-09-28T06:59:04.105Z
greenhouse	https://job-boards.greenhouse.io/teamworthy	1	2026-09-28T06:59:04.122Z
greenhouse	https://job-boards.greenhouse.io/techietalent	1	2026-09-28T06:59:04.149Z
greenhouse	https://job-boards.greenhouse.io/technisyscareers	1	2026-09-28T06:59:04.165Z
greenhouse	https://job-boards.greenhouse.io/techridge	1	2026-09-28T06:59:04.167Z
greenhouse	https://job-boards.greenhouse.io/techstars	1	2026-09-28T06:59:04.186Z
greenhouse	https://job-boards.greenhouse.io/techtalentandstrategy	1	2026-09-28T06:59:04.186Z
greenhouse	https://job-boards.greenhouse.io/tekion	1	2026-09-28T06:59:04.290Z
greenhouse	https://job-boards.greenhouse.io/teladochealth	1	2026-09-28T06:59:04.331Z
greenhouse	https://job-boards.greenhouse.io/telemedicine	1	2026-09-28T06:59:04.333Z
greenhouse	https://job-boards.greenhouse.io/telesign	1	2026-09-28T06:59:04.349Z
greenhouse	https://job-boards.greenhouse.io/telgorithm	1	2026-09-28T06:59:04.353Z
greenhouse	https://job-boards.greenhouse.io/telusdigitalbr	1	2026-09-28T06:59:04.502Z
greenhouse	https://job-boards.greenhouse.io/templafy	1	2026-09-28T06:59:04.518Z
greenhouse	https://job-boards.greenhouse.io/temporal	1	2026-09-28T06:59:04.519Z
greenhouse	https://job-boards.greenhouse.io/temporaltechnologies	1	2026-09-28T06:59:04.523Z
greenhouse	https://job-boards.greenhouse.io/tempus	1	2026-09-28T06:59:04.549Z
greenhouse	https://job-boards.greenhouse.io/tencent	1	2026-09-28T06:59:04.550Z
greenhouse	https://job-boards.greenhouse.io/tenderfood	1	2026-09-28T06:59:04.551Z
greenhouse	https://job-boards.greenhouse.io/tenet	1	2026-09-28T06:59:04.572Z
greenhouse	https://job-boards.greenhouse.io/tenetfintechgroup	1	2026-09-28T06:59:04.572Z
greenhouse	https://job-boards.greenhouse.io/tensor	1	2026-09-28T06:59:04.592Z
greenhouse	https://job-boards.greenhouse.io/tenthousand	1	2026-09-28T06:59:04.614Z
greenhouse	https://job-boards.greenhouse.io/terapore	1	2026-09-28T06:59:04.641Z
greenhouse	https://job-boards.greenhouse.io/terrafuse	1	2026-09-28T06:59:04.694Z
greenhouse	https://job-boards.greenhouse.io/terramera	1	2026-09-28T06:59:04.694Z
greenhouse	https://job-boards.greenhouse.io/terraytherapeutics	1	2026-09-28T06:59:04.712Z
greenhouse	https://job-boards.greenhouse.io/texthelp	1	2026-09-28T06:59:04.803Z
greenhouse	https://job-boards.greenhouse.io/textileio	1	2026-09-28T06:59:04.802Z
greenhouse	https://job-boards.greenhouse.io/tezatechnologies	1	2026-09-28T06:59:04.829Z
greenhouse	https://job-boards.greenhouse.io/tfliving	1	2026-09-28T06:59:04.830Z
greenhouse	https://job-boards.greenhouse.io/thalamusgme	1	2026-09-28T06:59:04.834Z
greenhouse	https://job-boards.greenhouse.io/theanaeducationalfoundation	1	2026-09-28T06:59:04.870Z
greenhouse	https://job-boards.greenhouse.io/thearenagroup	1	2026-09-28T06:59:04.873Z
greenhouse	https://job-boards.greenhouse.io/theasianamericanfoundationtaaf	1	2026-09-28T06:59:04.881Z
greenhouse	https://job-boards.greenhouse.io/theblacktux	1	2026-09-28T06:59:04.888Z
greenhouse	https://job-boards.greenhouse.io/thedailybeast31	1	2026-09-28T06:59:04.904Z
greenhouse	https://job-boards.greenhouse.io/theflatironschool	1	2026-09-28T06:59:04.947Z
greenhouse	https://job-boards.greenhouse.io/thegivingblock	1	2026-09-28T06:59:04.986Z
greenhouse	https://job-boards.greenhouse.io/thehackerati	1	2026-09-28T06:59:04.997Z
greenhouse	https://job-boards.greenhouse.io/theinformation	1	2026-09-28T06:59:05.002Z
greenhouse	https://job-boards.greenhouse.io/thejpbfoundation	1	2026-09-28T06:59:05.090Z
greenhouse	https://job-boards.greenhouse.io/thejuice	1	2026-09-28T06:59:05.091Z
greenhouse	https://job-boards.greenhouse.io/thelandlinecompany	1	2026-09-28T06:59:05.092Z
greenhouse	https://job-boards.greenhouse.io/themanual	1	2026-09-28T06:59:05.117Z
greenhouse	https://job-boards.greenhouse.io/themany	1	2026-09-28T06:59:05.132Z
greenhouse	https://job-boards.greenhouse.io/themarkup	1	2026-09-28T06:59:05.133Z
greenhouse	https://job-boards.greenhouse.io/theoakleafgroupllc	1	2026-09-28T06:59:05.201Z
greenhouse	https://job-boards.greenhouse.io/theoremlp	1	2026-09-28T06:59:05.263Z
greenhouse	https://job-boards.greenhouse.io/theorg	1	2026-09-28T06:59:05.262Z
greenhouse	https://job-boards.greenhouse.io/theoutline	1	2026-09-28T06:59:05.293Z
greenhouse	https://job-boards.greenhouse.io/thepennyhoarder	1	2026-09-28T06:59:05.363Z
greenhouse	https://job-boards.greenhouse.io/theragun	1	2026-09-28T06:59:05.479Z
greenhouse	https://job-boards.greenhouse.io/therealreal	1	2026-09-28T06:59:05.513Z
greenhouse	https://job-boards.greenhouse.io/therefinery	1	2026-09-28T06:59:05.513Z
greenhouse	https://job-boards.greenhouse.io/therma	1	2026-09-28T06:59:05.543Z
greenhouse	https://job-boards.greenhouse.io/theroom	1	2026-09-28T06:59:05.575Z
greenhouse	https://job-boards.greenhouse.io/thesanfranciscochronicle	1	2026-09-28T06:59:05.576Z
greenhouse	https://job-boards.greenhouse.io/thesis	1	2026-09-28T06:59:05.657Z
greenhouse	https://job-boards.greenhouse.io/thesisdefense	1	2026-09-28T06:59:05.664Z
greenhouse	https://job-boards.greenhouse.io/theskimm	1	2026-09-28T06:59:05.671Z
greenhouse	https://job-boards.greenhouse.io/thesourcery	1	2026-09-28T06:59:05.677Z
greenhouse	https://job-boards.greenhouse.io/theswiftgroup	1	2026-09-28T06:59:05.682Z
greenhouse	https://job-boards.greenhouse.io/thetustingroupasp	1	2026-09-28T06:59:05.694Z
greenhouse	https://job-boards.greenhouse.io/thevets	1	2026-09-28T06:59:05.711Z
greenhouse	https://job-boards.greenhouse.io/thexcompany	1	2026-09-28T06:59:05.778Z
greenhouse	https://job-boards.greenhouse.io/thezebra	1	2026-09-28T06:59:05.778Z
greenhouse	https://job-boards.greenhouse.io/thinkingmachines	1	2026-09-28T06:59:05.842Z
greenhouse	https://job-boards.greenhouse.io/thinx	1	2026-09-28T06:59:05.865Z
greenhouse	https://job-boards.greenhouse.io/thirdharmonicbio	1	2026-09-28T06:59:05.868Z
greenhouse	https://job-boards.greenhouse.io/thirdway	1	2026-09-28T06:59:05.885Z
greenhouse	https://job-boards.greenhouse.io/thirtymadison	1	2026-09-28T06:59:05.911Z
greenhouse	https://job-boards.greenhouse.io/thnks	1	2026-09-28T06:59:05.953Z
greenhouse	https://job-boards.greenhouse.io/thoughtful	1	2026-09-28T06:59:05.974Z
greenhouse	https://job-boards.greenhouse.io/thoughtspot	1	2026-09-28T06:59:06.502Z
greenhouse	https://job-boards.greenhouse.io/thousandeyes	1	2026-09-28T06:59:05.998Z
greenhouse	https://job-boards.greenhouse.io/thread	1	2026-09-28T06:59:05.996Z
greenhouse	https://job-boards.greenhouse.io/threeships	1	2026-09-28T06:59:06.038Z
greenhouse	https://job-boards.greenhouse.io/threespacelab	1	2026-09-28T06:59:06.040Z
greenhouse	https://job-boards.greenhouse.io/thriva	1	2026-09-28T06:59:06.040Z
greenhouse	https://job-boards.greenhouse.io/thrivecapital	1	2026-09-28T06:59:06.064Z
greenhouse	https://job-boards.greenhouse.io/thrivecart	1	2026-09-28T06:59:06.055Z
greenhouse	https://job-boards.greenhouse.io/thriveglobal	1	2026-09-28T06:59:06.071Z
greenhouse	https://job-boards.greenhouse.io/throughline	1	2026-09-28T06:59:06.083Z
greenhouse	https://job-boards.greenhouse.io/thumbtack	1	2026-09-28T06:59:06.090Z
greenhouse	https://job-boards.greenhouse.io/thunder	1	2026-09-28T06:59:06.094Z
greenhouse	https://job-boards.greenhouse.io/thymecare	1	2026-09-28T06:59:06.109Z
greenhouse	https://job-boards.greenhouse.io/tiermobility	1	2026-09-28T06:59:06.150Z
greenhouse	https://job-boards.greenhouse.io/tiermobilitygermany	1	2026-09-28T06:59:06.171Z
greenhouse	https://job-boards.greenhouse.io/tillatechnologies	1	2026-09-28T06:59:06.239Z
greenhouse	https://job-boards.greenhouse.io/tiltingpoint	1	2026-09-28T06:59:06.242Z
greenhouse	https://job-boards.greenhouse.io/timeinc	1	2026-09-28T06:59:06.240Z
greenhouse	https://job-boards.greenhouse.io/timeresearch	1	2026-09-28T06:59:06.258Z
greenhouse	https://job-boards.greenhouse.io/timescale	1	2026-09-28T06:59:06.259Z
greenhouse	https://job-boards.greenhouse.io/tinkermode	1	2026-09-28T06:59:06.281Z
greenhouse	https://job-boards.greenhouse.io/tinuitisecondarypage	1	2026-09-28T06:59:06.294Z
greenhouse	https://job-boards.greenhouse.io/tireseasycom	1	2026-09-28T06:59:06.338Z
greenhouse	https://job-boards.greenhouse.io/titan	1	2026-09-28T06:59:06.348Z
greenhouse	https://job-boards.greenhouse.io/titelmedia	1	2026-09-28T06:59:06.356Z
greenhouse	https://job-boards.greenhouse.io/tmg	1	2026-09-28T06:59:06.883Z
greenhouse	https://job-boards.greenhouse.io/tminuszero	1	2026-09-28T06:59:06.386Z
greenhouse	https://job-boards.greenhouse.io/tomebio	1	2026-09-28T06:59:06.535Z
greenhouse	https://job-boards.greenhouse.io/tomonetworks	1	2026-09-28T06:59:06.555Z
greenhouse	https://job-boards.greenhouse.io/tomorrowhealth	1	2026-09-28T06:59:06.564Z
greenhouse	https://job-boards.greenhouse.io/tonal	1	2026-09-28T06:59:06.567Z
greenhouse	https://job-boards.greenhouse.io/tonic	1	2026-09-28T06:59:06.578Z
greenhouse	https://job-boards.greenhouse.io/toogoodtogo	1	2026-09-28T06:59:06.585Z
greenhouse	https://job-boards.greenhouse.io/topcompare	1	2026-09-28T06:59:06.604Z
greenhouse	https://job-boards.greenhouse.io/toposware	1	2026-09-28T06:59:06.638Z
greenhouse	https://job-boards.greenhouse.io/topspot	1	2026-09-28T06:59:06.659Z
greenhouse	https://job-boards.greenhouse.io/tornbannerstudios	1	2026-09-28T06:59:06.698Z
greenhouse	https://job-boards.greenhouse.io/totusmedicines	1	2026-09-28T06:59:06.922Z
greenhouse	https://job-boards.greenhouse.io/trackinglink	1	2026-09-28T06:59:07.035Z
greenhouse	https://job-boards.greenhouse.io/trackmaven	1	2026-09-28T06:59:07.059Z
greenhouse	https://job-boards.greenhouse.io/tracktik	1	2026-09-28T06:59:07.078Z
greenhouse	https://job-boards.greenhouse.io/trackvia	1	2026-09-28T06:59:07.078Z
greenhouse	https://job-boards.greenhouse.io/tractable	1	2026-09-28T06:59:07.109Z
greenhouse	https://job-boards.greenhouse.io/tradecoffee	1	2026-09-28T06:59:07.110Z
greenhouse	https://job-boards.greenhouse.io/tradesy74	1	2026-09-28T06:59:07.135Z
greenhouse	https://job-boards.greenhouse.io/trailerpark	1	2026-09-28T06:59:07.140Z
greenhouse	https://job-boards.greenhouse.io/trailofbits	1	2026-09-28T06:59:07.134Z
greenhouse	https://job-boards.greenhouse.io/trails	1	2026-09-28T06:59:07.135Z
greenhouse	https://job-boards.greenhouse.io/trailstonegroup	1	2026-09-28T06:59:07.167Z
greenhouse	https://job-boards.greenhouse.io/transcarent	1	2026-09-28T06:59:07.152Z
greenhouse	https://job-boards.greenhouse.io/transferwise	1	2026-09-28T06:59:07.186Z
greenhouse	https://job-boards.greenhouse.io/translationunitedmastersstashed	1	2026-09-28T06:59:07.191Z
greenhouse	https://job-boards.greenhouse.io/traveledge	1	2026-09-28T06:59:07.217Z
greenhouse	https://job-boards.greenhouse.io/traveloka	1	2026-09-28T06:59:07.224Z
greenhouse	https://job-boards.greenhouse.io/travelperk	1	2026-09-28T06:59:07.238Z
greenhouse	https://job-boards.greenhouse.io/traversal	1	2026-09-28T06:59:07.233Z
greenhouse	https://job-boards.greenhouse.io/trayio	1	2026-09-28T06:59:07.239Z
greenhouse	https://job-boards.greenhouse.io/treasury4	1	2026-09-28T06:59:07.242Z
greenhouse	https://job-boards.greenhouse.io/trellis	1	2026-09-28T06:59:07.268Z
greenhouse	https://job-boards.greenhouse.io/trellisrx	1	2026-09-28T06:59:07.275Z
greenhouse	https://job-boards.greenhouse.io/trialspark	1	2026-09-28T06:59:07.299Z
greenhouse	https://job-boards.greenhouse.io/tribe	1	2026-09-28T06:59:07.318Z
greenhouse	https://job-boards.greenhouse.io/tridge	1	2026-09-28T06:59:07.487Z
greenhouse	https://job-boards.greenhouse.io/trilitech	1	2026-09-28T06:59:07.335Z
greenhouse	https://job-boards.greenhouse.io/trilogyed	1	2026-09-28T06:59:07.346Z
greenhouse	https://job-boards.greenhouse.io/trilogyinstructionalengagement	1	2026-09-28T06:59:07.352Z
greenhouse	https://job-boards.greenhouse.io/trimarkassociates	1	2026-09-28T06:59:07.352Z
greenhouse	https://job-boards.greenhouse.io/trinityairmedical	1	2026-09-28T06:59:07.355Z
greenhouse	https://job-boards.greenhouse.io/triplebyte	1	2026-09-28T06:59:07.408Z
greenhouse	https://job-boards.greenhouse.io/trlab	1	2026-09-28T06:59:07.557Z
greenhouse	https://job-boards.greenhouse.io/trmlabs	1	2026-09-28T06:59:07.574Z
greenhouse	https://job-boards.greenhouse.io/tropic	1	2026-09-28T06:59:07.578Z
greenhouse	https://job-boards.greenhouse.io/troupehealth	1	2026-09-28T06:59:07.668Z
greenhouse	https://job-boards.greenhouse.io/trueclassicteesllc	1	2026-09-28T06:59:07.725Z
greenhouse	https://job-boards.greenhouse.io/truelogic	1	2026-09-28T06:59:07.744Z
greenhouse	https://job-boards.greenhouse.io/truepiccareers	1	2026-09-28T06:59:07.744Z
greenhouse	https://job-boards.greenhouse.io/truepill	1	2026-09-28T06:59:07.752Z
greenhouse	https://job-boards.greenhouse.io/truework	1	2026-09-28T06:59:07.754Z
greenhouse	https://job-boards.greenhouse.io/trulia	1	2026-09-28T06:59:07.762Z
greenhouse	https://job-boards.greenhouse.io/trulioo	1	2026-09-28T06:59:07.764Z
greenhouse	https://job-boards.greenhouse.io/trunkclub	1	2026-09-28T06:59:07.779Z
greenhouse	https://job-boards.greenhouse.io/trustana	1	2026-09-28T06:59:07.798Z
greenhouse	https://job-boards.greenhouse.io/trustedhealth	1	2026-09-28T06:59:07.819Z
greenhouse	https://job-boards.greenhouse.io/trustmachines	1	2026-09-28T06:59:07.821Z
greenhouse	https://job-boards.greenhouse.io/trustory	1	2026-09-28T06:59:07.933Z
greenhouse	https://job-boards.greenhouse.io/trustwell	1	2026-09-28T06:59:07.934Z
greenhouse	https://job-boards.greenhouse.io/trykarat	1	2026-09-28T06:59:07.958Z
greenhouse	https://job-boards.greenhouse.io/tshirtventures	1	2026-09-28T06:59:07.958Z
greenhouse	https://job-boards.greenhouse.io/tucowscampusrecruitment	1	2026-09-28T06:59:08.033Z
greenhouse	https://job-boards.greenhouse.io/tumblr	1	2026-09-28T06:59:08.045Z
greenhouse	https://job-boards.greenhouse.io/tunein	1	2026-09-28T06:59:08.044Z
greenhouse	https://job-boards.greenhouse.io/turbofish	1	2026-09-28T06:59:08.082Z
greenhouse	https://job-boards.greenhouse.io/turingportal	1	2026-09-28T06:59:08.101Z
greenhouse	https://job-boards.greenhouse.io/turnkeylenderinc	1	2026-09-28T06:59:08.120Z
greenhouse	https://job-boards.greenhouse.io/turntide	1	2026-09-28T06:59:08.121Z
greenhouse	https://job-boards.greenhouse.io/turo	1	2026-09-28T06:59:08.124Z
greenhouse	https://job-boards.greenhouse.io/turquoisehealth	1	2026-09-28T06:59:08.121Z
greenhouse	https://job-boards.greenhouse.io/tusimple	1	2026-09-28T06:59:08.144Z
greenhouse	https://job-boards.greenhouse.io/tusimplerelocationjobs	1	2026-09-28T06:59:08.142Z
greenhouse	https://job-boards.greenhouse.io/tutorme	1	2026-09-28T06:59:08.143Z
greenhouse	https://job-boards.greenhouse.io/tvscientific	1	2026-09-28T06:59:08.144Z
greenhouse	https://job-boards.greenhouse.io/tweag	1	2026-09-28T06:59:08.145Z
greenhouse	https://job-boards.greenhouse.io/twelve	1	2026-09-28T06:59:08.166Z
greenhouse	https://job-boards.greenhouse.io/twillhealth	1	2026-09-28T06:59:08.166Z
greenhouse	https://job-boards.greenhouse.io/twinstar	1	2026-09-28T06:59:08.167Z
greenhouse	https://job-boards.greenhouse.io/twinternal	1	2026-09-28T06:59:08.194Z
greenhouse	https://job-boards.greenhouse.io/two	1	2026-09-28T06:59:08.212Z
greenhouse	https://job-boards.greenhouse.io/twonil	1	2026-09-28T06:59:08.287Z
greenhouse	https://job-boards.greenhouse.io/txm	1	2026-09-28T06:59:08.303Z
greenhouse	https://job-boards.greenhouse.io/u410	1	2026-09-28T06:59:08.337Z
greenhouse	https://job-boards.greenhouse.io/uchicagoepic	1	2026-09-28T06:59:08.368Z
greenhouse	https://job-boards.greenhouse.io/uiflow	1	2026-09-28T06:59:08.414Z
greenhouse	https://job-boards.greenhouse.io/ultimaker	1	2026-09-28T06:59:08.444Z
greenhouse	https://job-boards.greenhouse.io/ultramobile	1	2026-09-28T06:59:08.478Z
greenhouse	https://job-boards.greenhouse.io/uncacheable_attributes	1	2026-09-28T06:59:08.597Z
greenhouse	https://job-boards.greenhouse.io/uncommongoods	1	2026-09-28T06:59:08.608Z
greenhouse	https://job-boards.greenhouse.io/underdogfantasy	1	2026-09-28T06:59:08.628Z
greenhouse	https://job-boards.greenhouse.io/unionai	1	2026-09-28T06:59:08.644Z
greenhouse	https://job-boards.greenhouse.io/uniplaces	1	2026-09-28T06:59:08.651Z
greenhouse	https://job-boards.greenhouse.io/uniswaplabs	1	2026-09-28T06:59:08.683Z
greenhouse	https://job-boards.greenhouse.io/unit21	1	2026-09-28T06:59:08.698Z
greenhouse	https://job-boards.greenhouse.io/unitedmasters	1	2026-09-28T06:59:08.698Z
greenhouse	https://job-boards.greenhouse.io/unitedstatesgolfassociation	1	2026-09-28T06:59:08.732Z
greenhouse	https://job-boards.greenhouse.io/unity3d	1	2026-09-28T06:59:08.733Z
greenhouse	https://job-boards.greenhouse.io/universalhydrogen	1	2026-09-28T06:59:08.756Z
greenhouse	https://job-boards.greenhouse.io/universeenergy	1	2026-09-28T06:59:08.831Z
greenhouse	https://job-boards.greenhouse.io/universityofchicago	1	2026-09-28T06:59:08.832Z
greenhouse	https://job-boards.greenhouse.io/unohealth	1	2026-09-28T06:59:08.924Z
greenhouse	https://job-boards.greenhouse.io/up	1	2026-09-28T06:59:08.944Z
greenhouse	https://job-boards.greenhouse.io/upsolver	1	2026-09-28T06:59:08.982Z
greenhouse	https://job-boards.greenhouse.io/upstreamcare	1	2026-09-28T06:59:09.006Z
greenhouse	https://job-boards.greenhouse.io/uptake	1	2026-09-28T06:59:09.024Z
greenhouse	https://job-boards.greenhouse.io/uptivhealth	1	2026-09-28T06:59:09.028Z
greenhouse	https://job-boards.greenhouse.io/upworthy	1	2026-09-28T06:59:09.076Z
greenhouse	https://job-boards.greenhouse.io/urban	1	2026-09-28T06:59:09.077Z
greenhouse	https://job-boards.greenhouse.io/urbanfootprint	1	2026-09-28T06:59:09.099Z
greenhouse	https://job-boards.greenhouse.io/urbint	1	2026-09-28T06:59:09.119Z
greenhouse	https://job-boards.greenhouse.io/urbnleaf	1	2026-09-28T06:59:09.123Z
greenhouse	https://job-boards.greenhouse.io/urx	1	2026-09-28T06:59:09.142Z
greenhouse	https://job-boards.greenhouse.io/usablemachines	1	2026-09-28T06:59:09.156Z
greenhouse	https://job-boards.greenhouse.io/userflow	1	2026-09-28T06:59:09.217Z
greenhouse	https://job-boards.greenhouse.io/userinterviews	1	2026-09-28T06:59:09.234Z
greenhouse	https://job-boards.greenhouse.io/userleap	1	2026-09-28T06:59:09.235Z
greenhouse	https://job-boards.greenhouse.io/ushur	1	2026-09-28T06:59:09.253Z
greenhouse	https://job-boards.greenhouse.io/usjetaa	1	2026-09-28T06:59:09.253Z
greenhouse	https://job-boards.greenhouse.io/ustwo	1	2026-09-28T06:59:09.289Z
greenhouse	https://job-boards.greenhouse.io/ustwogames	1	2026-09-28T06:59:09.290Z
greenhouse	https://job-boards.greenhouse.io/utilityapi	1	2026-09-28T06:59:09.337Z
greenhouse	https://job-boards.greenhouse.io/vac	1	2026-09-28T06:59:09.337Z
greenhouse	https://job-boards.greenhouse.io/valiantharborinternationalllc	1	2026-09-28T06:59:09.410Z
greenhouse	https://job-boards.greenhouse.io/valimailinc	1	2026-09-28T06:59:09.463Z
greenhouse	https://job-boards.greenhouse.io/valleyview	1	2026-09-28T06:59:09.533Z
greenhouse	https://job-boards.greenhouse.io/valon	1	2026-09-28T06:59:09.534Z
greenhouse	https://job-boards.greenhouse.io/valorainc	1	2026-09-28T06:59:09.575Z
greenhouse	https://job-boards.greenhouse.io/vanecapital	1	2026-09-28T06:59:09.594Z
greenhouse	https://job-boards.greenhouse.io/vannahealth	1	2026-09-28T06:59:09.640Z
greenhouse	https://job-boards.greenhouse.io/vanta	1	2026-09-28T06:59:09.662Z
greenhouse	https://job-boards.greenhouse.io/vantaiinc	1	2026-09-28T06:59:09.674Z
greenhouse	https://job-boards.greenhouse.io/vareto	1	2026-09-28T06:59:09.698Z
greenhouse	https://job-boards.greenhouse.io/varsitytutors	1	2026-09-28T06:59:09.844Z
greenhouse	https://job-boards.greenhouse.io/vastai	1	2026-09-28T06:59:09.863Z
greenhouse	https://job-boards.greenhouse.io/vatcllc123	1	2026-09-28T06:59:09.863Z
greenhouse	https://job-boards.greenhouse.io/vault	1	2026-09-28T06:59:09.880Z
greenhouse	https://job-boards.greenhouse.io/vayu	1	2026-09-28T06:59:09.995Z
greenhouse	https://job-boards.greenhouse.io/vdxtvakaexponentialinteractive	1	2026-09-28T06:59:09.996Z
greenhouse	https://job-boards.greenhouse.io/veedio	1	2026-09-28T06:59:10.173Z
greenhouse	https://job-boards.greenhouse.io/veem	1	2026-09-28T06:59:10.203Z
greenhouse	https://job-boards.greenhouse.io/veesearch	1	2026-09-28T06:59:10.204Z
greenhouse	https://job-boards.greenhouse.io/velocityglobal	1	2026-09-28T06:59:10.387Z
greenhouse	https://job-boards.greenhouse.io/velodyne	1	2026-09-28T06:59:10.388Z
greenhouse	https://job-boards.greenhouse.io/venafi	1	2026-09-28T06:59:10.403Z
greenhouse	https://job-boards.greenhouse.io/vendia	1	2026-09-28T06:59:10.409Z
greenhouse	https://job-boards.greenhouse.io/vendr	1	2026-09-28T06:59:10.410Z
greenhouse	https://job-boards.greenhouse.io/venmo	1	2026-09-28T06:59:10.408Z
greenhouse	https://job-boards.greenhouse.io/venn	1	2026-09-28T06:59:10.420Z
greenhouse	https://job-boards.greenhouse.io/ventureforamerica	1	2026-09-28T06:59:10.431Z
greenhouse	https://job-boards.greenhouse.io/venturegloballng	1	2026-09-28T06:59:10.440Z
greenhouse	https://job-boards.greenhouse.io/verbenergy	1	2026-09-28T06:59:10.515Z
greenhouse	https://job-boards.greenhouse.io/veriforce	1	2026-09-28T06:59:10.566Z
greenhouse	https://job-boards.greenhouse.io/veritone	1	2026-09-28T06:59:10.609Z
greenhouse	https://job-boards.greenhouse.io/veronapharma	1	2026-09-28T06:59:11.267Z
greenhouse	https://job-boards.greenhouse.io/vertocareers	1	2026-09-28T06:59:11.368Z
greenhouse	https://job-boards.greenhouse.io/verusaerospace	1	2026-09-28T06:59:11.369Z
greenhouse	https://job-boards.greenhouse.io/vesartex	1	2026-09-28T06:59:11.414Z
greenhouse	https://job-boards.greenhouse.io/vestahealthcare	1	2026-09-28T06:59:11.413Z
greenhouse	https://job-boards.greenhouse.io/vestal	1	2026-09-28T06:59:11.416Z
greenhouse	https://job-boards.greenhouse.io/vetstoria	1	2026-09-28T06:59:11.492Z
greenhouse	https://job-boards.greenhouse.io/vettery	1	2026-09-28T06:59:11.589Z
greenhouse	https://job-boards.greenhouse.io/veza	1	2026-09-28T06:59:11.588Z
greenhouse	https://job-boards.greenhouse.io/viber	1	2026-09-28T06:59:11.850Z
greenhouse	https://job-boards.greenhouse.io/vibrant	1	2026-09-28T06:59:11.851Z
greenhouse	https://job-boards.greenhouse.io/vicarioussurgical	1	2026-09-28T06:59:11.869Z
greenhouse	https://job-boards.greenhouse.io/vice	1	2026-09-28T06:59:11.866Z
greenhouse	https://job-boards.greenhouse.io/vicecanada	1	2026-09-28T06:59:11.870Z
greenhouse	https://job-boards.greenhouse.io/victorious	1	2026-09-28T06:59:11.882Z
greenhouse	https://job-boards.greenhouse.io/viderityinc	1	2026-09-28T06:59:11.886Z
greenhouse	https://job-boards.greenhouse.io/vidmob	1	2026-09-28T06:59:11.889Z
greenhouse	https://job-boards.greenhouse.io/vidyard	1	2026-09-28T06:59:12.196Z
greenhouse	https://job-boards.greenhouse.io/vimeo	1	2026-09-28T06:59:12.212Z
greenhouse	https://job-boards.greenhouse.io/vipvermontinformationprocessing	1	2026-09-28T06:59:12.218Z
greenhouse	https://job-boards.greenhouse.io/virtahealth	1	2026-09-28T06:59:12.220Z
greenhouse	https://job-boards.greenhouse.io/virtasant	1	2026-09-28T06:59:12.239Z
greenhouse	https://job-boards.greenhouse.io/virtex	1	2026-09-28T06:59:12.239Z
greenhouse	https://job-boards.greenhouse.io/virtualhealth	1	2026-09-28T06:59:12.269Z
greenhouse	https://job-boards.greenhouse.io/virtuance	1	2026-09-28T06:59:12.268Z
greenhouse	https://job-boards.greenhouse.io/virtue	1	2026-09-28T06:59:12.269Z
greenhouse	https://job-boards.greenhouse.io/visbymedical	1	2026-09-28T06:59:12.292Z
greenhouse	https://job-boards.greenhouse.io/visor	1	2026-09-28T06:59:12.317Z
greenhouse	https://job-boards.greenhouse.io/vitablehealth	1	2026-09-28T06:59:12.323Z
greenhouse	https://job-boards.greenhouse.io/vitahealth	1	2026-09-28T06:59:12.320Z
greenhouse	https://job-boards.greenhouse.io/vivian	1	2026-09-28T06:59:12.368Z
greenhouse	https://job-boards.greenhouse.io/vividly	1	2026-09-28T06:59:12.380Z
greenhouse	https://job-boards.greenhouse.io/vizai	1	2026-09-28T06:59:12.413Z
greenhouse	https://job-boards.greenhouse.io/vizgen	1	2026-09-28T06:59:12.425Z
greenhouse	https://job-boards.greenhouse.io/vizit	1	2026-09-28T06:59:12.433Z
greenhouse	https://job-boards.greenhouse.io/voice	1	2026-09-28T06:59:12.445Z
greenhouse	https://job-boards.greenhouse.io/volleythat	1	2026-09-28T06:59:12.450Z
greenhouse	https://job-boards.greenhouse.io/voltacharging	1	2026-09-28T06:59:12.459Z
greenhouse	https://job-boards.greenhouse.io/voltrondata	1	2026-09-28T06:59:12.459Z
greenhouse	https://job-boards.greenhouse.io/vouchinsurance	1	2026-09-28T06:59:12.612Z
greenhouse	https://job-boards.greenhouse.io/vowgroup	1	2026-09-28T06:59:12.611Z
greenhouse	https://job-boards.greenhouse.io/voxy	1	2026-09-28T06:59:12.847Z
greenhouse	https://job-boards.greenhouse.io/vuestorefront	1	2026-09-28T06:59:12.921Z
greenhouse	https://job-boards.greenhouse.io/vultr	1	2026-09-28T06:59:12.938Z
greenhouse	https://job-boards.greenhouse.io/vultronai	1	2026-09-28T06:59:12.951Z
greenhouse	https://job-boards.greenhouse.io/vungle	1	2026-09-28T06:59:13.014Z
greenhouse	https://job-boards.greenhouse.io/vytalizehealth	1	2026-09-28T06:59:13.014Z
greenhouse	https://job-boards.greenhouse.io/wagmo	1	2026-09-28T06:59:13.047Z
greenhouse	https://job-boards.greenhouse.io/wakam	1	2026-09-28T06:59:13.046Z
greenhouse	https://job-boards.greenhouse.io/waku	1	2026-09-28T06:59:13.047Z
greenhouse	https://job-boards.greenhouse.io/waldo	1	2026-09-28T06:59:13.048Z
greenhouse	https://job-boards.greenhouse.io/walleyecapital-external-internships	1	2026-09-28T06:59:13.073Z
greenhouse	https://job-boards.greenhouse.io/walmartasr	1	2026-09-28T06:59:13.100Z
greenhouse	https://job-boards.greenhouse.io/wanna	1	2026-09-28T06:59:13.191Z
greenhouse	https://job-boards.greenhouse.io/warbyparker	1	2026-09-28T06:59:13.192Z
greenhouse	https://job-boards.greenhouse.io/wargamingru	1	2026-09-28T06:59:13.218Z
greenhouse	https://job-boards.greenhouse.io/watershedclimate	1	2026-09-28T06:59:13.257Z
greenhouse	https://job-boards.greenhouse.io/waveapp	1	2026-09-28T06:59:13.263Z
greenhouse	https://job-boards.greenhouse.io/wavemm	1	2026-09-28T06:59:13.279Z
greenhouse	https://job-boards.greenhouse.io/wavexr	1	2026-09-28T06:59:13.289Z
greenhouse	https://job-boards.greenhouse.io/wayfair	1	2026-09-28T06:59:13.299Z
greenhouse	https://job-boards.greenhouse.io/wayup	1	2026-09-28T06:59:13.313Z
greenhouse	https://job-boards.greenhouse.io/wealthfront	1	2026-09-28T06:59:13.341Z
greenhouse	https://job-boards.greenhouse.io/weareservicemax	1	2026-09-28T06:59:13.342Z
greenhouse	https://job-boards.greenhouse.io/weatherbug	1	2026-09-28T06:59:13.367Z
greenhouse	https://job-boards.greenhouse.io/weatherwaxbio	1	2026-09-28T06:59:13.360Z
greenhouse	https://job-boards.greenhouse.io/weavegrid	1	2026-09-28T06:59:13.361Z
greenhouse	https://job-boards.greenhouse.io/weavehq	1	2026-09-28T06:59:13.434Z
greenhouse	https://job-boards.greenhouse.io/webai	1	2026-09-28T06:59:13.435Z
greenhouse	https://job-boards.greenhouse.io/webgility	1	2026-09-28T06:59:13.436Z
greenhouse	https://job-boards.greenhouse.io/weconnectrecovery	1	2026-09-28T06:59:13.522Z
greenhouse	https://job-boards.greenhouse.io/weedmaps	1	2026-09-28T06:59:13.523Z
greenhouse	https://job-boards.greenhouse.io/well	1	2026-09-28T06:59:13.614Z
greenhouse	https://job-boards.greenhouse.io/wellhealthinc	1	2026-09-28T06:59:13.615Z
greenhouse	https://job-boards.greenhouse.io/wellth	1	2026-09-28T06:59:13.655Z
greenhouse	https://job-boards.greenhouse.io/west10llc	1	2026-09-28T06:59:13.692Z
greenhouse	https://job-boards.greenhouse.io/westmonroe1	1	2026-09-28T06:59:13.694Z
greenhouse	https://job-boards.greenhouse.io/wework	1	2026-09-28T06:59:13.713Z
greenhouse	https://job-boards.greenhouse.io/weworkglobalit	1	2026-09-28T06:59:13.712Z
greenhouse	https://job-boards.greenhouse.io/whatnot	1	2026-09-28T06:59:13.731Z
greenhouse	https://job-boards.greenhouse.io/wheel	1	2026-09-28T06:59:13.732Z
greenhouse	https://job-boards.greenhouse.io/wheniwork	1	2026-09-28T06:59:13.753Z
greenhouse	https://job-boards.greenhouse.io/whipmedia	1	2026-09-28T06:59:13.763Z
greenhouse	https://job-boards.greenhouse.io/whiskercloud	1	2026-09-28T06:59:13.796Z
greenhouse	https://job-boards.greenhouse.io/whispir	1	2026-09-28T06:59:13.770Z
greenhouse	https://job-boards.greenhouse.io/whistlelabs	1	2026-09-28T06:59:13.782Z
greenhouse	https://job-boards.greenhouse.io/whistlertrading	1	2026-09-28T06:59:13.780Z
greenhouse	https://job-boards.greenhouse.io/whistlesports	1	2026-09-28T06:59:13.786Z
greenhouse	https://job-boards.greenhouse.io/whiteops	1	2026-09-28T06:59:13.797Z
greenhouse	https://job-boards.greenhouse.io/whop	1	2026-09-28T06:59:13.821Z
greenhouse	https://job-boards.greenhouse.io/wideorbit	1	2026-09-28T06:59:13.828Z
greenhouse	https://job-boards.greenhouse.io/wildtype	1	2026-09-28T06:59:13.864Z
greenhouse	https://job-boards.greenhouse.io/wileyedgerecruitingportal	1	2026-09-28T06:59:13.871Z
greenhouse	https://job-boards.greenhouse.io/willowtree	1	2026-09-28T06:59:13.888Z
greenhouse	https://job-boards.greenhouse.io/winbg	1	2026-09-28T06:59:13.921Z
greenhouse	https://job-boards.greenhouse.io/windfallbio	1	2026-09-28T06:59:13.950Z
greenhouse	https://job-boards.greenhouse.io/wingocard	1	2026-09-28T06:59:13.951Z
greenhouse	https://job-boards.greenhouse.io/wirewheel	1	2026-09-28T06:59:14.021Z
greenhouse	https://job-boards.greenhouse.io/wirexlimited	1	2026-09-28T06:59:14.021Z
greenhouse	https://job-boards.greenhouse.io/wisesystems	1	2026-09-28T06:59:14.041Z
greenhouse	https://job-boards.greenhouse.io/wistia	1	2026-09-28T06:59:14.044Z
greenhouse	https://job-boards.greenhouse.io/withco	1	2026-09-28T06:59:14.054Z
greenhouse	https://job-boards.greenhouse.io/witheritelawgroup	1	2026-09-28T06:59:14.060Z
greenhouse	https://job-boards.greenhouse.io/within	1	2026-09-28T06:59:14.063Z
greenhouse	https://job-boards.greenhouse.io/withotter	1	2026-09-28T06:59:14.076Z
greenhouse	https://job-boards.greenhouse.io/withumsmithbrown	1	2026-09-28T06:59:14.081Z
greenhouse	https://job-boards.greenhouse.io/wizardsofthecoast	1	2026-09-28T06:59:14.088Z
greenhouse	https://job-boards.greenhouse.io/wizehiveusa	1	2026-09-28T06:59:14.096Z
greenhouse	https://job-boards.greenhouse.io/womply	1	2026-09-28T06:59:14.194Z
greenhouse	https://job-boards.greenhouse.io/wonderjobs	1	2026-09-28T06:59:14.214Z
greenhouse	https://job-boards.greenhouse.io/wondersco	1	2026-09-28T06:59:14.233Z
greenhouse	https://job-boards.greenhouse.io/woodrodgers	1	2026-09-28T06:59:14.287Z
greenhouse	https://job-boards.greenhouse.io/woodruffsawyer	1	2026-09-28T06:59:14.290Z
greenhouse	https://job-boards.greenhouse.io/woonetwork	1	2026-09-28T06:59:14.309Z
greenhouse	https://job-boards.greenhouse.io/wordpressvip	1	2026-09-28T06:59:14.333Z
greenhouse	https://job-boards.greenhouse.io/workco	1	2026-09-28T06:59:14.821Z
greenhouse	https://job-boards.greenhouse.io/workforef	1	2026-09-28T06:59:14.505Z
greenhouse	https://job-boards.greenhouse.io/workmarket	1	2026-09-28T06:59:14.594Z
greenhouse	https://job-boards.greenhouse.io/workrise	1	2026-09-28T06:59:14.588Z
greenhouse	https://job-boards.greenhouse.io/workshopapd	1	2026-09-28T06:59:14.599Z
greenhouse	https://job-boards.greenhouse.io/workshopdigital	1	2026-09-28T06:59:14.609Z
greenhouse	https://job-boards.greenhouse.io/worldcoinorg	1	2026-09-28T06:59:14.653Z
greenhouse	https://job-boards.greenhouse.io/worldlabs	1	2026-09-28T06:59:14.657Z
greenhouse	https://job-boards.greenhouse.io/worlds	1	2026-09-28T06:59:14.682Z
greenhouse	https://job-boards.greenhouse.io/worldsuntold	1	2026-09-28T06:59:14.683Z
greenhouse	https://job-boards.greenhouse.io/wormholefoundation	1	2026-09-28T06:59:14.710Z
greenhouse	https://job-boards.greenhouse.io/wormholelabs	1	2026-09-28T06:59:14.711Z
greenhouse	https://job-boards.greenhouse.io/worthi	1	2026-09-28T06:59:14.950Z
greenhouse	https://job-boards.greenhouse.io/wppit	1	2026-09-28T06:59:14.732Z
greenhouse	https://job-boards.greenhouse.io/wrapbook	1	2026-09-28T06:59:14.805Z
greenhouse	https://job-boards.greenhouse.io/wunder	1	2026-09-28T06:59:14.949Z
greenhouse	https://job-boards.greenhouse.io/wurl	1	2026-09-28T06:59:14.994Z
greenhouse	https://job-boards.greenhouse.io/wursta	1	2026-09-28T06:59:15.013Z
greenhouse	https://job-boards.greenhouse.io/wurstacorporation	1	2026-09-28T06:59:15.020Z
greenhouse	https://job-boards.greenhouse.io/wyndlabs	1	2026-09-28T06:59:15.041Z
greenhouse	https://job-boards.greenhouse.io/wyre	1	2026-09-28T06:59:15.040Z
greenhouse	https://job-boards.greenhouse.io/wysemetersolutionsinc	1	2026-09-28T06:59:15.098Z
greenhouse	https://job-boards.greenhouse.io/xanpool	1	2026-09-28T06:59:15.115Z
greenhouse	https://job-boards.greenhouse.io/xgeeks	1	2026-09-28T06:59:15.295Z
greenhouse	https://job-boards.greenhouse.io/xgs	1	2026-09-28T06:59:15.297Z
greenhouse	https://job-boards.greenhouse.io/xhiring	1	2026-09-28T06:59:15.319Z
greenhouse	https://job-boards.greenhouse.io/xlabs	1	2026-09-28T06:59:15.317Z
greenhouse	https://job-boards.greenhouse.io/xmtp	1	2026-09-28T06:59:15.361Z
greenhouse	https://job-boards.greenhouse.io/xpincmlhr3	1	2026-09-28T06:59:16.079Z
greenhouse	https://job-boards.greenhouse.io/xwing	1	2026-09-28T06:59:16.107Z
greenhouse	https://job-boards.greenhouse.io/yaypay	1	2026-09-28T06:59:16.201Z
greenhouse	https://job-boards.greenhouse.io/yembo	1	2026-09-28T06:59:16.202Z
greenhouse	https://job-boards.greenhouse.io/yesshecodes	1	2026-09-28T06:59:16.302Z
greenhouse	https://job-boards.greenhouse.io/yeti	1	2026-09-28T06:59:16.301Z
greenhouse	https://job-boards.greenhouse.io/yieldstreet	1	2026-09-28T06:59:16.323Z
greenhouse	https://job-boards.greenhouse.io/yohana	1	2026-09-28T06:59:16.341Z
greenhouse	https://job-boards.greenhouse.io/yougov	1	2026-09-28T06:59:16.381Z
greenhouse	https://job-boards.greenhouse.io/youhealthproviders	1	2026-09-28T06:59:16.382Z
greenhouse	https://job-boards.greenhouse.io/yoursuper	1	2026-09-28T06:59:16.456Z
greenhouse	https://job-boards.greenhouse.io/youthinc	1	2026-09-28T06:59:16.422Z
greenhouse	https://job-boards.greenhouse.io/yprime	1	2026-09-28T06:59:16.472Z
greenhouse	https://job-boards.greenhouse.io/yugalabs	1	2026-09-28T06:59:16.438Z
greenhouse	https://job-boards.greenhouse.io/yummly	1	2026-09-28T06:59:16.464Z
greenhouse	https://job-boards.greenhouse.io/zap	1	2026-09-28T06:59:16.490Z
greenhouse	https://job-boards.greenhouse.io/zapier	1	2026-09-28T06:59:16.496Z
greenhouse	https://job-boards.greenhouse.io/zapiercareers	1	2026-09-28T06:59:16.503Z
greenhouse	https://job-boards.greenhouse.io/zava	1	2026-09-28T06:59:16.518Z
greenhouse	https://job-boards.greenhouse.io/zealcareers	1	2026-09-28T06:59:16.519Z
greenhouse	https://job-boards.greenhouse.io/zelusanalytics	1	2026-09-28T06:59:16.538Z
greenhouse	https://job-boards.greenhouse.io/zemogajobs	1	2026-09-28T06:59:16.543Z
greenhouse	https://job-boards.greenhouse.io/zenefits	1	2026-09-28T06:59:16.563Z
greenhouse	https://job-boards.greenhouse.io/zenithhealth	1	2026-09-28T06:59:16.580Z
greenhouse	https://job-boards.greenhouse.io/zenjob	1	2026-09-28T06:59:16.584Z
greenhouse	https://job-boards.greenhouse.io/zenpayroll	1	2026-09-28T06:59:16.600Z
greenhouse	https://job-boards.greenhouse.io/zenvia	1	2026-09-28T06:59:16.620Z
greenhouse	https://job-boards.greenhouse.io/zephyrbuyerlp	1	2026-09-28T06:59:16.639Z
greenhouse	https://job-boards.greenhouse.io/zeplin	1	2026-09-28T06:59:16.646Z
greenhouse	https://job-boards.greenhouse.io/zepzgroup	1	2026-09-28T06:59:16.656Z
greenhouse	https://job-boards.greenhouse.io/zesty	1	2026-09-28T06:59:16.668Z
greenhouse	https://job-boards.greenhouse.io/ziina	1	2026-09-28T06:59:16.698Z
greenhouse	https://job-boards.greenhouse.io/zilliqa	1	2026-09-28T06:59:16.708Z
greenhouse	https://job-boards.greenhouse.io/zilliz	1	2026-09-28T06:59:16.718Z
greenhouse	https://job-boards.greenhouse.io/zing	1	2026-09-28T06:59:16.725Z
greenhouse	https://job-boards.greenhouse.io/zip	1	2026-09-28T06:59:16.793Z
greenhouse	https://job-boards.greenhouse.io/zitaratechnologiesinc	1	2026-09-28T06:59:16.821Z
greenhouse	https://job-boards.greenhouse.io/zolar	1	2026-09-28T06:59:16.863Z
greenhouse	https://job-boards.greenhouse.io/zora	1	2026-09-28T06:59:16.905Z
greenhouse	https://job-boards.greenhouse.io/zscalerredcanary	1	2026-09-28T06:59:16.948Z
greenhouse	https://job-boards.greenhouse.io/ztxfoundation	1	2026-09-28T06:59:16.948Z
greenhouse	https://job-boards.greenhouse.io/zynga	1	2026-09-28T06:59:17.035Z
lever	https://jobs.lever.co/10up-2	1	2026-09-28T06:59:17.563Z
lever	https://jobs.lever.co/174powerglobal	1	2026-09-28T06:59:17.548Z
lever	https://jobs.lever.co/1776	1	2026-09-28T06:59:17.570Z
lever	https://jobs.lever.co/18c	1	2026-09-28T06:59:17.784Z
lever	https://jobs.lever.co/1910genetics	1	2026-09-28T06:59:17.571Z
lever	https://jobs.lever.co/1password	1	2026-09-28T06:59:17.681Z
lever	https://jobs.lever.co/21	1	2026-09-28T06:59:17.636Z
lever	https://jobs.lever.co/2a	1	2026-09-28T06:59:17.640Z
lever	https://jobs.lever.co/3box	1	2026-09-28T06:59:17.750Z
lever	https://jobs.lever.co/3dhubs	1	2026-09-28T06:59:17.812Z
lever	https://jobs.lever.co/3xmgroup	1	2026-09-28T06:59:17.878Z
lever	https://jobs.lever.co/42dot	1	2026-09-28T06:59:18.072Z
lever	https://jobs.lever.co/4mation	1	2026-09-28T06:59:17.961Z
lever	https://jobs.lever.co/4sightsupplychain	1	2026-09-28T06:59:17.962Z
lever	https://jobs.lever.co/500	1	2026-09-28T06:59:18.030Z
lever	https://jobs.lever.co/522productions	1	2026-09-28T06:59:18.029Z
lever	https://jobs.lever.co/54collective	1	2026-09-28T06:59:18.107Z
lever	https://jobs.lever.co/5wpr	1	2026-09-28T06:59:18.139Z
lever	https://jobs.lever.co/5xdata	1	2026-09-28T06:59:18.170Z
lever	https://jobs.lever.co/7geese	1	2026-09-28T06:59:18.191Z
lever	https://jobs.lever.co/8thlight	1	2026-09-28T06:59:18.209Z
lever	https://jobs.lever.co/8x8	1	2026-09-28T06:59:18.210Z
lever	https://jobs.lever.co/99taxis	1	2026-09-28T06:59:18.440Z
lever	https://jobs.lever.co/abacus	1	2026-09-28T06:59:18.281Z
lever	https://jobs.lever.co/ablspacesystems	1	2026-09-28T06:59:18.309Z
lever	https://jobs.lever.co/abridge	1	2026-09-28T06:59:18.377Z
lever	https://jobs.lever.co/abtasty	1	2026-09-28T06:59:18.507Z
lever	https://jobs.lever.co/academia	1	2026-09-28T06:59:18.510Z
lever	https://jobs.lever.co/academy	1	2026-09-28T06:59:18.575Z
lever	https://jobs.lever.co/acala	1	2026-09-28T06:59:19.087Z
lever	https://jobs.lever.co/acast	1	2026-09-28T06:59:18.644Z
lever	https://jobs.lever.co/accesso	1	2026-09-28T06:59:18.857Z
lever	https://jobs.lever.co/accompanyhealth	1	2026-09-28T06:59:18.924Z
lever	https://jobs.lever.co/accrue	1	2026-09-28T06:59:18.987Z
lever	https://jobs.lever.co/acl	1	2026-09-28T06:59:19.154Z
lever	https://jobs.lever.co/aclaimant	1	2026-09-28T06:59:19.217Z
lever	https://jobs.lever.co/acpl	1	2026-09-28T06:59:19.301Z
lever	https://jobs.lever.co/act	1	2026-09-28T06:59:19.339Z
lever	https://jobs.lever.co/ad2games	1	2026-09-28T06:59:19.630Z
lever	https://jobs.lever.co/ada	1	2026-09-28T06:59:19.682Z
lever	https://jobs.lever.co/ada-diamonds	1	2026-09-28T06:59:20.952Z
lever	https://jobs.lever.co/adaptavist	1	2026-09-28T06:59:19.704Z
lever	https://jobs.lever.co/adcolony	1	2026-09-28T06:59:19.746Z
lever	https://jobs.lever.co/addx	1	2026-09-28T06:59:19.815Z
lever	https://jobs.lever.co/adeptailabs	1	2026-09-28T06:59:19.878Z
lever	https://jobs.lever.co/adthena	1	2026-09-28T06:59:20.016Z
lever	https://jobs.lever.co/advancednavigation	1	2026-09-28T06:59:20.601Z
lever	https://jobs.lever.co/aeler	1	2026-09-28T06:59:20.344Z
lever	https://jobs.lever.co/aerialapplications	1	2026-09-28T06:59:20.414Z
lever	https://jobs.lever.co/afarmedia	1	2026-09-28T06:59:20.650Z
lever	https://jobs.lever.co/affinity	1	2026-09-28T06:59:20.672Z
lever	https://jobs.lever.co/affirm	1	2026-09-28T06:59:20.712Z
lever	https://jobs.lever.co/afreshtechnologies	1	2026-09-28T06:59:20.739Z
lever	https://jobs.lever.co/afterpaytouch	1	2026-09-28T06:59:20.766Z
lever	https://jobs.lever.co/agentnoon	1	2026-09-28T06:59:20.801Z
lever	https://jobs.lever.co/agerpoint	1	2026-09-28T06:59:20.832Z
lever	https://jobs.lever.co/agilesearch	1	2026-09-28T06:59:21.638Z
lever	https://jobs.lever.co/agotai	1	2026-09-28T06:59:21.021Z
lever	https://jobs.lever.co/agreena	1	2026-09-28T06:59:21.075Z
lever	https://jobs.lever.co/aidaly	1	2026-09-28T06:59:21.313Z
lever	https://jobs.lever.co/aidash	1	2026-09-28T06:59:21.325Z
lever	https://jobs.lever.co/aifoundation	1	2026-09-28T06:59:21.473Z
lever	https://jobs.lever.co/aifund	1	2026-09-28T06:59:21.451Z
lever	https://jobs.lever.co/ailens	1	2026-09-28T06:59:21.540Z
lever	https://jobs.lever.co/aira	1	2026-09-28T06:59:21.758Z
lever	https://jobs.lever.co/airhouse	1	2026-09-28T06:59:22.110Z
lever	https://jobs.lever.co/airprotein	1	2026-09-28T06:59:22.057Z
lever	https://jobs.lever.co/airship	1	2026-09-28T06:59:22.141Z
lever	https://jobs.lever.co/airshipsyndicate	1	2026-09-28T06:59:22.144Z
lever	https://jobs.lever.co/airwallex	1	2026-09-28T06:59:22.218Z
lever	https://jobs.lever.co/akashnetwork	1	2026-09-28T06:59:22.623Z
lever	https://jobs.lever.co/akitasoftware	1	2026-09-28T06:59:22.750Z
lever	https://jobs.lever.co/alan	1	2026-09-28T06:59:22.817Z
lever	https://jobs.lever.co/alation	1	2026-09-28T06:59:23.459Z
lever	https://jobs.lever.co/albedo	1	2026-09-28T06:59:22.932Z
lever	https://jobs.lever.co/alchemy	1	2026-09-28T06:59:22.946Z
lever	https://jobs.lever.co/alcion	1	2026-09-28T06:59:22.995Z
lever	https://jobs.lever.co/aleysian	1	2026-09-28T06:59:23.374Z
lever	https://jobs.lever.co/algolia	1	2026-09-28T06:59:23.508Z
lever	https://jobs.lever.co/algotive	1	2026-09-28T06:59:23.574Z
lever	https://jobs.lever.co/alice	1	2026-09-28T06:59:23.606Z
lever	https://jobs.lever.co/alictus	1	2026-09-28T06:59:23.642Z
lever	https://jobs.lever.co/alida	1	2026-09-28T06:59:23.674Z
lever	https://jobs.lever.co/alignable	1	2026-09-28T06:59:23.733Z
lever	https://jobs.lever.co/alkymi	1	2026-09-28T06:59:23.801Z
lever	https://jobs.lever.co/allata	1	2026-09-28T06:59:23.842Z
lever	https://jobs.lever.co/allinbits	1	2026-09-28T06:59:23.933Z
lever	https://jobs.lever.co/allstripes	1	2026-09-28T06:59:24.019Z
lever	https://jobs.lever.co/allworknow	1	2026-09-28T06:59:24.086Z
lever	https://jobs.lever.co/alpineimmunesciences	1	2026-09-28T06:59:24.105Z
lever	https://jobs.lever.co/altoida	1	2026-09-28T06:59:27.122Z
lever	https://jobs.lever.co/altrio	1	2026-09-28T06:59:24.245Z
lever	https://jobs.lever.co/aluna	1	2026-09-28T06:59:24.303Z
lever	https://jobs.lever.co/amaro	1	2026-09-28T06:59:24.370Z
lever	https://jobs.lever.co/amaze	1	2026-09-28T06:59:24.379Z
lever	https://jobs.lever.co/amberbio	1	2026-09-28T06:59:24.433Z
lever	https://jobs.lever.co/ambercycle	1	2026-09-28T06:59:24.446Z
lever	https://jobs.lever.co/amberflo	1	2026-09-28T06:59:24.530Z
lever	https://jobs.lever.co/ambrook	1	2026-09-28T06:59:24.664Z
lever	https://jobs.lever.co/amerisave	1	2026-09-28T06:59:24.733Z
lever	https://jobs.lever.co/amiri	1	2026-09-28T06:59:24.790Z
lever	https://jobs.lever.co/amobee	1	2026-09-28T06:59:24.871Z
lever	https://jobs.lever.co/amplitude	1	2026-09-28T06:59:25.123Z
lever	https://jobs.lever.co/ams-corp	1	2026-09-28T06:59:25.194Z
lever	https://jobs.lever.co/amused-group	1	2026-09-28T06:59:25.368Z
lever	https://jobs.lever.co/amyris	1	2026-09-28T06:59:25.748Z
lever	https://jobs.lever.co/anagram	1	2026-09-28T06:59:26.172Z
lever	https://jobs.lever.co/analog	1	2026-09-28T06:59:25.816Z
lever	https://jobs.lever.co/analuisa	1	2026-09-28T06:59:27.440Z
lever	https://jobs.lever.co/ancestry	1	2026-09-28T06:59:26.420Z
lever	https://jobs.lever.co/anduril	1	2026-09-28T06:59:26.588Z
lever	https://jobs.lever.co/angaza	1	2026-09-28T06:59:26.655Z
lever	https://jobs.lever.co/angel	1	2026-09-28T06:59:26.655Z
lever	https://jobs.lever.co/anglehealth	1	2026-09-28T06:59:26.845Z
lever	https://jobs.lever.co/animaapp	1	2026-09-28T06:59:29.649Z
lever	https://jobs.lever.co/animaker	1	2026-09-28T06:59:28.375Z
lever	https://jobs.lever.co/animoto	1	2026-09-28T06:59:27.279Z
lever	https://jobs.lever.co/anjuna	1	2026-09-28T06:59:27.347Z
lever	https://jobs.lever.co/anlatan	1	2026-09-28T06:59:27.417Z
lever	https://jobs.lever.co/anomalo	1	2026-09-28T06:59:27.600Z
lever	https://jobs.lever.co/anovium	1	2026-09-28T06:59:28.482Z
lever	https://jobs.lever.co/anthropic	1	2026-09-28T06:59:27.829Z
lever	https://jobs.lever.co/anticapital	1	2026-09-28T06:59:27.855Z
lever	https://jobs.lever.co/antisocialsocialcapital	1	2026-09-28T06:59:27.881Z
lever	https://jobs.lever.co/anyperk	1	2026-09-28T06:59:28.384Z
lever	https://jobs.lever.co/anyroad	1	2026-09-28T06:59:27.950Z
lever	https://jobs.lever.co/anysignal	1	2026-09-28T06:59:28.020Z
lever	https://jobs.lever.co/anzen	1	2026-09-28T06:59:28.088Z
lever	https://jobs.lever.co/aon3d	1	2026-09-28T06:59:28.270Z
lever	https://jobs.lever.co/apartmentlife	1	2026-09-28T06:59:28.339Z
lever	https://jobs.lever.co/apartmentlist	1	2026-09-28T06:59:28.406Z
lever	https://jobs.lever.co/apdscorporate	1	2026-09-28T06:59:29.110Z
lever	https://jobs.lever.co/apex	1	2026-09-28T06:59:28.733Z
lever	https://jobs.lever.co/api-ux	1	2026-09-28T06:59:28.631Z
lever	https://jobs.lever.co/apible	1	2026-09-28T06:59:28.983Z
lever	https://jobs.lever.co/apogeetherapeutics	1	2026-09-28T06:59:28.693Z
lever	https://jobs.lever.co/apollo	1	2026-09-28T06:59:28.701Z
lever	https://jobs.lever.co/apollographql	1	2026-09-28T06:59:28.769Z
lever	https://jobs.lever.co/aposto	1	2026-09-28T06:59:28.832Z
lever	https://jobs.lever.co/appacademy	1	2026-09-28T06:59:28.836Z
lever	https://jobs.lever.co/appboxo	1	2026-09-28T06:59:28.906Z
lever	https://jobs.lever.co/apphub	1	2026-09-28T06:59:29.052Z
lever	https://jobs.lever.co/appliedminds	1	2026-09-28T06:59:29.091Z
lever	https://jobs.lever.co/applovin	1	2026-09-28T06:59:29.160Z
lever	https://jobs.lever.co/applyboard	1	2026-09-28T06:59:29.176Z
lever	https://jobs.lever.co/appsilon	1	2026-09-28T06:59:29.300Z
lever	https://jobs.lever.co/apptegy	1	2026-09-28T06:59:29.318Z
lever	https://jobs.lever.co/apptimize	1	2026-09-28T06:59:29.314Z
lever	https://jobs.lever.co/aprio	1	2026-09-28T06:59:29.529Z
lever	https://jobs.lever.co/apt-deco	1	2026-09-28T06:59:29.381Z
lever	https://jobs.lever.co/aptible	1	2026-09-28T06:59:29.381Z
lever	https://jobs.lever.co/aquicore	1	2026-09-28T06:59:29.463Z
lever	https://jobs.lever.co/arbol	1	2026-09-28T06:59:29.689Z
lever	https://jobs.lever.co/arbor	1	2026-09-28T06:59:29.634Z
lever	https://jobs.lever.co/arborenergy	1	2026-09-28T06:59:29.605Z
lever	https://jobs.lever.co/arcade	1	2026-09-28T06:59:29.677Z
lever	https://jobs.lever.co/arceoanalytics	1	2026-09-28T06:59:29.950Z
lever	https://jobs.lever.co/archive	1	2026-09-28T06:59:29.756Z
lever	https://jobs.lever.co/arcoeducacao	1	2026-09-28T06:59:29.867Z
lever	https://jobs.lever.co/area1security	1	2026-09-28T06:59:29.896Z
lever	https://jobs.lever.co/ariwalsh	1	2026-09-28T06:59:30.232Z
lever	https://jobs.lever.co/ark-solutions-inc	1	2026-09-28T06:59:29.970Z
lever	https://jobs.lever.co/arkbiotech	1	2026-09-28T06:59:30.020Z
lever	https://jobs.lever.co/arpa	1	2026-09-28T06:59:30.040Z
lever	https://jobs.lever.co/arrive	1	2026-09-28T06:59:30.362Z
lever	https://jobs.lever.co/artblocks	1	2026-09-28T06:59:30.433Z
lever	https://jobs.lever.co/artificial	1	2026-09-28T06:59:30.570Z
lever	https://jobs.lever.co/asap	1	2026-09-28T06:59:30.594Z
lever	https://jobs.lever.co/ascoeq	1	2026-09-28T06:59:30.671Z
lever	https://jobs.lever.co/asfar	1	2026-09-28T06:59:30.636Z
lever	https://jobs.lever.co/asimov	1	2026-09-28T06:59:30.700Z
lever	https://jobs.lever.co/aspiration-2	1	2026-09-28T06:59:30.740Z
lever	https://jobs.lever.co/astera	1	2026-09-28T06:59:31.187Z
lever	https://jobs.lever.co/asthomecares	1	2026-09-28T06:59:30.806Z
lever	https://jobs.lever.co/astra	1	2026-09-28T06:59:30.936Z
lever	https://jobs.lever.co/astranis	1	2026-09-28T06:59:30.836Z
lever	https://jobs.lever.co/atekinc	1	2026-09-28T06:59:30.910Z
lever	https://jobs.lever.co/athennian	1	2026-09-28T06:59:30.938Z
lever	https://jobs.lever.co/athleticgreens	1	2026-09-28T06:59:30.979Z
lever	https://jobs.lever.co/atlan	1	2026-09-28T06:59:31.002Z
lever	https://jobs.lever.co/atlassian	1	2026-09-28T06:59:31.099Z
lever	https://jobs.lever.co/atmosphere	1	2026-09-28T06:59:31.187Z
lever	https://jobs.lever.co/atob	1	2026-09-28T06:59:31.054Z
lever	https://jobs.lever.co/atomic	1	2026-09-28T06:59:31.146Z
lever	https://jobs.lever.co/atonarp	1	2026-09-28T06:59:31.197Z
lever	https://jobs.lever.co/atrium	1	2026-09-28T06:59:31.278Z
lever	https://jobs.lever.co/attackiq	1	2026-09-28T06:59:31.256Z
lever	https://jobs.lever.co/attentive	1	2026-09-28T06:59:31.255Z
lever	https://jobs.lever.co/attentivemobile	1	2026-09-28T06:59:31.286Z
lever	https://jobs.lever.co/attn	1	2026-09-28T06:59:31.314Z
lever	https://jobs.lever.co/audius	1	2026-09-28T06:59:31.345Z
lever	https://jobs.lever.co/augmedix	1	2026-09-28T06:59:31.352Z
lever	https://jobs.lever.co/augustbioservices	1	2026-09-28T06:59:31.377Z
lever	https://jobs.lever.co/aurorainsight	1	2026-09-28T06:59:31.501Z
lever	https://jobs.lever.co/aurorasolar	1	2026-09-28T06:59:31.413Z
lever	https://jobs.lever.co/auth0	1	2026-09-28T06:59:31.419Z
lever	https://jobs.lever.co/autify	1	2026-09-28T06:59:31.460Z
lever	https://jobs.lever.co/automox	1	2026-09-28T06:59:31.514Z
lever	https://jobs.lever.co/autonomys	1	2026-09-28T06:59:31.546Z
lever	https://jobs.lever.co/av	1	2026-09-28T06:59:31.570Z
lever	https://jobs.lever.co/ava	1	2026-09-28T06:59:31.582Z
lever	https://jobs.lever.co/avalabs	1	2026-09-28T06:59:31.610Z
lever	https://jobs.lever.co/avantstay	1	2026-09-28T06:59:31.676Z
lever	https://jobs.lever.co/avela	1	2026-09-28T06:59:31.957Z
lever	https://jobs.lever.co/avivesolutions	1	2026-09-28T06:59:31.885Z
lever	https://jobs.lever.co/avratalent	1	2026-09-28T06:59:31.904Z
lever	https://jobs.lever.co/awake-security	1	2026-09-28T06:59:31.964Z
lever	https://jobs.lever.co/axelera	1	2026-09-28T06:59:31.971Z
lever	https://jobs.lever.co/axiomzen	1	2026-09-28T06:59:32.020Z
lever	https://jobs.lever.co/axionray	1	2026-09-28T06:59:32.019Z
lever	https://jobs.lever.co/axon	1	2026-09-28T06:59:32.032Z
lever	https://jobs.lever.co/axoni	1	2026-09-28T06:59:32.037Z
lever	https://jobs.lever.co/axonify	1	2026-09-28T06:59:32.051Z
lever	https://jobs.lever.co/azavea	1	2026-09-28T06:59:32.092Z
lever	https://jobs.lever.co/aztal	1	2026-09-28T06:59:32.082Z
lever	https://jobs.lever.co/babylonhealth	1	2026-09-28T06:59:32.115Z
lever	https://jobs.lever.co/back	1	2026-09-28T06:59:32.118Z
lever	https://jobs.lever.co/backbone	1	2026-09-28T06:59:32.156Z
lever	https://jobs.lever.co/backflip	1	2026-09-28T06:59:32.154Z
lever	https://jobs.lever.co/backmarket	1	2026-09-28T06:59:32.211Z
lever	https://jobs.lever.co/backstage	1	2026-09-28T06:59:32.181Z
lever	https://jobs.lever.co/badal	1	2026-09-28T06:59:32.185Z
lever	https://jobs.lever.co/bai-inc	1	2026-09-28T06:59:32.227Z
lever	https://jobs.lever.co/baller	1	2026-09-28T06:59:32.249Z
lever	https://jobs.lever.co/bambee	1	2026-09-28T06:59:32.252Z
lever	https://jobs.lever.co/bamtradingservices	1	2026-09-28T06:59:32.290Z
lever	https://jobs.lever.co/banglalink	1	2026-09-28T06:59:32.853Z
lever	https://jobs.lever.co/barbaricum	1	2026-09-28T06:59:32.353Z
lever	https://jobs.lever.co/barecremation	1	2026-09-28T06:59:32.810Z
lever	https://jobs.lever.co/barefootproximity	1	2026-09-28T06:59:32.437Z
lever	https://jobs.lever.co/barkleyus	1	2026-09-28T06:59:32.409Z
lever	https://jobs.lever.co/barley	1	2026-09-28T06:59:32.422Z
lever	https://jobs.lever.co/barrel	1	2026-09-28T06:59:32.475Z
lever	https://jobs.lever.co/batterymetals	1	2026-09-28T06:59:32.676Z
lever	https://jobs.lever.co/battlecreekchurch	1	2026-09-28T06:59:32.636Z
lever	https://jobs.lever.co/bayzat	1	2026-09-28T06:59:32.704Z
lever	https://jobs.lever.co/bb2bank	1	2026-09-28T06:59:32.770Z
lever	https://jobs.lever.co/bcg	1	2026-09-28T06:59:32.829Z
lever	https://jobs.lever.co/bdg	1	2026-09-28T06:59:32.839Z
lever	https://jobs.lever.co/beacon	1	2026-09-28T06:59:32.877Z
lever	https://jobs.lever.co/beacondigitalmarketing	1	2026-09-28T06:59:32.897Z
lever	https://jobs.lever.co/beam-impact	1	2026-09-28T06:59:32.932Z
lever	https://jobs.lever.co/beamy	1	2026-09-28T06:59:32.939Z
lever	https://jobs.lever.co/beanstalkagtech	1	2026-09-28T06:59:32.963Z
lever	https://jobs.lever.co/beautyhaul	1	2026-09-28T06:59:33.001Z
lever	https://jobs.lever.co/bebop	1	2026-09-28T06:59:33.035Z
lever	https://jobs.lever.co/bedrockocean	1	2026-09-28T06:59:33.089Z
lever	https://jobs.lever.co/beemenergy	1	2026-09-28T06:59:33.152Z
lever	https://jobs.lever.co/beetalents	1	2026-09-28T06:59:33.155Z
lever	https://jobs.lever.co/bellhops	1	2026-09-28T06:59:33.224Z
lever	https://jobs.lever.co/belong	1	2026-09-28T06:59:33.285Z
lever	https://jobs.lever.co/belonghome	1	2026-09-28T06:59:33.299Z
lever	https://jobs.lever.co/benchling	1	2026-09-28T06:59:33.286Z
lever	https://jobs.lever.co/benlabs	1	2026-09-28T06:59:33.368Z
lever	https://jobs.lever.co/bestegg	1	2026-09-28T06:59:33.368Z
lever	https://jobs.lever.co/betstamp	1	2026-09-28T06:59:33.435Z
lever	https://jobs.lever.co/betterplaceforests	1	2026-09-28T06:59:33.448Z
lever	https://jobs.lever.co/beyond-creative	1	2026-09-28T06:59:33.479Z
lever	https://jobs.lever.co/beyondmeat	1	2026-09-28T06:59:33.501Z
lever	https://jobs.lever.co/beyondpricing	1	2026-09-28T06:59:33.502Z
lever	https://jobs.lever.co/bfp	1	2026-09-28T06:59:33.515Z
lever	https://jobs.lever.co/biconomy	1	2026-09-28T06:59:33.606Z
lever	https://jobs.lever.co/bigfootbiomedical	1	2026-09-28T06:59:33.647Z
lever	https://jobs.lever.co/biggergames	1	2026-09-28T06:59:33.653Z
lever	https://jobs.lever.co/bigtime	1	2026-09-28T06:59:33.714Z
lever	https://jobs.lever.co/bill	1	2026-09-28T06:59:33.720Z
lever	https://jobs.lever.co/bimone	1	2026-09-28T06:59:33.772Z
lever	https://jobs.lever.co/binti	1	2026-09-28T06:59:33.782Z
lever	https://jobs.lever.co/biobot	1	2026-09-28T06:59:33.797Z
lever	https://jobs.lever.co/bioenergydevco	1	2026-09-28T06:59:33.839Z
lever	https://jobs.lever.co/bird	1	2026-09-28T06:59:33.862Z
lever	https://jobs.lever.co/birdcanada	1	2026-09-28T06:59:33.891Z
lever	https://jobs.lever.co/bitdefender	1	2026-09-28T06:59:33.924Z
lever	https://jobs.lever.co/bitly	1	2026-09-28T06:59:33.930Z
lever	https://jobs.lever.co/bitnami	1	2026-09-28T06:59:33.934Z
lever	https://jobs.lever.co/bitpanda	1	2026-09-28T06:59:33.959Z
lever	https://jobs.lever.co/bitquilltech	1	2026-09-28T06:59:33.966Z
lever	https://jobs.lever.co/bitrise	1	2026-09-28T06:59:33.983Z
lever	https://jobs.lever.co/bitwiseinvestments	1	2026-09-28T06:59:33.985Z
lever	https://jobs.lever.co/bixal	1	2026-09-28T06:59:33.996Z
lever	https://jobs.lever.co/black-white-zebra	1	2026-09-28T06:59:34.050Z
lever	https://jobs.lever.co/blackcloak	1	2026-09-28T06:59:34.058Z
lever	https://jobs.lever.co/blackcrow	1	2026-09-28T06:59:34.087Z
lever	https://jobs.lever.co/blackpanda	1	2026-09-28T06:59:34.115Z
lever	https://jobs.lever.co/blackriflecoffee	1	2026-09-28T06:59:34.124Z
lever	https://jobs.lever.co/blanc-labs	1	2026-09-28T06:59:34.126Z
lever	https://jobs.lever.co/blendlabs	1	2026-09-28T06:59:34.243Z
lever	https://jobs.lever.co/blocknative	1	2026-09-28T06:59:34.197Z
lever	https://jobs.lever.co/blockspring	1	2026-09-28T06:59:34.227Z
lever	https://jobs.lever.co/blockstack	1	2026-09-28T06:59:34.245Z
lever	https://jobs.lever.co/blockswap	1	2026-09-28T06:59:34.256Z
lever	https://jobs.lever.co/blocpower	1	2026-09-28T06:59:34.262Z
lever	https://jobs.lever.co/bloomcredit	1	2026-09-28T06:59:34.312Z
lever	https://jobs.lever.co/bloomthat	1	2026-09-28T06:59:34.317Z
lever	https://jobs.lever.co/blueboard	1	2026-09-28T06:59:34.397Z
lever	https://jobs.lever.co/bluecore	1	2026-09-28T06:59:34.450Z
lever	https://jobs.lever.co/bluedot	1	2026-09-28T06:59:34.549Z
lever	https://jobs.lever.co/bluejlegal	1	2026-09-28T06:59:34.477Z
lever	https://jobs.lever.co/bluelabs	1	2026-09-28T06:59:34.510Z
lever	https://jobs.lever.co/blueoceanai	1	2026-09-28T06:59:34.576Z
lever	https://jobs.lever.co/blueoceanbarns	1	2026-09-28T06:59:34.580Z
lever	https://jobs.lever.co/blueprinttitle	1	2026-09-28T06:59:34.721Z
lever	https://jobs.lever.co/bluesinc	1	2026-09-28T06:59:34.645Z
lever	https://jobs.lever.co/bluespace	1	2026-09-28T06:59:34.641Z
lever	https://jobs.lever.co/bluewheelmedia	1	2026-09-28T06:59:34.689Z
lever	https://jobs.lever.co/blum	1	2026-09-28T06:59:34.778Z
lever	https://jobs.lever.co/boastai	1	2026-09-28T06:59:34.707Z
lever	https://jobs.lever.co/boats	1	2026-09-28T06:59:34.745Z
lever	https://jobs.lever.co/bodo	1	2026-09-28T06:59:34.888Z
lever	https://jobs.lever.co/bodyport	1	2026-09-28T06:59:34.776Z
lever	https://jobs.lever.co/boldbusiness	1	2026-09-28T06:59:34.812Z
lever	https://jobs.lever.co/bolt	1	2026-09-28T06:59:35.045Z
lever	https://jobs.lever.co/boltbio	1	2026-09-28T06:59:34.892Z
lever	https://jobs.lever.co/bombfell	1	2026-09-28T06:59:34.964Z
lever	https://jobs.lever.co/bonfirestudios	1	2026-09-28T06:59:35.114Z
lever	https://jobs.lever.co/bonial-2	1	2026-09-28T06:59:35.111Z
lever	https://jobs.lever.co/bonusly	1	2026-09-28T06:59:35.228Z
lever	https://jobs.lever.co/bookeeapp	1	2026-09-28T06:59:35.204Z
lever	https://jobs.lever.co/booknooklearning	1	2026-09-28T06:59:35.172Z
lever	https://jobs.lever.co/boomandbucket	1	2026-09-28T06:59:35.182Z
lever	https://jobs.lever.co/boostedboards	1	2026-09-28T06:59:35.199Z
lever	https://jobs.lever.co/boringcompany	1	2026-09-28T06:59:35.241Z
lever	https://jobs.lever.co/bosta	1	2026-09-28T06:59:35.270Z
lever	https://jobs.lever.co/bostondynamicsaiinstitute	1	2026-09-28T06:59:35.651Z
lever	https://jobs.lever.co/botify	1	2026-09-28T06:59:35.307Z
lever	https://jobs.lever.co/bottlerocketstudios	1	2026-09-28T06:59:35.340Z
lever	https://jobs.lever.co/boulderingproject	1	2026-09-28T06:59:35.348Z
lever	https://jobs.lever.co/boulevard	1	2026-09-28T06:59:35.366Z
lever	https://jobs.lever.co/bound	1	2026-09-28T06:59:35.374Z
lever	https://jobs.lever.co/boweryfarming	1	2026-09-28T06:59:35.406Z
lever	https://jobs.lever.co/box	1	2026-09-28T06:59:35.421Z
lever	https://jobs.lever.co/brainnest	1	2026-09-28T06:59:35.509Z
lever	https://jobs.lever.co/brand-knew	1	2026-09-28T06:59:35.576Z
lever	https://jobs.lever.co/braveventurelabs	1	2026-09-28T06:59:35.601Z
lever	https://jobs.lever.co/brazoderecho	1	2026-09-28T06:59:35.647Z
lever	https://jobs.lever.co/breakwatertech	1	2026-09-28T06:59:35.668Z
lever	https://jobs.lever.co/brewbike	1	2026-09-28T06:59:35.729Z
lever	https://jobs.lever.co/brewbird	1	2026-09-28T06:59:35.720Z
lever	https://jobs.lever.co/bridge	1	2026-09-28T06:59:35.736Z
lever	https://jobs.lever.co/bridgebio	1	2026-09-28T06:59:35.801Z
lever	https://jobs.lever.co/brighthealthplan	1	2026-09-28T06:59:35.867Z
lever	https://jobs.lever.co/brightseedbio	1	2026-09-28T06:59:35.918Z
lever	https://jobs.lever.co/brightspot	1	2026-09-28T06:59:35.887Z
lever	https://jobs.lever.co/brimstone	1	2026-09-28T06:59:35.969Z
lever	https://jobs.lever.co/brimstoneenergy	1	2026-09-28T06:59:36.100Z
lever	https://jobs.lever.co/brinc	1	2026-09-28T06:59:36.010Z
lever	https://jobs.lever.co/broadwaytechnology	1	2026-09-28T06:59:36.079Z
lever	https://jobs.lever.co/bssp	1	2026-09-28T06:59:36.260Z
lever	https://jobs.lever.co/btc	1	2026-09-28T06:59:36.196Z
lever	https://jobs.lever.co/btse	1	2026-09-28T06:59:36.256Z
lever	https://jobs.lever.co/buildatmos	1	2026-09-28T06:59:36.450Z
lever	https://jobs.lever.co/buildgc	1	2026-09-28T06:59:36.325Z
lever	https://jobs.lever.co/buildkite	1	2026-09-28T06:59:36.481Z
lever	https://jobs.lever.co/buildzoom	1	2026-09-28T06:59:36.713Z
lever	https://jobs.lever.co/builtrobotics	1	2026-09-28T06:59:36.512Z
lever	https://jobs.lever.co/bukuwarung	1	2026-09-28T06:59:36.547Z
lever	https://jobs.lever.co/bunches	1	2026-09-28T06:59:36.582Z
lever	https://jobs.lever.co/bundle	1	2026-09-28T06:59:36.609Z
lever	https://jobs.lever.co/bungalow	1	2026-09-28T06:59:36.649Z
lever	https://jobs.lever.co/buoyhealth	1	2026-09-28T06:59:36.691Z
lever	https://jobs.lever.co/burnt	1	2026-09-28T06:59:36.752Z
lever	https://jobs.lever.co/burro	1	2026-09-28T06:59:37.173Z
lever	https://jobs.lever.co/busaracenter	1	2026-09-28T06:59:36.781Z
lever	https://jobs.lever.co/bustle	1	2026-09-28T06:59:37.009Z
lever	https://jobs.lever.co/butterpayments	1	2026-09-28T06:59:36.883Z
lever	https://jobs.lever.co/button	1	2026-09-28T06:59:37.030Z
lever	https://jobs.lever.co/bvaccel	1	2026-09-28T06:59:39.986Z
lever	https://jobs.lever.co/c16bio	1	2026-09-28T06:59:37.167Z
lever	https://jobs.lever.co/call9	1	2026-09-28T06:59:37.315Z
lever	https://jobs.lever.co/callistomedia	1	2026-09-28T06:59:37.409Z
lever	https://jobs.lever.co/calm	1	2026-09-28T06:59:37.477Z
lever	https://jobs.lever.co/calstart	1	2026-09-28T06:59:37.537Z
lever	https://jobs.lever.co/calven	1	2026-09-28T06:59:37.596Z
lever	https://jobs.lever.co/camber	1	2026-09-28T06:59:37.556Z
lever	https://jobs.lever.co/cambly	1	2026-09-28T06:59:37.680Z
lever	https://jobs.lever.co/campspot	1	2026-09-28T06:59:37.664Z
lever	https://jobs.lever.co/canopyservicing	1	2026-09-28T06:59:37.829Z
lever	https://jobs.lever.co/canva	1	2026-09-28T06:59:37.953Z
lever	https://jobs.lever.co/capchase	1	2026-09-28T06:59:38.020Z
lever	https://jobs.lever.co/captiv8	1	2026-09-28T06:59:38.095Z
lever	https://jobs.lever.co/carbon	1	2026-09-28T06:59:38.146Z
lever	https://jobs.lever.co/carbon6technologies	1	2026-09-28T06:59:38.168Z
lever	https://jobs.lever.co/carbondirect	1	2026-09-28T06:59:38.213Z
lever	https://jobs.lever.co/cardanofoundation	1	2026-09-28T06:59:38.349Z
lever	https://jobs.lever.co/cardata	1	2026-09-28T06:59:38.286Z
lever	https://jobs.lever.co/cardless	1	2026-09-28T06:59:38.380Z
lever	https://jobs.lever.co/careaccessresearch	1	2026-09-28T06:59:38.415Z
lever	https://jobs.lever.co/careerstaffing	1	2026-09-28T06:59:38.433Z
lever	https://jobs.lever.co/cargo-2	1	2026-09-28T06:59:38.518Z
lever	https://jobs.lever.co/carismatherapeutics	1	2026-09-28T06:59:38.675Z
lever	https://jobs.lever.co/carma	1	2026-09-28T06:59:38.585Z
lever	https://jobs.lever.co/cart	1	2026-09-28T06:59:38.651Z
lever	https://jobs.lever.co/carta	1	2026-09-28T06:59:38.718Z
lever	https://jobs.lever.co/cartodb	1	2026-09-28T06:59:38.746Z
lever	https://jobs.lever.co/cartography	1	2026-09-28T06:59:38.786Z
lever	https://jobs.lever.co/casa	1	2026-09-28T06:59:38.852Z
lever	https://jobs.lever.co/casdincapital	1	2026-09-28T06:59:39.219Z
lever	https://jobs.lever.co/casetext	1	2026-09-28T06:59:38.962Z
lever	https://jobs.lever.co/cashrewards	1	2026-09-28T06:59:38.984Z
lever	https://jobs.lever.co/catbird	1	2026-09-28T06:59:40.097Z
lever	https://jobs.lever.co/catenamedia	1	2026-09-28T06:59:39.236Z
lever	https://jobs.lever.co/causal-app	1	2026-09-28T06:59:39.421Z
lever	https://jobs.lever.co/ccmr3	1	2026-09-28T06:59:39.431Z
lever	https://jobs.lever.co/celo	1	2026-09-28T06:59:39.849Z
lever	https://jobs.lever.co/centerfield	1	2026-09-28T06:59:39.915Z
lever	https://jobs.lever.co/centml	1	2026-09-28T06:59:40.042Z
lever	https://jobs.lever.co/centro	1	2026-09-28T06:59:40.110Z
lever	https://jobs.lever.co/cere-network	1	2026-09-28T06:59:40.180Z
lever	https://jobs.lever.co/cerevel-2	1	2026-09-28T06:59:40.221Z
lever	https://jobs.lever.co/cesiumastro	1	2026-09-28T06:59:40.611Z
lever	https://jobs.lever.co/chain	1	2026-09-28T06:59:40.753Z
lever	https://jobs.lever.co/chainlink	1	2026-09-28T06:59:40.821Z
lever	https://jobs.lever.co/chamberofprogress	1	2026-09-28T06:59:40.821Z
lever	https://jobs.lever.co/change	1	2026-09-28T06:59:40.887Z
lever	https://jobs.lever.co/chariot	1	2026-09-28T06:59:41.102Z
lever	https://jobs.lever.co/chartio	1	2026-09-28T06:59:41.189Z
lever	https://jobs.lever.co/chatmeter	1	2026-09-28T06:59:41.199Z
lever	https://jobs.lever.co/checkmate	1	2026-09-28T06:59:41.258Z
lever	https://jobs.lever.co/checkout	1	2026-09-28T06:59:41.829Z
lever	https://jobs.lever.co/chefrobotics	1	2026-09-28T06:59:41.461Z
lever	https://jobs.lever.co/cherrytechnologies	1	2026-09-28T06:59:41.370Z
lever	https://jobs.lever.co/chicago2024	1	2026-09-28T06:59:41.441Z
lever	https://jobs.lever.co/chooosejobs	1	2026-09-28T06:59:41.529Z
lever	https://jobs.lever.co/choose	1	2026-09-28T06:59:42.605Z
lever	https://jobs.lever.co/chronicled-2	1	2026-09-28T06:59:41.681Z
lever	https://jobs.lever.co/chyronhego	1	2026-09-28T06:59:42.053Z
lever	https://jobs.lever.co/cinchy	1	2026-09-28T06:59:42.350Z
lever	https://jobs.lever.co/ciphertrace	1	2026-09-28T06:59:42.285Z
lever	https://jobs.lever.co/circleco	1	2026-09-28T06:59:42.354Z
lever	https://jobs.lever.co/circlemedical	1	2026-09-28T06:59:45.445Z
lever	https://jobs.lever.co/circonus	1	2026-09-28T06:59:42.419Z
lever	https://jobs.lever.co/circulo	1	2026-09-28T06:59:42.488Z
lever	https://jobs.lever.co/cision	1	2026-09-28T06:59:42.568Z
lever	https://jobs.lever.co/citrineinformatics	1	2026-09-28T06:59:42.751Z
lever	https://jobs.lever.co/civitta	1	2026-09-28T06:59:42.689Z
lever	https://jobs.lever.co/ciwebgroup	1	2026-09-28T06:59:42.766Z
lever	https://jobs.lever.co/clabs	1	2026-09-28T06:59:42.873Z
lever	https://jobs.lever.co/clasp	1	2026-09-28T06:59:42.909Z
lever	https://jobs.lever.co/class	1	2026-09-28T06:59:42.941Z
lever	https://jobs.lever.co/class101	1	2026-09-28T06:59:44.148Z
lever	https://jobs.lever.co/clearbit	1	2026-09-28T06:59:43.064Z
lever	https://jobs.lever.co/clearer	1	2026-09-28T06:59:43.161Z
lever	https://jobs.lever.co/clevertap	1	2026-09-28T06:59:43.263Z
lever	https://jobs.lever.co/climateai	1	2026-09-28T06:59:43.374Z
lever	https://jobs.lever.co/climatepower	1	2026-09-28T06:59:43.420Z
lever	https://jobs.lever.co/climbcredit	1	2026-09-28T06:59:43.431Z
lever	https://jobs.lever.co/clinicalhealthnetworkfortransformation	1	2026-09-28T06:59:43.441Z
lever	https://jobs.lever.co/clipbook	1	2026-09-28T06:59:43.481Z
lever	https://jobs.lever.co/cloud-academy	1	2026-09-28T06:59:43.508Z
lever	https://jobs.lever.co/cloudnc	1	2026-09-28T06:59:43.567Z
lever	https://jobs.lever.co/clozd	1	2026-09-28T06:59:43.667Z
lever	https://jobs.lever.co/clubassist	1	2026-09-28T06:59:43.749Z
lever	https://jobs.lever.co/clubhouse	1	2026-09-28T06:59:43.723Z
lever	https://jobs.lever.co/cocodelivery	1	2026-09-28T06:59:43.940Z
lever	https://jobs.lever.co/coda	1	2026-09-28T06:59:44.004Z
lever	https://jobs.lever.co/codapayments	1	2026-09-28T06:59:44.071Z
lever	https://jobs.lever.co/codecombat	1	2026-09-28T06:59:44.090Z
lever	https://jobs.lever.co/codecov	1	2026-09-28T06:59:44.147Z
lever	https://jobs.lever.co/codelitt	1	2026-09-28T06:59:44.161Z
lever	https://jobs.lever.co/codesee	1	2026-09-28T06:59:44.209Z
lever	https://jobs.lever.co/codewaystudios	1	2026-09-28T06:59:44.232Z
lever	https://jobs.lever.co/cofactr	1	2026-09-28T06:59:44.334Z
lever	https://jobs.lever.co/coffeemeetsbagel	1	2026-09-28T06:59:44.276Z
lever	https://jobs.lever.co/coforma	1	2026-09-28T06:59:44.294Z
lever	https://jobs.lever.co/cogentbiosciences	1	2026-09-28T06:59:44.370Z
lever	https://jobs.lever.co/cogitocorp	1	2026-09-28T06:59:44.436Z
lever	https://jobs.lever.co/cognite	1	2026-09-28T06:59:44.471Z
lever	https://jobs.lever.co/cognitiv	1	2026-09-28T06:59:44.501Z
lever	https://jobs.lever.co/cohere	1	2026-09-28T06:59:44.538Z
lever	https://jobs.lever.co/coil	1	2026-09-28T06:59:44.567Z
lever	https://jobs.lever.co/coiled	1	2026-09-28T06:59:45.136Z
lever	https://jobs.lever.co/coinflip	1	2026-09-28T06:59:44.634Z
lever	https://jobs.lever.co/coinshift	1	2026-09-28T06:59:44.976Z
lever	https://jobs.lever.co/coinsquare	1	2026-09-28T06:59:45.199Z
lever	https://jobs.lever.co/cointracker	1	2026-09-28T06:59:45.201Z
lever	https://jobs.lever.co/collectivei	1	2026-09-28T06:59:45.341Z
lever	https://jobs.lever.co/collectlyinc	1	2026-09-28T06:59:45.476Z
lever	https://jobs.lever.co/collegevine	1	2026-09-28T06:59:45.350Z
lever	https://jobs.lever.co/color	1	2026-09-28T06:59:45.355Z
lever	https://jobs.lever.co/colorofchange	1	2026-09-28T06:59:45.416Z
lever	https://jobs.lever.co/combo	1	2026-09-28T06:59:45.612Z
lever	https://jobs.lever.co/commentsold	1	2026-09-28T06:59:45.478Z
lever	https://jobs.lever.co/common	1	2026-09-28T06:59:45.488Z
lever	https://jobs.lever.co/common-networks	1	2026-09-28T06:59:45.512Z
lever	https://jobs.lever.co/commoncode	1	2026-09-28T06:59:45.904Z
lever	https://jobs.lever.co/communityboost	1	2026-09-28T06:59:45.619Z
lever	https://jobs.lever.co/complex	1	2026-09-28T06:59:45.744Z
lever	https://jobs.lever.co/composer	1	2026-09-28T06:59:45.875Z
lever	https://jobs.lever.co/compound-2	1	2026-09-28T06:59:45.872Z
lever	https://jobs.lever.co/comtravo	1	2026-09-28T06:59:45.933Z
lever	https://jobs.lever.co/concordnow	1	2026-09-28T06:59:45.943Z
lever	https://jobs.lever.co/conduit	1	2026-09-28T06:59:45.996Z
lever	https://jobs.lever.co/conduktor	1	2026-09-28T06:59:46.002Z
lever	https://jobs.lever.co/confluent	1	2026-09-28T06:59:46.188Z
lever	https://jobs.lever.co/conjecture	1	2026-09-28T06:59:46.025Z
lever	https://jobs.lever.co/connectassistance	1	2026-09-28T06:59:46.065Z
lever	https://jobs.lever.co/connectly	1	2026-09-28T06:59:46.070Z
lever	https://jobs.lever.co/connectrn	1	2026-09-28T06:59:46.078Z
lever	https://jobs.lever.co/connorgp	1	2026-09-28T06:59:46.127Z
lever	https://jobs.lever.co/constellation	1	2026-09-28T06:59:46.139Z
lever	https://jobs.lever.co/contabilizei	1	2026-09-28T06:59:46.146Z
lever	https://jobs.lever.co/contactout	1	2026-09-28T06:59:46.193Z
lever	https://jobs.lever.co/container-solutions	1	2026-09-28T06:59:46.195Z
lever	https://jobs.lever.co/continuumindustries	1	2026-09-28T06:59:46.257Z
lever	https://jobs.lever.co/contra	1	2026-09-28T06:59:46.259Z
lever	https://jobs.lever.co/contrastsecurity	1	2026-09-28T06:59:46.262Z
lever	https://jobs.lever.co/convai-technologies-inc	1	2026-09-28T06:59:46.328Z
lever	https://jobs.lever.co/conversantgroup	1	2026-09-28T06:59:46.330Z
lever	https://jobs.lever.co/conversenow	1	2026-09-28T06:59:46.328Z
lever	https://jobs.lever.co/copilotmoney	1	2026-09-28T06:59:46.397Z
lever	https://jobs.lever.co/copper	1	2026-09-28T06:59:46.398Z
lever	https://jobs.lever.co/copyai	1	2026-09-28T06:59:46.410Z
lever	https://jobs.lever.co/cordtechnologies	1	2026-09-28T06:59:46.459Z
lever	https://jobs.lever.co/coredigitalmedia	1	2026-09-28T06:59:46.467Z
lever	https://jobs.lever.co/coreresponse	1	2026-09-28T06:59:46.476Z
lever	https://jobs.lever.co/cornershopapp	1	2026-09-28T06:59:46.517Z
lever	https://jobs.lever.co/cos	1	2026-09-28T06:59:46.534Z
lever	https://jobs.lever.co/cottage	1	2026-09-28T06:59:46.533Z
lever	https://jobs.lever.co/couchbase	1	2026-09-28T06:59:46.530Z
lever	https://jobs.lever.co/coursera	1	2026-09-28T06:59:46.598Z
lever	https://jobs.lever.co/covariant	1	2026-09-28T06:59:46.596Z
lever	https://jobs.lever.co/cover-2	1	2026-09-28T06:59:46.596Z
lever	https://jobs.lever.co/covergenius	1	2026-09-28T06:59:46.601Z
lever	https://jobs.lever.co/craft	1	2026-09-28T06:59:46.668Z
lever	https://jobs.lever.co/craftwaterinc	1	2026-09-28T06:59:46.662Z
lever	https://jobs.lever.co/cratejoy	1	2026-09-28T06:59:46.667Z
lever	https://jobs.lever.co/creadits	1	2026-09-28T06:59:46.700Z
lever	https://jobs.lever.co/creativemarket	1	2026-09-28T06:59:46.740Z
lever	https://jobs.lever.co/creatoriq	1	2026-09-28T06:59:46.740Z
lever	https://jobs.lever.co/credavenue	1	2026-09-28T06:59:46.805Z
lever	https://jobs.lever.co/creditkarma	1	2026-09-28T06:59:46.807Z
lever	https://jobs.lever.co/credo	1	2026-09-28T06:59:46.802Z
lever	https://jobs.lever.co/credplatform	1	2026-09-28T06:59:46.817Z
lever	https://jobs.lever.co/cresta	1	2026-09-28T06:59:46.843Z
lever	https://jobs.lever.co/crewapp	1	2026-09-28T06:59:46.872Z
lever	https://jobs.lever.co/crewbloom	1	2026-09-28T06:59:46.873Z
lever	https://jobs.lever.co/crickethealth	1	2026-09-28T06:59:46.911Z
lever	https://jobs.lever.co/criticaltilt	1	2026-09-28T06:59:46.939Z
lever	https://jobs.lever.co/cruise	1	2026-09-28T06:59:47.085Z
lever	https://jobs.lever.co/crunchbase	1	2026-09-28T06:59:47.140Z
lever	https://jobs.lever.co/crusoeenergy	1	2026-09-28T06:59:47.152Z
lever	https://jobs.lever.co/cruxinformatics	1	2026-09-28T06:59:47.208Z
lever	https://jobs.lever.co/crypto-innovation	1	2026-09-28T06:59:47.227Z
lever	https://jobs.lever.co/csaassociates	1	2026-09-28T06:59:47.303Z
lever	https://jobs.lever.co/culturetrip	1	2026-09-28T06:59:47.519Z
lever	https://jobs.lever.co/curbio	1	2026-09-28T06:59:47.590Z
lever	https://jobs.lever.co/curefit	1	2026-09-28T06:59:47.628Z
lever	https://jobs.lever.co/curieco	1	2026-09-28T06:59:47.656Z
lever	https://jobs.lever.co/curimeta	1	2026-09-28T06:59:47.679Z
lever	https://jobs.lever.co/curiositymedia	1	2026-09-28T06:59:47.695Z
lever	https://jobs.lever.co/curology	1	2026-09-28T06:59:47.718Z
lever	https://jobs.lever.co/currencycloud	1	2026-09-28T06:59:47.738Z
lever	https://jobs.lever.co/custodiabank	1	2026-09-28T06:59:47.766Z
lever	https://jobs.lever.co/cybcube	1	2026-09-28T06:59:47.835Z
lever	https://jobs.lever.co/cybercare	1	2026-09-28T06:59:47.846Z
lever	https://jobs.lever.co/cyberfame	1	2026-09-28T06:59:48.553Z
lever	https://jobs.lever.co/cye	1	2026-09-28T06:59:48.008Z
lever	https://jobs.lever.co/cyvl-ai	1	2026-09-28T06:59:48.069Z
lever	https://jobs.lever.co/d-edge	1	2026-09-28T06:59:48.075Z
lever	https://jobs.lever.co/daedalean	1	2026-09-28T06:59:48.136Z
lever	https://jobs.lever.co/darkslope	1	2026-09-28T06:59:48.299Z
lever	https://jobs.lever.co/darwinhomes	1	2026-09-28T06:59:48.330Z
lever	https://jobs.lever.co/dasservicesllc	1	2026-09-28T06:59:48.366Z
lever	https://jobs.lever.co/databricks	1	2026-09-28T06:59:48.368Z
lever	https://jobs.lever.co/datahawk	1	2026-09-28T06:59:48.413Z
lever	https://jobs.lever.co/dataiku	1	2026-09-28T06:59:48.433Z
lever	https://jobs.lever.co/dataplor	1	2026-09-28T06:59:48.477Z
lever	https://jobs.lever.co/dave	1	2026-09-28T06:59:48.500Z
lever	https://jobs.lever.co/dawnlight	1	2026-09-28T06:59:48.510Z
lever	https://jobs.lever.co/dayonebio	1	2026-09-28T06:59:48.554Z
lever	https://jobs.lever.co/dazn	1	2026-09-28T06:59:48.566Z
lever	https://jobs.lever.co/dbtlabs	1	2026-09-28T06:59:48.578Z
lever	https://jobs.lever.co/dds	1	2026-09-28T06:59:48.619Z
lever	https://jobs.lever.co/dealmaker	1	2026-09-28T06:59:48.627Z
lever	https://jobs.lever.co/dealpath	1	2026-09-28T06:59:48.641Z
lever	https://jobs.lever.co/debtsy	1	2026-09-28T06:59:48.646Z
lever	https://jobs.lever.co/decathlon	1	2026-09-28T06:59:48.697Z
lever	https://jobs.lever.co/decentraland	1	2026-09-28T06:59:48.693Z
lever	https://jobs.lever.co/deep6	1	2026-09-28T06:59:48.704Z
lever	https://jobs.lever.co/deepcell	1	2026-09-28T06:59:48.711Z
lever	https://jobs.lever.co/deepgram	1	2026-09-28T06:59:48.760Z
lever	https://jobs.lever.co/deepjudge	1	2026-09-28T06:59:48.763Z
lever	https://jobs.lever.co/defialliance	1	2026-09-28T06:59:48.772Z
lever	https://jobs.lever.co/deft	1	2026-09-28T06:59:48.774Z
lever	https://jobs.lever.co/degreed	1	2026-09-28T06:59:48.821Z
lever	https://jobs.lever.co/deliveryrelay	1	2026-09-28T06:59:48.842Z
lever	https://jobs.lever.co/deloitte	1	2026-09-28T06:59:48.841Z
lever	https://jobs.lever.co/deltadental	1	2026-09-28T06:59:48.906Z
lever	https://jobs.lever.co/delv	1	2026-09-28T06:59:49.072Z
lever	https://jobs.lever.co/density	1	2026-09-28T06:59:48.972Z
lever	https://jobs.lever.co/descript-2	1	2026-09-28T06:59:49.039Z
lever	https://jobs.lever.co/designpickle	1	2026-09-28T06:59:49.050Z
lever	https://jobs.lever.co/desmos	1	2026-09-28T06:59:49.052Z
lever	https://jobs.lever.co/device42	1	2026-09-28T06:59:49.158Z
lever	https://jobs.lever.co/devoted	1	2026-09-28T06:59:49.202Z
lever	https://jobs.lever.co/devsoftam	1	2026-09-28T06:59:49.210Z
lever	https://jobs.lever.co/dgraph	1	2026-09-28T06:59:49.295Z
lever	https://jobs.lever.co/diamondage3d	1	2026-09-28T06:59:49.381Z
lever	https://jobs.lever.co/didi-global	1	2026-09-28T06:59:49.387Z
lever	https://jobs.lever.co/digimarc	1	2026-09-28T06:59:49.442Z
lever	https://jobs.lever.co/digitalmass	1	2026-09-28T06:59:49.456Z
lever	https://jobs.lever.co/digitalremedy	1	2026-09-28T06:59:49.509Z
lever	https://jobs.lever.co/digitalturbine	1	2026-09-28T06:59:49.520Z
lever	https://jobs.lever.co/dimo	1	2026-09-28T06:59:49.586Z
lever	https://jobs.lever.co/diool	1	2026-09-28T06:59:49.588Z
lever	https://jobs.lever.co/dioxycle	1	2026-09-28T06:59:49.597Z
lever	https://jobs.lever.co/directi	1	2026-09-28T06:59:49.604Z
lever	https://jobs.lever.co/dispo	1	2026-09-28T06:59:49.652Z
lever	https://jobs.lever.co/disruptivegames	1	2026-09-28T06:59:49.831Z
lever	https://jobs.lever.co/divergent3d	1	2026-09-28T06:59:49.673Z
lever	https://jobs.lever.co/diversifiedradiology	1	2026-09-28T06:59:50.123Z
lever	https://jobs.lever.co/diversio	1	2026-09-28T06:59:49.742Z
lever	https://jobs.lever.co/dixa	1	2026-09-28T06:59:49.742Z
lever	https://jobs.lever.co/djeholdings	1	2026-09-28T06:59:49.808Z
lever	https://jobs.lever.co/dnc	1	2026-09-28T06:59:49.876Z
lever	https://jobs.lever.co/dntanks	1	2026-09-28T06:59:49.891Z
lever	https://jobs.lever.co/dockwa	1	2026-09-28T06:59:50.127Z
lever	https://jobs.lever.co/dogdrop	1	2026-09-28T06:59:50.010Z
lever	https://jobs.lever.co/domio	1	2026-09-28T06:59:50.911Z
lever	https://jobs.lever.co/done	1	2026-09-28T06:59:50.107Z
lever	https://jobs.lever.co/doppler	1	2026-09-28T06:59:50.180Z
lever	https://jobs.lever.co/dorahacks	1	2026-09-28T06:59:50.199Z
lever	https://jobs.lever.co/dott	1	2026-09-28T06:59:50.220Z
lever	https://jobs.lever.co/dragonarmy	1	2026-09-28T06:59:50.266Z
lever	https://jobs.lever.co/drchrono	1	2026-09-28T06:59:50.287Z
lever	https://jobs.lever.co/dreamsports	1	2026-09-28T06:59:50.349Z
lever	https://jobs.lever.co/drip	1	2026-09-28T06:59:50.354Z
lever	https://jobs.lever.co/drivekyte	1	2026-09-28T06:59:50.385Z
lever	https://jobs.lever.co/drivy	1	2026-09-28T06:59:50.445Z
lever	https://jobs.lever.co/drizly	1	2026-09-28T06:59:50.420Z
lever	https://jobs.lever.co/dronesense	1	2026-09-28T06:59:50.529Z
lever	https://jobs.lever.co/dru-app	1	2026-09-28T06:59:50.526Z
lever	https://jobs.lever.co/dscout	1	2026-09-28T06:59:50.495Z
lever	https://jobs.lever.co/dten	1	2026-09-28T06:59:50.525Z
lever	https://jobs.lever.co/duolingo	1	2026-09-28T06:59:50.595Z
lever	https://jobs.lever.co/dwavesys	1	2026-09-28T06:59:50.669Z
lever	https://jobs.lever.co/dydx-ops	1	2026-09-28T06:59:50.731Z
lever	https://jobs.lever.co/dynamoai	1	2026-09-28T06:59:50.756Z
lever	https://jobs.lever.co/dynastystudios	1	2026-09-28T06:59:50.811Z
lever	https://jobs.lever.co/dynatrace	1	2026-09-28T06:59:50.824Z
lever	https://jobs.lever.co/dyte-io	1	2026-09-28T06:59:50.865Z
lever	https://jobs.lever.co/e-core	1	2026-09-28T06:59:50.892Z
lever	https://jobs.lever.co/e2optics	1	2026-09-28T06:59:50.927Z
lever	https://jobs.lever.co/eargo	1	2026-09-28T06:59:50.936Z
lever	https://jobs.lever.co/earlybird	1	2026-09-28T06:59:51.221Z
lever	https://jobs.lever.co/eastwall	1	2026-09-28T06:59:50.995Z
lever	https://jobs.lever.co/eaze	1	2026-09-28T06:59:51.104Z
lever	https://jobs.lever.co/ebury	1	2026-09-28T06:59:51.132Z
lever	https://jobs.lever.co/ecocart	1	2026-09-28T06:59:51.146Z
lever	https://jobs.lever.co/ecosia	1	2026-09-28T06:59:51.179Z
lever	https://jobs.lever.co/edenhealth	1	2026-09-28T06:59:51.208Z
lever	https://jobs.lever.co/edge-impulse	1	2026-09-28T06:59:51.554Z
lever	https://jobs.lever.co/edgrp	1	2026-09-28T06:59:51.285Z
lever	https://jobs.lever.co/edisonenergy	1	2026-09-28T06:59:51.298Z
lever	https://jobs.lever.co/educationatwork	1	2026-09-28T06:59:51.350Z
lever	https://jobs.lever.co/efront	1	2026-09-28T06:59:51.413Z
lever	https://jobs.lever.co/egensolutions	1	2026-09-28T06:59:51.438Z
lever	https://jobs.lever.co/eh2	1	2026-09-28T06:59:51.550Z
lever	https://jobs.lever.co/einride	1	2026-09-28T06:59:51.482Z
lever	https://jobs.lever.co/elearningmind	1	2026-09-28T06:59:51.504Z
lever	https://jobs.lever.co/electrifiedthermalsolutions	1	2026-09-28T06:59:51.573Z
lever	https://jobs.lever.co/electrum	1	2026-09-28T06:59:51.576Z
lever	https://jobs.lever.co/elementus	1	2026-09-28T06:59:51.617Z
lever	https://jobs.lever.co/elevatelabs	1	2026-09-28T06:59:51.626Z
lever	https://jobs.lever.co/elliemae	1	2026-09-28T06:59:51.683Z
lever	https://jobs.lever.co/elliveproductions	1	2026-09-28T06:59:51.688Z
lever	https://jobs.lever.co/elodiegames	1	2026-09-28T06:59:51.744Z
lever	https://jobs.lever.co/elvah	1	2026-09-28T06:59:51.807Z
lever	https://jobs.lever.co/emeraldtherapeutics	1	2026-09-28T06:59:51.825Z
lever	https://jobs.lever.co/emesent	1	2026-09-28T06:59:51.887Z
lever	https://jobs.lever.co/empowerpartnerships	1	2026-09-28T06:59:52.038Z
lever	https://jobs.lever.co/enarahealth	1	2026-09-28T06:59:52.111Z
lever	https://jobs.lever.co/encorevet	1	2026-09-28T06:59:52.143Z
lever	https://jobs.lever.co/endless	1	2026-09-28T06:59:52.178Z
lever	https://jobs.lever.co/endlesswest	1	2026-09-28T06:59:52.177Z
lever	https://jobs.lever.co/endycanada	1	2026-09-28T06:59:52.229Z
lever	https://jobs.lever.co/energy-impact	1	2026-09-28T06:59:52.323Z
lever	https://jobs.lever.co/energyvault	1	2026-09-28T06:59:52.307Z
lever	https://jobs.lever.co/enertechsearch	1	2026-09-28T06:59:52.294Z
lever	https://jobs.lever.co/enjoybloom	1	2026-09-28T06:59:52.359Z
lever	https://jobs.lever.co/enlitic	1	2026-09-28T06:59:52.362Z
lever	https://jobs.lever.co/enso	1	2026-09-28T06:59:52.419Z
lever	https://jobs.lever.co/entangledtalent	1	2026-09-28T06:59:52.400Z
lever	https://jobs.lever.co/entanglelabs	1	2026-09-28T06:59:52.385Z
lever	https://jobs.lever.co/envedabio	1	2026-09-28T06:59:52.477Z
lever	https://jobs.lever.co/envisionemploymentsolutions	1	2026-09-28T06:59:52.483Z
lever	https://jobs.lever.co/enya	1	2026-09-28T06:59:52.577Z
lever	https://jobs.lever.co/epicio	1	2026-09-28T06:59:52.497Z
lever	https://jobs.lever.co/episci	1	2026-09-28T06:59:52.545Z
lever	https://jobs.lever.co/equiphealth	1	2026-09-28T06:59:52.612Z
lever	https://jobs.lever.co/esper-3	1	2026-09-28T06:59:52.848Z
lever	https://jobs.lever.co/espresso	1	2026-09-28T06:59:52.767Z
lever	https://jobs.lever.co/ether-fi	1	2026-09-28T06:59:52.905Z
lever	https://jobs.lever.co/ethereumfoundation	1	2026-09-28T06:59:53.032Z
lever	https://jobs.lever.co/ethos	1	2026-09-28T06:59:52.929Z
lever	https://jobs.lever.co/etsy	1	2026-09-28T06:59:52.972Z
lever	https://jobs.lever.co/eudia	1	2026-09-28T06:59:52.997Z
lever	https://jobs.lever.co/eve	1	2026-09-28T06:59:53.038Z
lever	https://jobs.lever.co/evenfinancial	1	2026-09-28T06:59:53.108Z
lever	https://jobs.lever.co/eventbrite	1	2026-09-28T06:59:53.063Z
lever	https://jobs.lever.co/everc	1	2026-09-28T06:59:53.100Z
lever	https://jobs.lever.co/evergrow	1	2026-09-28T06:59:53.915Z
lever	https://jobs.lever.co/everlane	1	2026-09-28T06:59:53.140Z
lever	https://jobs.lever.co/everlaw	1	2026-09-28T06:59:53.167Z
lever	https://jobs.lever.co/everli	1	2026-09-28T06:59:53.177Z
lever	https://jobs.lever.co/evisort-2	1	2026-09-28T06:59:53.235Z
lever	https://jobs.lever.co/evocalize	1	2026-09-28T06:59:53.244Z
lever	https://jobs.lever.co/exa-labs	1	2026-09-28T06:59:53.306Z
lever	https://jobs.lever.co/exabeam	1	2026-09-28T06:59:53.311Z
lever	https://jobs.lever.co/exp	1	2026-09-28T06:59:53.368Z
lever	https://jobs.lever.co/explorejobssearch	1	2026-09-28T06:59:53.437Z
lever	https://jobs.lever.co/expopulus	1	2026-09-28T06:59:53.446Z
lever	https://jobs.lever.co/ey-ps	1	2026-09-28T06:59:53.571Z
lever	https://jobs.lever.co/f16y	1	2026-09-28T06:59:53.640Z
lever	https://jobs.lever.co/fabric	1	2026-09-28T06:59:53.715Z
lever	https://jobs.lever.co/fabrica	1	2026-09-28T06:59:53.946Z
lever	https://jobs.lever.co/factored	1	2026-09-28T06:59:53.811Z
lever	https://jobs.lever.co/fairmat	1	2026-09-28T06:59:53.882Z
lever	https://jobs.lever.co/fairmatic	1	2026-09-28T06:59:53.911Z
lever	https://jobs.lever.co/fama	1	2026-09-28T06:59:53.949Z
lever	https://jobs.lever.co/fanatics	1	2026-09-28T06:59:53.985Z
lever	https://jobs.lever.co/farcast	1	2026-09-28T06:59:54.015Z
lever	https://jobs.lever.co/farmgirlflowers	1	2026-09-28T06:59:54.056Z
lever	https://jobs.lever.co/farmwise	1	2026-09-28T06:59:54.080Z
lever	https://jobs.lever.co/fast	1	2026-09-28T06:59:54.085Z
lever	https://jobs.lever.co/fathom5	1	2026-09-28T06:59:54.190Z
lever	https://jobs.lever.co/fathomhealth	1	2026-09-28T06:59:54.150Z
lever	https://jobs.lever.co/fathomradiant	1	2026-09-28T06:59:54.155Z
lever	https://jobs.lever.co/fazzfinancial	1	2026-09-28T06:59:54.182Z
lever	https://jobs.lever.co/federato	1	2026-09-28T06:59:54.784Z
lever	https://jobs.lever.co/feedmedia	1	2026-09-28T06:59:54.217Z
lever	https://jobs.lever.co/fellowshiplifeinc	1	2026-09-28T06:59:54.258Z
lever	https://jobs.lever.co/ffws	1	2026-09-28T06:59:54.324Z
lever	https://jobs.lever.co/fiddlerlabs	1	2026-09-28T06:59:54.365Z
lever	https://jobs.lever.co/fightcamp	1	2026-09-28T06:59:54.415Z
lever	https://jobs.lever.co/figma	1	2026-09-28T06:59:54.433Z
lever	https://jobs.lever.co/financeinabox	1	2026-09-28T06:59:54.481Z
lever	https://jobs.lever.co/findmine	1	2026-09-28T06:59:54.616Z
lever	https://jobs.lever.co/findora	1	2026-09-28T06:59:54.621Z
lever	https://jobs.lever.co/finleytechnologies	1	2026-09-28T06:59:54.641Z
lever	https://jobs.lever.co/finstek	1	2026-09-28T06:59:54.690Z
lever	https://jobs.lever.co/finwavesemiconductor	1	2026-09-28T06:59:54.711Z
lever	https://jobs.lever.co/firewoodmarketing	1	2026-09-28T06:59:54.779Z
lever	https://jobs.lever.co/firmex	1	2026-09-28T06:59:54.832Z
lever	https://jobs.lever.co/firsthand	1	2026-09-28T06:59:54.849Z
lever	https://jobs.lever.co/firstround	1	2026-09-28T06:59:54.853Z
lever	https://jobs.lever.co/fishtownanalytics	1	2026-09-28T06:59:54.914Z
lever	https://jobs.lever.co/fitifyworkouts	1	2026-09-28T06:59:54.920Z
lever	https://jobs.lever.co/fizz	1	2026-09-28T06:59:54.993Z
lever	https://jobs.lever.co/flaretherapeutics	1	2026-09-28T06:59:56.256Z
lever	https://jobs.lever.co/flash	1	2026-09-28T06:59:55.322Z
lever	https://jobs.lever.co/flatironsdevelopment	1	2026-09-28T06:59:55.131Z
lever	https://jobs.lever.co/flawlessai	1	2026-09-28T06:59:55.139Z
lever	https://jobs.lever.co/fleetsmith	1	2026-09-28T06:59:55.201Z
lever	https://jobs.lever.co/flex	1	2026-09-28T06:59:55.530Z
lever	https://jobs.lever.co/flexcollegeprep	1	2026-09-28T06:59:55.270Z
lever	https://jobs.lever.co/flexiti	1	2026-09-28T06:59:55.338Z
lever	https://jobs.lever.co/fliff	1	2026-09-28T06:59:55.399Z
lever	https://jobs.lever.co/flightcx	1	2026-09-28T06:59:55.407Z
lever	https://jobs.lever.co/flipfit	1	2026-09-28T06:59:55.468Z
lever	https://jobs.lever.co/flockjay	1	2026-09-28T06:59:55.536Z
lever	https://jobs.lever.co/flowerave	1	2026-09-28T06:59:55.673Z
lever	https://jobs.lever.co/flowfoundation	1	2026-09-28T06:59:55.723Z
lever	https://jobs.lever.co/flowspace	1	2026-09-28T06:59:56.214Z
lever	https://jobs.lever.co/flpstudio	1	2026-09-28T06:59:56.135Z
lever	https://jobs.lever.co/fluence	1	2026-09-28T06:59:56.203Z
lever	https://jobs.lever.co/flyrhospitality	1	2026-09-28T06:59:56.324Z
lever	https://jobs.lever.co/flyrlabs	1	2026-09-28T06:59:56.337Z
lever	https://jobs.lever.co/flytographer	1	2026-09-28T06:59:56.340Z
lever	https://jobs.lever.co/flywheel-2	1	2026-09-28T06:59:56.391Z
lever	https://jobs.lever.co/flywheeldigital	1	2026-09-28T06:59:56.403Z
lever	https://jobs.lever.co/flyzipline	1	2026-09-28T06:59:56.407Z
lever	https://jobs.lever.co/fnatic	1	2026-09-28T06:59:56.422Z
lever	https://jobs.lever.co/focuspartners	1	2026-09-28T06:59:56.458Z
lever	https://jobs.lever.co/food52	1	2026-09-28T06:59:56.470Z
lever	https://jobs.lever.co/forestcarbonworks	1	2026-09-28T06:59:56.541Z
lever	https://jobs.lever.co/formant	1	2026-09-28T06:59:56.609Z
lever	https://jobs.lever.co/format	1	2026-09-28T06:59:56.667Z
lever	https://jobs.lever.co/formelife	1	2026-09-28T06:59:56.627Z
lever	https://jobs.lever.co/formenergy	1	2026-09-28T06:59:56.676Z
lever	https://jobs.lever.co/formidable	1	2026-09-28T06:59:56.694Z
lever	https://jobs.lever.co/formlogic	1	2026-09-28T06:59:56.813Z
lever	https://jobs.lever.co/formstack	1	2026-09-28T06:59:56.735Z
lever	https://jobs.lever.co/formulamonks	1	2026-09-28T06:59:56.757Z
lever	https://jobs.lever.co/fortahealth	1	2026-09-28T06:59:56.756Z
lever	https://jobs.lever.co/forto	1	2026-09-28T06:59:56.823Z
lever	https://jobs.lever.co/fortreum	1	2026-09-28T06:59:56.822Z
lever	https://jobs.lever.co/fortuneschool	1	2026-09-28T06:59:56.819Z
lever	https://jobs.lever.co/forusall	1	2026-09-28T06:59:56.873Z
lever	https://jobs.lever.co/foundersfactory	1	2026-09-28T06:59:56.884Z
lever	https://jobs.lever.co/foundersfactoryafrica	1	2026-09-28T06:59:56.889Z
lever	https://jobs.lever.co/foundry-ai	1	2026-09-28T06:59:56.940Z
lever	https://jobs.lever.co/fourth	1	2026-09-28T06:59:56.953Z
lever	https://jobs.lever.co/foxtrotco	1	2026-09-28T06:59:57.007Z
lever	https://jobs.lever.co/fractional	1	2026-09-28T06:59:57.027Z
lever	https://jobs.lever.co/framework	1	2026-09-28T06:59:57.063Z
lever	https://jobs.lever.co/freeletics	1	2026-09-28T06:59:57.171Z
lever	https://jobs.lever.co/freshhealth	1	2026-09-28T06:59:57.298Z
lever	https://jobs.lever.co/freshly	1	2026-09-28T06:59:57.330Z
lever	https://jobs.lever.co/frontapp	1	2026-09-28T06:59:57.333Z
lever	https://jobs.lever.co/frubana	1	2026-09-28T06:59:57.391Z
lever	https://jobs.lever.co/ftc	1	2026-09-28T06:59:57.400Z
lever	https://jobs.lever.co/ftxus	1	2026-09-28T06:59:57.436Z
lever	https://jobs.lever.co/fulcrumservices	1	2026-09-28T06:59:57.724Z
lever	https://jobs.lever.co/fullscreen	1	2026-09-28T06:59:57.462Z
lever	https://jobs.lever.co/fullstacklabs	1	2026-09-28T06:59:57.528Z
lever	https://jobs.lever.co/fundapps	1	2026-09-28T06:59:57.672Z
lever	https://jobs.lever.co/fundera	1	2026-09-28T06:59:57.595Z
lever	https://jobs.lever.co/fuse	1	2026-09-28T06:59:57.677Z
lever	https://jobs.lever.co/futurelaboratori	1	2026-09-28T06:59:57.722Z
lever	https://jobs.lever.co/fynd	1	2026-09-28T06:59:57.748Z
lever	https://jobs.lever.co/fyusion	1	2026-09-28T06:59:57.750Z
lever	https://jobs.lever.co/g2i	1	2026-09-28T06:59:57.787Z
lever	https://jobs.lever.co/gametime	1	2026-09-28T06:59:57.993Z
lever	https://jobs.lever.co/gantri	1	2026-09-28T06:59:57.964Z
lever	https://jobs.lever.co/gantry	1	2026-09-28T06:59:58.019Z
lever	https://jobs.lever.co/gather-health	1	2026-09-28T06:59:58.032Z
lever	https://jobs.lever.co/gatherai	1	2026-09-28T06:59:58.061Z
lever	https://jobs.lever.co/gatheround	1	2026-09-28T06:59:58.087Z
lever	https://jobs.lever.co/gbatteries	1	2026-09-28T06:59:58.164Z
lever	https://jobs.lever.co/gdi	1	2026-09-28T06:59:58.207Z
lever	https://jobs.lever.co/geckoboard	1	2026-09-28T06:59:58.243Z
lever	https://jobs.lever.co/genedit	1	2026-09-28T06:59:58.310Z
lever	https://jobs.lever.co/generallyintelligent	1	2026-09-28T06:59:58.341Z
lever	https://jobs.lever.co/generation	1	2026-09-28T06:59:58.350Z
lever	https://jobs.lever.co/genesistherapeutics	1	2026-09-28T06:59:58.379Z
lever	https://jobs.lever.co/genomicsplc	1	2026-09-28T06:59:58.456Z
lever	https://jobs.lever.co/gentibio	1	2026-09-28T06:59:58.420Z
lever	https://jobs.lever.co/geophy	1	2026-09-28T06:59:58.488Z
lever	https://jobs.lever.co/geotab	1	2026-09-28T06:59:58.488Z
lever	https://jobs.lever.co/getansa	1	2026-09-28T06:59:58.518Z
lever	https://jobs.lever.co/getaround	1	2026-09-28T06:59:58.556Z
lever	https://jobs.lever.co/getbuilt	1	2026-09-28T06:59:59.390Z
lever	https://jobs.lever.co/getcenter	1	2026-09-28T06:59:58.587Z
lever	https://jobs.lever.co/getfable	1	2026-09-28T06:59:58.754Z
lever	https://jobs.lever.co/getjerry	1	2026-09-28T06:59:58.763Z
lever	https://jobs.lever.co/getjones	1	2026-09-28T06:59:59.121Z
lever	https://jobs.lever.co/getlago	1	2026-09-28T06:59:58.832Z
lever	https://jobs.lever.co/getmetronome	1	2026-09-28T06:59:59.190Z
lever	https://jobs.lever.co/getmulberry	1	2026-09-28T06:59:59.314Z
lever	https://jobs.lever.co/getmysa	1	2026-09-28T06:59:59.533Z
lever	https://jobs.lever.co/getpatch	1	2026-09-28T06:59:59.381Z
lever	https://jobs.lever.co/ghjadvisors	1	2026-09-28T06:59:59.795Z
lever	https://jobs.lever.co/gigster	1	2026-09-28T06:59:59.986Z
lever	https://jobs.lever.co/ginkgobioworks	1	2026-09-28T06:59:59.922Z
lever	https://jobs.lever.co/gitbook	1	2026-09-28T06:59:59.999Z
lever	https://jobs.lever.co/gitlab	1	2026-09-28T07:00:08.776Z
lever	https://jobs.lever.co/givax	1	2026-09-28T07:00:00.049Z
lever	https://jobs.lever.co/givebutter	1	2026-09-28T07:00:01.344Z
lever	https://jobs.lever.co/givingli	1	2026-09-28T07:00:00.118Z
lever	https://jobs.lever.co/glassnode	1	2026-09-28T07:00:00.287Z
lever	https://jobs.lever.co/glidian	1	2026-09-28T07:00:01.435Z
lever	https://jobs.lever.co/glints	1	2026-09-28T07:00:03.679Z
lever	https://jobs.lever.co/glitch	1	2026-09-28T07:00:03.748Z
lever	https://jobs.lever.co/global-elite	1	2026-09-28T07:00:03.816Z
lever	https://jobs.lever.co/globalelitecareers	1	2026-09-28T07:00:04.076Z
lever	https://jobs.lever.co/gloo	1	2026-09-28T07:00:04.219Z
lever	https://jobs.lever.co/glowforge	1	2026-09-28T07:00:07.967Z
lever	https://jobs.lever.co/glu	1	2026-09-28T07:00:08.483Z
lever	https://jobs.lever.co/go2-markets	1	2026-09-28T07:00:09.750Z
lever	https://jobs.lever.co/goabstract	1	2026-09-28T07:00:17.155Z
lever	https://jobs.lever.co/goat	1	2026-09-28T07:00:10.910Z
lever	https://jobs.lever.co/gobrightside	1	2026-09-28T07:00:12.618Z
lever	https://jobs.lever.co/goconsensus	1	2026-09-28T07:00:11.523Z
lever	https://jobs.lever.co/goeverbright	1	2026-09-28T07:00:11.591Z
lever	https://jobs.lever.co/goforward	1	2026-09-28T07:00:12.125Z
lever	https://jobs.lever.co/gogolook	1	2026-09-28T07:00:11.790Z
lever	https://jobs.lever.co/gojek	1	2026-09-28T07:00:12.916Z
lever	https://jobs.lever.co/gokenamerica1	1	2026-09-28T07:00:13.241Z
lever	https://jobs.lever.co/goldcast	1	2026-09-28T07:00:13.315Z
lever	https://jobs.lever.co/goldfinch	1	2026-09-28T07:00:22.219Z
lever	https://jobs.lever.co/golucid	1	2026-09-28T07:00:15.094Z
lever	https://jobs.lever.co/gong	1	2026-09-28T07:00:15.749Z
lever	https://jobs.lever.co/goodgamestudios	1	2026-09-28T07:00:17.539Z
lever	https://jobs.lever.co/goodrx	1	2026-09-28T07:00:17.700Z
lever	https://jobs.lever.co/gorgias	1	2026-09-28T07:00:17.907Z
lever	https://jobs.lever.co/gorillalogic	1	2026-09-28T07:00:18.043Z
lever	https://jobs.lever.co/goshippo	1	2026-09-28T07:00:18.113Z
lever	https://jobs.lever.co/gotit	1	2026-09-28T07:00:25.090Z
lever	https://jobs.lever.co/gotogroup	1	2026-09-28T07:00:19.092Z
lever	https://jobs.lever.co/govini	1	2026-09-28T07:00:19.719Z
lever	https://jobs.lever.co/gowanco	1	2026-09-28T07:00:20.964Z
lever	https://jobs.lever.co/gpsfx	1	2026-09-28T07:00:20.996Z
lever	https://jobs.lever.co/grab	1	2026-09-28T07:00:21.065Z
lever	https://jobs.lever.co/grafana	1	2026-09-28T07:00:21.134Z
lever	https://jobs.lever.co/grandrounds	1	2026-09-28T07:00:21.545Z
lever	https://jobs.lever.co/granicus	1	2026-09-28T07:00:21.686Z
lever	https://jobs.lever.co/granular	1	2026-09-28T07:00:22.218Z
lever	https://jobs.lever.co/grav	1	2026-09-28T07:00:22.096Z
lever	https://jobs.lever.co/graviticsspace	1	2026-09-28T07:00:22.304Z
lever	https://jobs.lever.co/grayscale	1	2026-09-28T07:00:22.289Z
lever	https://jobs.lever.co/greenroompr	1	2026-09-28T07:00:22.522Z
lever	https://jobs.lever.co/greenshieldholdings	1	2026-09-28T07:00:22.696Z
lever	https://jobs.lever.co/greybrook	1	2026-09-28T07:00:22.877Z
lever	https://jobs.lever.co/grid	1	2026-09-28T07:00:29.969Z
lever	https://jobs.lever.co/grimm-co	1	2026-09-28T07:00:23.019Z
lever	https://jobs.lever.co/grove	1	2026-09-28T07:00:23.186Z
lever	https://jobs.lever.co/grow	1	2026-09-28T07:00:23.255Z
lever	https://jobs.lever.co/growthlending	1	2026-09-28T07:00:23.262Z
lever	https://jobs.lever.co/growthtribe	1	2026-09-28T07:00:23.330Z
lever	https://jobs.lever.co/gscloudsolutions	1	2026-09-28T07:00:27.668Z
lever	https://jobs.lever.co/gsr	1	2026-09-28T07:00:23.511Z
lever	https://jobs.lever.co/gts	1	2026-09-28T07:00:23.578Z
lever	https://jobs.lever.co/guidewire	1	2026-09-28T07:00:23.757Z
lever	https://jobs.lever.co/guild	1	2026-09-28T07:00:23.839Z
lever	https://jobs.lever.co/gurobioptimization	1	2026-09-28T07:00:25.902Z
lever	https://jobs.lever.co/guusto	1	2026-09-28T07:00:24.130Z
lever	https://jobs.lever.co/habito	1	2026-09-28T07:00:24.641Z
lever	https://jobs.lever.co/hackerone	1	2026-09-28T07:00:24.573Z
lever	https://jobs.lever.co/hadrian	1	2026-09-28T07:00:24.640Z
lever	https://jobs.lever.co/hakkoda	1	2026-09-28T07:00:24.923Z
lever	https://jobs.lever.co/hallow	1	2026-09-28T07:00:24.961Z
lever	https://jobs.lever.co/haloeurope	1	2026-09-28T07:00:25.037Z
lever	https://jobs.lever.co/halter	1	2026-09-28T07:00:25.103Z
lever	https://jobs.lever.co/hamiltonps	1	2026-09-28T07:00:25.162Z
lever	https://jobs.lever.co/happn	1	2026-09-28T07:00:26.108Z
lever	https://jobs.lever.co/happyfresh	1	2026-09-28T07:00:25.965Z
lever	https://jobs.lever.co/happymoney	1	2026-09-28T07:00:26.290Z
lever	https://jobs.lever.co/harness	1	2026-09-28T07:00:26.359Z
lever	https://jobs.lever.co/harrisinsights	1	2026-09-28T07:00:26.424Z
lever	https://jobs.lever.co/harrison	1	2026-09-28T07:00:26.592Z
lever	https://jobs.lever.co/harvest-2	1	2026-09-28T07:00:26.500Z
lever	https://jobs.lever.co/hash	1	2026-09-28T07:00:26.593Z
lever	https://jobs.lever.co/hatch	1	2026-09-28T07:00:26.655Z
lever	https://jobs.lever.co/hatchcard	1	2026-09-28T07:00:26.730Z
lever	https://jobs.lever.co/haus	1	2026-09-28T07:00:26.762Z
lever	https://jobs.lever.co/hazelanalytics	1	2026-09-28T07:00:27.328Z
lever	https://jobs.lever.co/hdvi	1	2026-09-28T07:00:28.674Z
lever	https://jobs.lever.co/hdworks	1	2026-09-28T07:00:27.535Z
lever	https://jobs.lever.co/headhunters	1	2026-09-28T07:00:27.662Z
lever	https://jobs.lever.co/headout	1	2026-09-28T07:00:27.602Z
lever	https://jobs.lever.co/headspace	1	2026-09-28T07:00:27.700Z
lever	https://jobs.lever.co/health-atscale	1	2026-09-28T07:00:29.987Z
lever	https://jobs.lever.co/health-match	1	2026-09-28T07:00:27.737Z
lever	https://jobs.lever.co/healthatom	1	2026-09-28T07:00:28.341Z
lever	https://jobs.lever.co/healthebay	1	2026-09-28T07:00:27.804Z
lever	https://jobs.lever.co/healthline	1	2026-09-28T07:00:27.854Z
lever	https://jobs.lever.co/healthtensor	1	2026-09-28T07:00:27.899Z
lever	https://jobs.lever.co/healthverity	1	2026-09-28T07:00:27.924Z
lever	https://jobs.lever.co/hearsaysystems	1	2026-09-28T07:00:28.328Z
lever	https://jobs.lever.co/heartflow	1	2026-09-28T07:00:28.436Z
lever	https://jobs.lever.co/heirloomtechnologies	1	2026-09-28T07:00:28.839Z
lever	https://jobs.lever.co/helbiz	1	2026-09-28T07:00:28.584Z
lever	https://jobs.lever.co/hellobestow	1	2026-09-28T07:00:28.653Z
lever	https://jobs.lever.co/hellojagger	1	2026-09-28T07:00:28.720Z
lever	https://jobs.lever.co/hellopicnic	1	2026-09-28T07:00:30.033Z
lever	https://jobs.lever.co/hellosign	1	2026-09-28T07:00:28.789Z
lever	https://jobs.lever.co/helm	1	2026-09-28T07:00:28.883Z
lever	https://jobs.lever.co/helpscout	1	2026-09-28T07:00:28.907Z
lever	https://jobs.lever.co/helpshift	1	2026-09-28T07:00:28.947Z
lever	https://jobs.lever.co/helsing	1	2026-09-28T07:00:28.953Z
lever	https://jobs.lever.co/herbl	1	2026-09-28T07:00:28.973Z
lever	https://jobs.lever.co/heretic-fund	1	2026-09-28T07:00:29.016Z
lever	https://jobs.lever.co/hexagonusfederal	1	2026-09-28T07:00:29.153Z
lever	https://jobs.lever.co/hicleo	1	2026-09-28T07:00:29.605Z
lever	https://jobs.lever.co/highfidelity	1	2026-09-28T07:00:29.686Z
lever	https://jobs.lever.co/highlight	1	2026-09-28T07:00:29.696Z
lever	https://jobs.lever.co/highwirepr	1	2026-09-28T07:00:29.825Z
lever	https://jobs.lever.co/hike	1	2026-09-28T07:00:29.895Z
lever	https://jobs.lever.co/himama	1	2026-09-28T07:00:30.979Z
lever	https://jobs.lever.co/hingehealth	1	2026-09-28T07:00:29.978Z
lever	https://jobs.lever.co/hipcamp	1	2026-09-28T07:00:30.054Z
lever	https://jobs.lever.co/hireincloud	1	2026-09-28T07:00:30.051Z
lever	https://jobs.lever.co/hirezstudios	1	2026-09-28T07:00:30.054Z
lever	https://jobs.lever.co/hiring	1	2026-09-28T07:00:30.110Z
lever	https://jobs.lever.co/hiro	1	2026-09-28T07:00:30.150Z
lever	https://jobs.lever.co/hivebrite	1	2026-09-28T07:00:30.250Z
lever	https://jobs.lever.co/hively	1	2026-09-28T07:00:30.595Z
lever	https://jobs.lever.co/hivemapper	1	2026-09-28T07:00:30.200Z
lever	https://jobs.lever.co/hiver	1	2026-09-28T07:00:30.620Z
lever	https://jobs.lever.co/hlkagency	1	2026-09-28T07:00:30.359Z
lever	https://jobs.lever.co/holmusk	1	2026-09-28T07:00:31.017Z
lever	https://jobs.lever.co/hologram	1	2026-09-28T07:00:30.701Z
lever	https://jobs.lever.co/holygrail	1	2026-09-28T07:00:30.832Z
lever	https://jobs.lever.co/homechef	1	2026-09-28T07:00:30.768Z
lever	https://jobs.lever.co/homelister	1	2026-09-28T07:00:30.975Z
lever	https://jobs.lever.co/homesnap	1	2026-09-28T07:00:30.942Z
lever	https://jobs.lever.co/homestars	1	2026-09-28T07:00:31.161Z
lever	https://jobs.lever.co/homex	1	2026-09-28T07:00:31.160Z
lever	https://jobs.lever.co/hone	1	2026-09-28T07:00:31.047Z
lever	https://jobs.lever.co/honeycomb	1	2026-09-28T07:00:31.109Z
lever	https://jobs.lever.co/honeypot	1	2026-09-28T07:00:31.177Z
lever	https://jobs.lever.co/hopper	1	2026-09-28T07:00:31.325Z
lever	https://jobs.lever.co/hopthru	1	2026-09-28T07:00:31.428Z
lever	https://jobs.lever.co/hostinger	1	2026-09-28T07:00:31.499Z
lever	https://jobs.lever.co/hoteltonight	1	2026-09-28T07:00:32.029Z
lever	https://jobs.lever.co/howgood	1	2026-09-28T07:00:31.748Z
lever	https://jobs.lever.co/hqxyz	1	2026-09-28T07:00:31.572Z
lever	https://jobs.lever.co/hr-hints	1	2026-09-28T07:00:31.635Z
lever	https://jobs.lever.co/hubla	1	2026-09-28T07:00:31.689Z
lever	https://jobs.lever.co/huckleberrylabs	1	2026-09-28T07:00:31.703Z
lever	https://jobs.lever.co/huma	1	2026-09-28T07:00:31.754Z
lever	https://jobs.lever.co/human-protocol-foundation	1	2026-09-28T07:00:31.773Z
lever	https://jobs.lever.co/humanapi	1	2026-09-28T07:00:31.815Z
lever	https://jobs.lever.co/humanfirst	1	2026-09-28T07:00:31.841Z
lever	https://jobs.lever.co/humansecurity	1	2026-09-28T07:00:31.884Z
lever	https://jobs.lever.co/humi-2	1	2026-09-28T07:00:32.112Z
lever	https://jobs.lever.co/hungerfreeamerica	1	2026-09-28T07:00:31.951Z
lever	https://jobs.lever.co/hungryharvest	1	2026-09-28T07:00:31.992Z
lever	https://jobs.lever.co/hvmn	1	2026-09-28T07:00:32.022Z
lever	https://jobs.lever.co/hydrow	1	2026-09-28T07:00:32.067Z
lever	https://jobs.lever.co/hypercomply	1	2026-09-28T07:00:32.089Z
lever	https://jobs.lever.co/hyperlane	1	2026-09-28T07:00:32.101Z
lever	https://jobs.lever.co/hyperscience	1	2026-09-28T07:00:32.145Z
lever	https://jobs.lever.co/hyundai-aptivad	1	2026-09-28T07:00:32.180Z
lever	https://jobs.lever.co/ianulytalentaccelerators	1	2026-09-28T07:00:32.181Z
lever	https://jobs.lever.co/icemortgagetechnology	1	2026-09-28T07:00:32.223Z
lever	https://jobs.lever.co/icertis	1	2026-09-28T07:00:32.214Z
lever	https://jobs.lever.co/icodde	1	2026-09-28T07:00:32.530Z
lever	https://jobs.lever.co/iconicair	1	2026-09-28T07:00:32.274Z
lever	https://jobs.lever.co/icosavax	1	2026-09-28T07:00:32.337Z
lever	https://jobs.lever.co/ideagen	1	2026-09-28T07:00:32.293Z
lever	https://jobs.lever.co/idealscorp	1	2026-09-28T07:00:32.343Z
lever	https://jobs.lever.co/ideayabio	1	2026-09-28T07:00:32.472Z
lever	https://jobs.lever.co/if7	1	2026-09-28T07:00:32.445Z
lever	https://jobs.lever.co/igmbio	1	2026-09-28T07:00:32.512Z
lever	https://jobs.lever.co/ignite	1	2026-09-28T07:00:34.538Z
lever	https://jobs.lever.co/imperfectfoods	1	2026-09-28T07:00:32.776Z
lever	https://jobs.lever.co/imperfectproduce	1	2026-09-28T07:00:32.893Z
lever	https://jobs.lever.co/impossiblefoods	1	2026-09-28T07:00:32.926Z
lever	https://jobs.lever.co/improbable	1	2026-09-28T07:00:33.652Z
lever	https://jobs.lever.co/improvadoio	1	2026-09-28T07:00:32.993Z
lever	https://jobs.lever.co/inato	1	2026-09-28T07:00:33.079Z
lever	https://jobs.lever.co/inboxlab	1	2026-09-28T07:00:33.147Z
lever	https://jobs.lever.co/incandescent	1	2026-09-28T07:00:33.413Z
lever	https://jobs.lever.co/indebted	1	2026-09-28T07:00:33.718Z
lever	https://jobs.lever.co/indico	1	2026-09-28T07:00:33.938Z
lever	https://jobs.lever.co/indigoag	1	2026-09-28T07:00:33.759Z
lever	https://jobs.lever.co/indivisible	1	2026-09-28T07:00:33.783Z
lever	https://jobs.lever.co/inductiveautomation	1	2026-09-28T07:00:33.829Z
lever	https://jobs.lever.co/industrydive	1	2026-09-28T07:00:33.891Z
lever	https://jobs.lever.co/infieldstrategies	1	2026-09-28T07:00:33.922Z
lever	https://jobs.lever.co/infinigods	1	2026-09-28T07:00:33.965Z
lever	https://jobs.lever.co/infinitus	1	2026-09-28T07:00:34.106Z
lever	https://jobs.lever.co/inflection	1	2026-09-28T07:00:34.036Z
lever	https://jobs.lever.co/inflexion	1	2026-09-28T07:00:34.057Z
lever	https://jobs.lever.co/inflow	1	2026-09-28T07:00:34.100Z
lever	https://jobs.lever.co/infogrid	1	2026-09-28T07:00:34.241Z
lever	https://jobs.lever.co/infogridlinks	1	2026-09-28T07:00:34.318Z
lever	https://jobs.lever.co/infrastructureandcapitalprojects	1	2026-09-28T07:00:34.399Z
lever	https://jobs.lever.co/infrastructureontario	1	2026-09-28T07:00:34.420Z
lever	https://jobs.lever.co/initialized	1	2026-09-28T07:00:36.120Z
lever	https://jobs.lever.co/injectivelabs	1	2026-09-28T07:00:34.543Z
lever	https://jobs.lever.co/inlight	1	2026-09-28T07:00:34.611Z
lever	https://jobs.lever.co/innovafeed	1	2026-09-28T07:00:34.687Z
lever	https://jobs.lever.co/innovationdept	1	2026-09-28T07:00:34.686Z
lever	https://jobs.lever.co/insightm	1	2026-09-28T07:00:34.835Z
lever	https://jobs.lever.co/inspiration-mobility	1	2026-09-28T07:00:34.935Z
lever	https://jobs.lever.co/instawork	1	2026-09-28T07:00:35.004Z
lever	https://jobs.lever.co/instituteforproteininnovation	1	2026-09-28T07:00:35.131Z
lever	https://jobs.lever.co/instructure	1	2026-09-28T07:00:35.200Z
lever	https://jobs.lever.co/instrumental	1	2026-09-28T07:00:35.342Z
lever	https://jobs.lever.co/instrumentl	1	2026-09-28T07:00:35.413Z
lever	https://jobs.lever.co/intelligent-city	1	2026-09-28T07:00:35.553Z
lever	https://jobs.lever.co/intelliware	1	2026-09-28T07:00:35.547Z
lever	https://jobs.lever.co/intelycare	1	2026-09-28T07:00:36.021Z
lever	https://jobs.lever.co/interaxon	1	2026-09-28T07:00:35.619Z
lever	https://jobs.lever.co/interfolio	1	2026-09-28T07:00:35.704Z
lever	https://jobs.lever.co/interiormarketinggroup	1	2026-09-28T07:00:35.696Z
lever	https://jobs.lever.co/interlude	1	2026-09-28T07:00:35.723Z
lever	https://jobs.lever.co/internationalbudget	1	2026-09-28T07:00:36.134Z
lever	https://jobs.lever.co/intersectpower	1	2026-09-28T07:00:35.792Z
lever	https://jobs.lever.co/intive	1	2026-09-28T07:00:35.949Z
lever	https://jobs.lever.co/intouchgroup	1	2026-09-28T07:00:36.220Z
lever	https://jobs.lever.co/intrepid	1	2026-09-28T07:00:36.015Z
lever	https://jobs.lever.co/intricately	1	2026-09-28T07:00:36.087Z
lever	https://jobs.lever.co/intro	1	2026-09-28T07:00:36.092Z
lever	https://jobs.lever.co/inventa	1	2026-09-28T07:00:36.159Z
lever	https://jobs.lever.co/invisible	1	2026-09-28T07:00:37.520Z
lever	https://jobs.lever.co/invisible-ai	1	2026-09-28T07:00:36.767Z
lever	https://jobs.lever.co/invokestaffing	1	2026-09-28T07:00:36.271Z
lever	https://jobs.lever.co/inworld	1	2026-09-28T07:00:36.894Z
lever	https://jobs.lever.co/iobeya	1	2026-09-28T07:00:36.289Z
lever	https://jobs.lever.co/ionic	1	2026-09-28T07:00:36.353Z
lever	https://jobs.lever.co/ionicpartners	1	2026-09-28T07:00:36.410Z
lever	https://jobs.lever.co/iovlabs	1	2026-09-28T07:00:36.422Z
lever	https://jobs.lever.co/iphi	1	2026-09-28T07:00:36.438Z
lever	https://jobs.lever.co/iron_hack	1	2026-09-28T07:00:37.525Z
lever	https://jobs.lever.co/ironcladapp	1	2026-09-28T07:00:36.606Z
lever	https://jobs.lever.co/ironnetcybersecurity	1	2026-09-28T07:00:36.809Z
lever	https://jobs.lever.co/ironox	1	2026-09-28T07:00:36.829Z
lever	https://jobs.lever.co/isometrictechnologies	1	2026-09-28T07:00:36.885Z
lever	https://jobs.lever.co/italic	1	2026-09-28T07:00:36.964Z
lever	https://jobs.lever.co/iterative	1	2026-09-28T07:00:36.960Z
lever	https://jobs.lever.co/itutor	1	2026-09-28T07:00:37.005Z
lever	https://jobs.lever.co/izotope	1	2026-09-28T07:00:37.308Z
lever	https://jobs.lever.co/jacquard	1	2026-09-28T07:00:37.138Z
lever	https://jobs.lever.co/jane	1	2026-09-28T07:00:37.201Z
lever	https://jobs.lever.co/janeapp	1	2026-09-28T07:00:37.276Z
lever	https://jobs.lever.co/jar-app	1	2026-09-28T07:00:37.297Z
lever	https://jobs.lever.co/jarofleets	1	2026-09-28T07:00:37.506Z
lever	https://jobs.lever.co/jarvis	1	2026-09-28T07:00:37.353Z
lever	https://jobs.lever.co/jeff-app	1	2026-09-28T07:00:37.372Z
lever	https://jobs.lever.co/jellysmack	1	2026-09-28T07:00:37.423Z
lever	https://jobs.lever.co/jina-ai	1	2026-09-28T07:00:37.482Z
lever	https://jobs.lever.co/jobcase	1	2026-09-28T07:00:37.603Z
lever	https://jobs.lever.co/jockmkt	1	2026-09-28T07:00:37.640Z
lever	https://jobs.lever.co/joebiden	1	2026-09-28T07:00:37.670Z
lever	https://jobs.lever.co/joinclubhouse	1	2026-09-28T07:00:37.749Z
lever	https://jobs.lever.co/joindrop	1	2026-09-28T07:00:37.794Z
lever	https://jobs.lever.co/joinefnow	1	2026-09-28T07:00:37.787Z
lever	https://jobs.lever.co/joingraphite	1	2026-09-28T07:00:37.847Z
lever	https://jobs.lever.co/joinlincoln	1	2026-09-28T07:00:37.921Z
lever	https://jobs.lever.co/joinmonument-2	1	2026-09-28T07:00:37.861Z
lever	https://jobs.lever.co/joinpapa	1	2026-09-28T07:00:37.865Z
lever	https://jobs.lever.co/joinroot	1	2026-09-28T07:00:37.936Z
lever	https://jobs.lever.co/joinswoop	1	2026-09-28T07:00:37.964Z
lever	https://jobs.lever.co/joinzoe	1	2026-09-28T07:00:37.990Z
lever	https://jobs.lever.co/journeyclinical	1	2026-09-28T07:00:38.034Z
lever	https://jobs.lever.co/juniperplatform	1	2026-09-28T07:00:38.365Z
lever	https://jobs.lever.co/juno	1	2026-09-28T07:00:38.292Z
lever	https://jobs.lever.co/jupiter	1	2026-09-28T07:00:38.431Z
lever	https://jobs.lever.co/jupiterone	1	2026-09-28T07:00:38.483Z
lever	https://jobs.lever.co/juro	1	2026-09-28T07:00:38.500Z
lever	https://jobs.lever.co/justworkslabs	1	2026-09-28T07:00:38.717Z
lever	https://jobs.lever.co/kafene	1	2026-09-28T07:00:38.649Z
lever	https://jobs.lever.co/kaiahealth	1	2026-09-28T07:00:38.787Z
lever	https://jobs.lever.co/kaiber	1	2026-09-28T07:00:38.710Z
lever	https://jobs.lever.co/kaironlabs	1	2026-09-28T07:00:38.722Z
lever	https://jobs.lever.co/kairosaerospace	1	2026-09-28T07:00:38.774Z
lever	https://jobs.lever.co/kaizenplatform	1	2026-09-28T07:00:38.786Z
lever	https://jobs.lever.co/kamcord	1	2026-09-28T07:00:38.792Z
lever	https://jobs.lever.co/kandji	1	2026-09-28T07:00:38.842Z
lever	https://jobs.lever.co/kaporcapital	1	2026-09-28T07:00:38.849Z
lever	https://jobs.lever.co/karat	1	2026-09-28T07:00:38.986Z
lever	https://jobs.lever.co/kava	1	2026-09-28T07:00:39.018Z
lever	https://jobs.lever.co/kavalabs	1	2026-09-28T07:00:39.029Z
lever	https://jobs.lever.co/kddia	1	2026-09-28T07:00:39.066Z
lever	https://jobs.lever.co/kdinfotech	1	2026-09-28T07:00:39.102Z
lever	https://jobs.lever.co/keepit	1	2026-09-28T07:00:39.090Z
lever	https://jobs.lever.co/keeptruckin	1	2026-09-28T07:00:39.134Z
lever	https://jobs.lever.co/kellytelecom	1	2026-09-28T07:00:39.143Z
lever	https://jobs.lever.co/keloniatx	1	2026-09-28T07:00:39.158Z
lever	https://jobs.lever.co/kensho	1	2026-09-28T07:00:39.221Z
lever	https://jobs.lever.co/kerishullteam	1	2026-09-28T07:00:39.299Z
lever	https://jobs.lever.co/ketch	1	2026-09-28T07:00:40.364Z
lever	https://jobs.lever.co/kevala	1	2026-09-28T07:00:39.336Z
lever	https://jobs.lever.co/kg	1	2026-09-28T07:00:39.403Z
lever	https://jobs.lever.co/kibeam	1	2026-09-28T07:00:39.584Z
lever	https://jobs.lever.co/kickback	1	2026-09-28T07:00:39.689Z
lever	https://jobs.lever.co/kickoff	1	2026-09-28T07:00:40.353Z
lever	https://jobs.lever.co/kickstart-ent	1	2026-09-28T07:00:40.366Z
lever	https://jobs.lever.co/kickstarter	1	2026-09-28T07:00:40.422Z
lever	https://jobs.lever.co/kingfishgroup	1	2026-09-28T07:00:40.545Z
lever	https://jobs.lever.co/kinnek	1	2026-09-28T07:00:40.559Z
lever	https://jobs.lever.co/kinsa	1	2026-09-28T07:00:40.870Z
lever	https://jobs.lever.co/kitcheck	1	2026-09-28T07:00:40.594Z
lever	https://jobs.lever.co/kitopi	1	2026-09-28T07:00:40.624Z
lever	https://jobs.lever.co/kivaai	1	2026-09-28T07:00:40.745Z
lever	https://jobs.lever.co/kiwico	1	2026-09-28T07:00:40.744Z
lever	https://jobs.lever.co/kkbox	1	2026-09-28T07:00:40.770Z
lever	https://jobs.lever.co/klarna	1	2026-09-28T07:00:40.772Z
lever	https://jobs.lever.co/klaviyo	1	2026-09-28T07:00:40.811Z
lever	https://jobs.lever.co/klick	1	2026-09-28T07:00:40.839Z
lever	https://jobs.lever.co/klubworks	1	2026-09-28T07:00:40.842Z
lever	https://jobs.lever.co/klue	1	2026-09-28T07:00:40.916Z
lever	https://jobs.lever.co/kmaconsultingllc	1	2026-09-28T07:00:40.960Z
lever	https://jobs.lever.co/knock	1	2026-09-28T07:00:40.911Z
lever	https://jobs.lever.co/knockcrm	1	2026-09-28T07:00:41.036Z
lever	https://jobs.lever.co/knotch	1	2026-09-28T07:00:42.936Z
lever	https://jobs.lever.co/knownwell	1	2026-09-28T07:00:40.985Z
lever	https://jobs.lever.co/koddi	1	2026-09-28T07:00:41.172Z
lever	https://jobs.lever.co/kodex	1	2026-09-28T07:00:41.128Z
lever	https://jobs.lever.co/kodiak	1	2026-09-28T07:00:41.144Z
lever	https://jobs.lever.co/koho	1	2026-09-28T07:00:41.238Z
lever	https://jobs.lever.co/koldpartners	1	2026-09-28T07:00:41.329Z
lever	https://jobs.lever.co/kolsquare	1	2026-09-28T07:00:41.333Z
lever	https://jobs.lever.co/kong	1	2026-09-28T07:00:41.308Z
lever	https://jobs.lever.co/konviere	1	2026-09-28T07:00:41.437Z
lever	https://jobs.lever.co/koombea	1	2026-09-28T07:00:41.435Z
lever	https://jobs.lever.co/kooptechnologies	1	2026-09-28T07:00:41.587Z
lever	https://jobs.lever.co/koreaboo	1	2026-09-28T07:00:41.567Z
lever	https://jobs.lever.co/kpmg-2	1	2026-09-28T07:00:42.236Z
lever	https://jobs.lever.co/kubecost	1	2026-09-28T07:00:42.109Z
lever	https://jobs.lever.co/kueski	1	2026-09-28T07:00:42.176Z
lever	https://jobs.lever.co/kumo	1	2026-09-28T07:00:42.778Z
lever	https://jobs.lever.co/kumospace	1	2026-09-28T07:00:42.244Z
lever	https://jobs.lever.co/kungfu	1	2026-09-28T07:00:42.269Z
lever	https://jobs.lever.co/kwh-analytics	1	2026-09-28T07:00:42.348Z
lever	https://jobs.lever.co/kwx	1	2026-09-28T07:00:42.317Z
lever	https://jobs.lever.co/kyruus	1	2026-09-28T07:00:42.399Z
lever	https://jobs.lever.co/kyruushealth	1	2026-09-28T07:00:42.399Z
lever	https://jobs.lever.co/kyte	1	2026-09-28T07:00:42.416Z
lever	https://jobs.lever.co/kyverna	1	2026-09-28T07:00:42.496Z
lever	https://jobs.lever.co/laagencia	1	2026-09-28T07:00:42.466Z
lever	https://jobs.lever.co/lambdal	1	2026-09-28T07:00:42.798Z
lever	https://jobs.lever.co/lambdaschool	1	2026-09-28T07:00:42.603Z
lever	https://jobs.lever.co/laminiai	1	2026-09-28T07:00:43.076Z
lever	https://jobs.lever.co/landing	1	2026-09-28T07:00:42.795Z
lever	https://jobs.lever.co/laserhub-2	1	2026-09-28T07:00:42.867Z
lever	https://jobs.lever.co/last9	1	2026-09-28T07:00:42.935Z
lever	https://jobs.lever.co/latticehq	1	2026-09-28T07:00:43.408Z
lever	https://jobs.lever.co/launchdarkly	1	2026-09-28T07:00:43.025Z
lever	https://jobs.lever.co/launcherspace	1	2026-09-28T07:00:43.100Z
lever	https://jobs.lever.co/launchhouse	1	2026-09-28T07:00:43.143Z
lever	https://jobs.lever.co/leadbank	1	2026-09-28T07:00:43.474Z
lever	https://jobs.lever.co/leadgenius	1	2026-09-28T07:00:43.549Z
lever	https://jobs.lever.co/leadr	1	2026-09-28T07:00:44.022Z
lever	https://jobs.lever.co/leadsonline	1	2026-09-28T07:00:43.908Z
lever	https://jobs.lever.co/leaf-trade	1	2026-09-28T07:00:43.851Z
lever	https://jobs.lever.co/leaflogistics	1	2026-09-28T07:00:43.829Z
lever	https://jobs.lever.co/leap-2	1	2026-09-28T07:00:43.919Z
lever	https://jobs.lever.co/learnlux	1	2026-09-28T07:00:43.978Z
lever	https://jobs.lever.co/learnwithjuni	1	2026-09-28T07:00:43.967Z
lever	https://jobs.lever.co/leasequery	1	2026-09-28T07:00:44.014Z
lever	https://jobs.lever.co/ledger	1	2026-09-28T07:00:43.985Z
lever	https://jobs.lever.co/ledn	1	2026-09-28T07:00:44.149Z
lever	https://jobs.lever.co/lefonds-du-bien-commun	1	2026-09-28T07:00:44.041Z
lever	https://jobs.lever.co/legacy	1	2026-09-28T07:00:44.067Z
lever	https://jobs.lever.co/legacyservicepartners	1	2026-09-28T07:00:44.090Z
lever	https://jobs.lever.co/legalfundingcentral	1	2026-09-28T07:00:44.109Z
lever	https://jobs.lever.co/legend	1	2026-09-28T07:00:44.129Z
lever	https://jobs.lever.co/legitimatetech	1	2026-09-28T07:00:44.171Z
lever	https://jobs.lever.co/lempire	1	2026-09-28T07:00:44.615Z
lever	https://jobs.lever.co/lemurian-labs	1	2026-09-28T07:00:44.260Z
lever	https://jobs.lever.co/lendinghome	1	2026-09-28T07:00:44.239Z
lever	https://jobs.lever.co/lendio	1	2026-09-28T07:00:44.302Z
lever	https://jobs.lever.co/leolabs-2	1	2026-09-28T07:00:44.326Z
lever	https://jobs.lever.co/leotechnologies	1	2026-09-28T07:00:46.418Z
lever	https://jobs.lever.co/letote	1	2026-09-28T07:00:44.400Z
lever	https://jobs.lever.co/leucine	1	2026-09-28T07:00:44.470Z
lever	https://jobs.lever.co/levvel	1	2026-09-28T07:00:44.563Z
lever	https://jobs.lever.co/lexingtonmedical	1	2026-09-28T07:00:44.628Z
lever	https://jobs.lever.co/liberatii	1	2026-09-28T07:00:44.632Z
lever	https://jobs.lever.co/lifen	1	2026-09-28T07:00:44.699Z
lever	https://jobs.lever.co/lillio	1	2026-09-28T07:00:44.855Z
lever	https://jobs.lever.co/limberhealth	1	2026-09-28T07:00:44.917Z
lever	https://jobs.lever.co/lime	1	2026-09-28T07:00:44.926Z
lever	https://jobs.lever.co/limebike	1	2026-09-28T07:00:44.986Z
lever	https://jobs.lever.co/liminal	1	2026-09-28T07:00:44.992Z
lever	https://jobs.lever.co/limitless	1	2026-09-28T07:00:45.062Z
lever	https://jobs.lever.co/linea	1	2026-09-28T07:00:45.130Z
lever	https://jobs.lever.co/lingoda	1	2026-09-28T07:00:45.212Z
lever	https://jobs.lever.co/linksys	1	2026-09-28T07:00:45.331Z
lever	https://jobs.lever.co/linktree	1	2026-09-28T07:00:45.326Z
lever	https://jobs.lever.co/linq	1	2026-09-28T07:00:45.386Z
lever	https://jobs.lever.co/linuxacademy	1	2026-09-28T07:00:45.398Z
lever	https://jobs.lever.co/littleotter	1	2026-09-28T07:00:45.449Z
lever	https://jobs.lever.co/livechatinc	1	2026-09-28T07:00:45.549Z
lever	https://jobs.lever.co/livefront	1	2026-09-28T07:00:45.487Z
lever	https://jobs.lever.co/livekindred	1	2026-09-28T07:00:45.540Z
lever	https://jobs.lever.co/livelike	1	2026-09-28T07:00:45.551Z
lever	https://jobs.lever.co/livinghr	1	2026-09-28T07:00:45.617Z
lever	https://jobs.lever.co/loancrate	1	2026-09-28T07:00:45.638Z
lever	https://jobs.lever.co/loblawdigital	1	2026-09-28T07:00:45.706Z
lever	https://jobs.lever.co/localfoodgroup	1	2026-09-28T07:00:45.769Z
lever	https://jobs.lever.co/loft	1	2026-09-28T07:00:45.879Z
lever	https://jobs.lever.co/logicmanager	1	2026-09-28T07:00:45.999Z
lever	https://jobs.lever.co/logikcull	1	2026-09-28T07:00:46.070Z
lever	https://jobs.lever.co/login	1	2026-09-28T07:00:46.077Z
lever	https://jobs.lever.co/logistimo	1	2026-09-28T07:00:46.136Z
lever	https://jobs.lever.co/logixboard	1	2026-09-28T07:00:46.146Z
lever	https://jobs.lever.co/longview	1	2026-09-28T07:00:46.300Z
lever	https://jobs.lever.co/looker	1	2026-09-28T07:00:46.391Z
lever	https://jobs.lever.co/loop-health	1	2026-09-28T07:00:46.412Z
lever	https://jobs.lever.co/loopinternet	1	2026-09-28T07:00:46.465Z
lever	https://jobs.lever.co/loopio	1	2026-09-28T07:00:46.458Z
lever	https://jobs.lever.co/loupetheapp	1	2026-09-28T07:00:46.504Z
lever	https://jobs.lever.co/lovepopcards	1	2026-09-28T07:00:46.592Z
lever	https://jobs.lever.co/loyaltylion	1	2026-09-28T07:00:46.613Z
lever	https://jobs.lever.co/lpainc	1	2026-09-28T07:00:46.663Z
lever	https://jobs.lever.co/lrymediagroup	1	2026-09-28T07:00:46.681Z
lever	https://jobs.lever.co/ltse	1	2026-09-28T07:00:47.704Z
lever	https://jobs.lever.co/lucca	1	2026-09-28T07:00:46.822Z
lever	https://jobs.lever.co/lucid	1	2026-09-28T07:00:47.587Z
lever	https://jobs.lever.co/lucidmotors	1	2026-09-28T07:00:46.890Z
lever	https://jobs.lever.co/lulafit	1	2026-09-28T07:00:47.019Z
lever	https://jobs.lever.co/lumaai	1	2026-09-28T07:00:47.075Z
lever	https://jobs.lever.co/lumapictures	1	2026-09-28T07:00:47.144Z
lever	https://jobs.lever.co/lumary	1	2026-09-28T07:00:47.212Z
lever	https://jobs.lever.co/lumin	1	2026-09-28T07:00:47.491Z
lever	https://jobs.lever.co/luminai	1	2026-09-28T07:00:47.404Z
lever	https://jobs.lever.co/luminarycloud	1	2026-09-28T07:00:47.553Z
lever	https://jobs.lever.co/lumindigital	1	2026-09-28T07:00:47.607Z
lever	https://jobs.lever.co/luminostics	1	2026-09-28T07:00:47.633Z
lever	https://jobs.lever.co/lumivero	1	2026-09-28T07:00:47.678Z
lever	https://jobs.lever.co/lumosity	1	2026-09-28T07:00:47.708Z
lever	https://jobs.lever.co/luni	1	2026-09-28T07:00:49.614Z
lever	https://jobs.lever.co/luxe	1	2026-09-28T07:00:47.826Z
lever	https://jobs.lever.co/luxortechnology	1	2026-09-28T07:00:47.847Z
lever	https://jobs.lever.co/luzia	1	2026-09-28T07:00:47.935Z
lever	https://jobs.lever.co/lyciatherapeutics	1	2026-09-28T07:00:48.055Z
lever	https://jobs.lever.co/lykospbc	1	2026-09-28T07:00:48.136Z
lever	https://jobs.lever.co/lyra	1	2026-09-28T07:00:48.185Z
lever	https://jobs.lever.co/lyracollective	1	2026-09-28T07:00:48.249Z
lever	https://jobs.lever.co/m-kopa	1	2026-09-28T07:00:48.457Z
lever	https://jobs.lever.co/m13	1	2026-09-28T07:00:48.566Z
lever	https://jobs.lever.co/m33	1	2026-09-28T07:00:48.624Z
lever	https://jobs.lever.co/mabl	1	2026-09-28T07:00:48.634Z
lever	https://jobs.lever.co/macandmia	1	2026-09-28T07:00:48.725Z
lever	https://jobs.lever.co/machinalabs	1	2026-09-28T07:00:48.740Z
lever	https://jobs.lever.co/machinefilab	1	2026-09-28T07:00:48.794Z
lever	https://jobs.lever.co/machinerypartner	1	2026-09-28T07:00:48.813Z
lever	https://jobs.lever.co/madbox	1	2026-09-28T07:00:48.909Z
lever	https://jobs.lever.co/madhive	1	2026-09-28T07:00:48.969Z
lever	https://jobs.lever.co/madisonei	1	2026-09-28T07:00:49.315Z
lever	https://jobs.lever.co/madisonlogic	1	2026-09-28T07:00:49.696Z
lever	https://jobs.lever.co/madrigalpharma	1	2026-09-28T07:00:49.031Z
lever	https://jobs.lever.co/magic	1	2026-09-28T07:00:49.097Z
lever	https://jobs.lever.co/magicgames	1	2026-09-28T07:00:49.254Z
lever	https://jobs.lever.co/magnitudesoftware	1	2026-09-28T07:00:49.414Z
lever	https://jobs.lever.co/mahanatherapeutics	1	2026-09-28T07:00:49.482Z
lever	https://jobs.lever.co/mainstreet	1	2026-09-28T07:00:49.634Z
lever	https://jobs.lever.co/mainstreetwork	1	2026-09-28T07:00:49.620Z
lever	https://jobs.lever.co/makersplace	1	2026-09-28T07:00:49.679Z
lever	https://jobs.lever.co/makeschool	1	2026-09-28T07:00:49.687Z
lever	https://jobs.lever.co/mamo	1	2026-09-28T07:00:49.864Z
lever	https://jobs.lever.co/manifest	1	2026-09-28T07:00:49.931Z
lever	https://jobs.lever.co/manifestfinancial	1	2026-09-28T07:00:50.040Z
lever	https://jobs.lever.co/mantanetwork	1	2026-09-28T07:00:50.050Z
lever	https://jobs.lever.co/manty	1	2026-09-28T07:00:50.102Z
lever	https://jobs.lever.co/maplemedia	1	2026-09-28T07:00:50.417Z
lever	https://jobs.lever.co/mapsbcorp	1	2026-09-28T07:00:50.300Z
lever	https://jobs.lever.co/maribelhealth	1	2026-09-28T07:00:50.512Z
lever	https://jobs.lever.co/markato	1	2026-09-28T07:00:50.577Z
lever	https://jobs.lever.co/marketingevolution	1	2026-09-28T07:00:50.645Z
lever	https://jobs.lever.co/marketopia	1	2026-09-28T07:00:50.684Z
lever	https://jobs.lever.co/marlettefunding	1	2026-09-28T07:00:53.036Z
lever	https://jobs.lever.co/marq	1	2026-09-28T07:00:50.708Z
lever	https://jobs.lever.co/martinagency	1	2026-09-28T07:00:50.838Z
lever	https://jobs.lever.co/mastreforestation	1	2026-09-28T07:00:51.057Z
lever	https://jobs.lever.co/mastrics	1	2026-09-28T07:00:51.153Z
lever	https://jobs.lever.co/masygroup	1	2026-09-28T07:00:51.492Z
lever	https://jobs.lever.co/mathpresso	1	2026-09-28T07:00:51.222Z
lever	https://jobs.lever.co/mattermark	1	2026-09-28T07:00:51.511Z
lever	https://jobs.lever.co/mattermost	1	2026-09-28T07:00:51.597Z
lever	https://jobs.lever.co/matterport	1	2026-09-28T07:00:51.593Z
lever	https://jobs.lever.co/matters	1	2026-09-28T07:00:51.576Z
lever	https://jobs.lever.co/mbcapital	1	2026-09-28T07:00:51.719Z
lever	https://jobs.lever.co/mbrdna	1	2026-09-28T07:00:51.733Z
lever	https://jobs.lever.co/mbta	1	2026-09-28T07:00:51.738Z
lever	https://jobs.lever.co/mcgrathnicol	1	2026-09-28T07:00:51.938Z
lever	https://jobs.lever.co/mcra	1	2026-09-28T07:00:52.008Z
lever	https://jobs.lever.co/mechanism-2	1	2026-09-28T07:00:52.232Z
lever	https://jobs.lever.co/medal	1	2026-09-28T07:00:52.152Z
lever	https://jobs.lever.co/medallia	1	2026-09-28T07:00:52.215Z
lever	https://jobs.lever.co/medchart	1	2026-09-28T07:00:52.285Z
lever	https://jobs.lever.co/medely	1	2026-09-28T07:00:53.011Z
lever	https://jobs.lever.co/mediafly	1	2026-09-28T07:00:52.347Z
lever	https://jobs.lever.co/medialab	1	2026-09-28T07:00:52.520Z
lever	https://jobs.lever.co/mediaocean	1	2026-09-28T07:00:54.633Z
lever	https://jobs.lever.co/medium	1	2026-09-28T07:00:53.079Z
lever	https://jobs.lever.co/meetgroup	1	2026-09-28T07:00:54.111Z
lever	https://jobs.lever.co/meetingstreetschools	1	2026-09-28T07:00:54.121Z
lever	https://jobs.lever.co/meliuz	1	2026-09-28T07:00:54.194Z
lever	https://jobs.lever.co/membersy	1	2026-09-28T07:00:54.741Z
lever	https://jobs.lever.co/memebox	1	2026-09-28T07:00:54.262Z
lever	https://jobs.lever.co/memfault	1	2026-09-28T07:00:54.330Z
lever	https://jobs.lever.co/memphismeats	1	2026-09-28T07:00:54.376Z
lever	https://jobs.lever.co/menlovc	1	2026-09-28T07:00:54.570Z
lever	https://jobs.lever.co/mentormate	1	2026-09-28T07:00:54.566Z
lever	https://jobs.lever.co/meridianlink	1	2026-09-28T07:00:54.771Z
lever	https://jobs.lever.co/merit	1	2026-09-28T07:00:58.159Z
lever	https://jobs.lever.co/merkle	1	2026-09-28T07:00:54.771Z
lever	https://jobs.lever.co/meshcapade	1	2026-09-28T07:00:54.979Z
lever	https://jobs.lever.co/messari	1	2026-09-28T07:00:54.900Z
lever	https://jobs.lever.co/metagood	1	2026-09-28T07:00:55.042Z
lever	https://jobs.lever.co/metalpay	1	2026-09-28T07:00:55.011Z
lever	https://jobs.lever.co/metaprisebanking	1	2026-09-28T07:00:55.055Z
lever	https://jobs.lever.co/metatheory	1	2026-09-28T07:00:55.077Z
lever	https://jobs.lever.co/meteor	1	2026-09-28T07:00:55.198Z
lever	https://jobs.lever.co/mgac	1	2026-09-28T07:00:55.324Z
lever	https://jobs.lever.co/mheducation	1	2026-09-28T07:00:55.339Z
lever	https://jobs.lever.co/micromerchantsystems	1	2026-09-28T07:00:55.393Z
lever	https://jobs.lever.co/midigator	1	2026-09-28T07:00:55.700Z
lever	https://jobs.lever.co/mighty	1	2026-09-28T07:00:55.715Z
lever	https://jobs.lever.co/migo-2	1	2026-09-28T07:00:55.539Z
lever	https://jobs.lever.co/miinto	1	2026-09-28T07:00:55.607Z
lever	https://jobs.lever.co/milk-moovement	1	2026-09-28T07:00:55.670Z
lever	https://jobs.lever.co/milliondollarbabyco	1	2026-09-28T07:00:56.030Z
lever	https://jobs.lever.co/mindsdb	1	2026-09-28T07:00:56.064Z
lever	https://jobs.lever.co/mineral	1	2026-09-28T07:00:56.072Z
lever	https://jobs.lever.co/minimumltd	1	2026-09-28T07:00:56.181Z
lever	https://jobs.lever.co/minthouse	1	2026-09-28T07:00:56.250Z
lever	https://jobs.lever.co/missionbarns	1	2026-09-28T07:00:56.703Z
lever	https://jobs.lever.co/missioncloud	1	2026-09-28T07:00:56.758Z
lever	https://jobs.lever.co/missioncontinues	1	2026-09-28T07:00:56.782Z
lever	https://jobs.lever.co/missionhh	1	2026-09-28T07:00:57.985Z
lever	https://jobs.lever.co/missionwired	1	2026-09-28T07:00:56.826Z
lever	https://jobs.lever.co/mittilabs	1	2026-09-28T07:00:57.011Z
lever	https://jobs.lever.co/mixtiles	1	2026-09-28T07:00:57.079Z
lever	https://jobs.lever.co/mobileintegration-group	1	2026-09-28T07:00:57.169Z
lever	https://jobs.lever.co/mobisystems	1	2026-09-28T07:00:57.221Z
lever	https://jobs.lever.co/modern	1	2026-09-28T07:00:57.291Z
lever	https://jobs.lever.co/modern-age	1	2026-09-28T07:00:57.350Z
lever	https://jobs.lever.co/modernintelligence	1	2026-09-28T07:00:57.466Z
lever	https://jobs.lever.co/modjo	1	2026-09-28T07:00:57.540Z
lever	https://jobs.lever.co/modsquad	1	2026-09-28T07:00:57.534Z
lever	https://jobs.lever.co/modsy	1	2026-09-28T07:00:57.604Z
lever	https://jobs.lever.co/modularps	1	2026-09-28T07:01:00.861Z
lever	https://jobs.lever.co/moego	1	2026-09-28T07:00:57.741Z
lever	https://jobs.lever.co/molcure	1	2026-09-28T07:00:57.968Z
lever	https://jobs.lever.co/molekule	1	2026-09-28T07:00:58.037Z
lever	https://jobs.lever.co/moment-ranks	1	2026-09-28T07:00:58.107Z
lever	https://jobs.lever.co/momentfactory	1	2026-09-28T07:00:58.126Z
lever	https://jobs.lever.co/momentum-inc	1	2026-09-28T07:00:58.202Z
lever	https://jobs.lever.co/moneytree	1	2026-09-28T07:00:58.331Z
lever	https://jobs.lever.co/monumental	1	2026-09-28T07:00:58.504Z
lever	https://jobs.lever.co/moogsoft	1	2026-09-28T07:01:01.185Z
lever	https://jobs.lever.co/moonhub	1	2026-09-28T07:00:58.438Z
lever	https://jobs.lever.co/morningconsult	1	2026-09-28T07:01:00.881Z
lever	https://jobs.lever.co/mosaicbuilders	1	2026-09-28T07:00:59.581Z
lever	https://jobs.lever.co/mostly-ai	1	2026-09-28T07:00:59.673Z
lever	https://jobs.lever.co/mostudio	1	2026-09-28T07:00:59.746Z
lever	https://jobs.lever.co/motional	1	2026-09-28T07:01:00.777Z
lever	https://jobs.lever.co/motionapp	1	2026-09-28T07:01:00.484Z
lever	https://jobs.lever.co/motivateco	1	2026-09-28T07:01:00.623Z
lever	https://jobs.lever.co/motive	1	2026-09-28T07:01:00.709Z
lever	https://jobs.lever.co/mountaintop	1	2026-09-28T07:01:00.828Z
lever	https://jobs.lever.co/mous	1	2026-09-28T07:01:00.878Z
lever	https://jobs.lever.co/moveloot	1	2026-09-28T07:01:00.916Z
lever	https://jobs.lever.co/moxionpower	1	2026-09-28T07:01:00.923Z
lever	https://jobs.lever.co/mryum	1	2026-09-28T07:01:00.951Z
lever	https://jobs.lever.co/multiversx	1	2026-09-28T07:01:01.099Z
lever	https://jobs.lever.co/munichelectrification	1	2026-09-28T07:01:01.167Z
lever	https://jobs.lever.co/myassurehealth	1	2026-09-28T07:01:01.408Z
lever	https://jobs.lever.co/mycelium	1	2026-09-28T07:01:01.476Z
lever	https://jobs.lever.co/myplacehealth	1	2026-09-28T07:01:01.885Z
lever	https://jobs.lever.co/mytraffic	1	2026-09-28T07:01:02.037Z
lever	https://jobs.lever.co/nabis	1	2026-09-28T07:01:01.993Z
lever	https://jobs.lever.co/natronenergy	1	2026-09-28T07:01:02.592Z
lever	https://jobs.lever.co/naturesfynd	1	2026-09-28T07:01:02.267Z
lever	https://jobs.lever.co/nautical-commerce	1	2026-09-28T07:01:02.535Z
lever	https://jobs.lever.co/nebra-labs	1	2026-09-28T07:01:02.656Z
lever	https://jobs.lever.co/nectarpr	1	2026-09-28T07:01:02.722Z
lever	https://jobs.lever.co/neednova	1	2026-09-28T07:01:03.083Z
lever	https://jobs.lever.co/nekohealth	1	2026-09-28T07:01:02.880Z
lever	https://jobs.lever.co/nelly	1	2026-09-28T07:01:02.965Z
lever	https://jobs.lever.co/neo4j	1	2026-09-28T07:01:03.035Z
lever	https://jobs.lever.co/neonexchange	1	2026-09-28T07:01:03.101Z
lever	https://jobs.lever.co/nesthealth	1	2026-09-28T07:01:03.165Z
lever	https://jobs.lever.co/nestig	1	2026-09-28T07:01:03.171Z
lever	https://jobs.lever.co/nesto	1	2026-09-28T07:01:03.232Z
lever	https://jobs.lever.co/nestwealth	1	2026-09-28T07:01:03.261Z
lever	https://jobs.lever.co/netflix	1	2026-09-28T07:01:03.567Z
lever	https://jobs.lever.co/neuralink	1	2026-09-28T07:01:03.502Z
lever	https://jobs.lever.co/neurolabs-ai	1	2026-09-28T07:01:03.513Z
lever	https://jobs.lever.co/neurologica	1	2026-09-28T07:01:03.576Z
lever	https://jobs.lever.co/newculturefood	1	2026-09-28T07:01:03.635Z
lever	https://jobs.lever.co/newfrontinsurance	1	2026-09-28T07:01:03.769Z
lever	https://jobs.lever.co/newton-school	1	2026-09-28T07:01:03.688Z
lever	https://jobs.lever.co/nex	1	2026-09-28T07:01:04.068Z
lever	https://jobs.lever.co/nexient	1	2026-09-28T07:01:03.812Z
lever	https://jobs.lever.co/nexigendigital	1	2026-09-28T07:01:03.825Z
lever	https://jobs.lever.co/nexos	1	2026-09-28T07:01:03.859Z
lever	https://jobs.lever.co/nextbigsound	1	2026-09-28T07:01:04.100Z
lever	https://jobs.lever.co/nextcaller	1	2026-09-28T07:01:04.073Z
lever	https://jobs.lever.co/nextdata	1	2026-09-28T07:01:04.050Z
lever	https://jobs.lever.co/nextgames	1	2026-09-28T07:01:04.127Z
lever	https://jobs.lever.co/nextmillennium	1	2026-09-28T07:01:04.137Z
lever	https://jobs.lever.co/nfamilyclub-2	1	2026-09-28T07:01:15.005Z
lever	https://jobs.lever.co/nftnow	1	2026-09-28T07:01:04.203Z
lever	https://jobs.lever.co/nftpay	1	2026-09-28T07:01:04.228Z
lever	https://jobs.lever.co/nightfall	1	2026-09-28T07:01:04.372Z
lever	https://jobs.lever.co/nilc	1	2026-09-28T07:01:04.377Z
lever	https://jobs.lever.co/nimbleai	1	2026-09-28T07:01:04.439Z
lever	https://jobs.lever.co/nio	1	2026-09-28T07:01:04.584Z
lever	https://jobs.lever.co/nisum	1	2026-09-28T07:01:04.610Z
lever	https://jobs.lever.co/nithio	1	2026-09-28T07:01:04.666Z
lever	https://jobs.lever.co/njstateofficeofinnovation	1	2026-09-28T07:01:04.730Z
lever	https://jobs.lever.co/noibutechnologies	1	2026-09-28T07:01:04.795Z
lever	https://jobs.lever.co/nomagic	1	2026-09-28T07:01:05.365Z
lever	https://jobs.lever.co/norcalcann	1	2026-09-28T07:01:04.992Z
lever	https://jobs.lever.co/normai	1	2026-09-28T07:01:05.191Z
lever	https://jobs.lever.co/northatlanticcorp	1	2026-09-28T07:01:05.400Z
lever	https://jobs.lever.co/northernlabs	1	2026-09-28T07:01:05.433Z
lever	https://jobs.lever.co/notabene	1	2026-09-28T07:01:05.491Z
lever	https://jobs.lever.co/notablelabs	1	2026-09-28T07:01:05.469Z
lever	https://jobs.lever.co/notarize	1	2026-09-28T07:01:05.518Z
lever	https://jobs.lever.co/notch	1	2026-09-28T07:01:05.777Z
lever	https://jobs.lever.co/noteworth	1	2026-09-28T07:01:05.570Z
lever	https://jobs.lever.co/notonthehighstreet	1	2026-09-28T07:01:05.586Z
lever	https://jobs.lever.co/novatalent	1	2026-09-28T07:01:05.654Z
lever	https://jobs.lever.co/novi	1	2026-09-28T07:01:05.723Z
lever	https://jobs.lever.co/noyo	1	2026-09-28T07:01:05.863Z
lever	https://jobs.lever.co/nrccua	1	2026-09-28T07:01:05.937Z
lever	https://jobs.lever.co/nsin	1	2026-09-28T07:01:06.259Z
lever	https://jobs.lever.co/ntdsoftware	1	2026-09-28T07:01:06.084Z
lever	https://jobs.lever.co/ntropy-network	1	2026-09-28T07:01:06.146Z
lever	https://jobs.lever.co/nubrakes	1	2026-09-28T07:01:06.152Z
lever	https://jobs.lever.co/numeral	1	2026-09-28T07:01:06.213Z
lever	https://jobs.lever.co/nuorder	1	2026-09-28T07:01:06.452Z
lever	https://jobs.lever.co/nurx	1	2026-09-28T07:01:06.298Z
lever	https://jobs.lever.co/nutcrackertherapeutics	1	2026-09-28T07:01:06.325Z
lever	https://jobs.lever.co/nuvoair	1	2026-09-28T07:01:06.507Z
lever	https://jobs.lever.co/nveloptherapeutics	1	2026-09-28T07:01:06.641Z
lever	https://jobs.lever.co/nxcr	1	2026-09-28T07:01:06.521Z
lever	https://jobs.lever.co/nxscale	1	2026-09-28T07:01:06.702Z
lever	https://jobs.lever.co/nylas	1	2026-09-28T07:01:06.587Z
lever	https://jobs.lever.co/nymedia	1	2026-09-28T07:01:06.656Z
lever	https://jobs.lever.co/nyscf-2	1	2026-09-28T07:01:06.713Z
lever	https://jobs.lever.co/oatly	1	2026-09-28T07:01:07.741Z
lever	https://jobs.lever.co/obie	1	2026-09-28T07:01:06.783Z
lever	https://jobs.lever.co/observeai	1	2026-09-28T07:01:08.343Z
lever	https://jobs.lever.co/observeinc	1	2026-09-28T07:01:07.992Z
lever	https://jobs.lever.co/ochre-bio	1	2026-09-28T07:01:17.892Z
lever	https://jobs.lever.co/ocrolus	1	2026-09-28T07:01:15.671Z
lever	https://jobs.lever.co/octane	1	2026-09-28T07:01:15.266Z
lever	https://jobs.lever.co/octoml	1	2026-09-28T07:01:15.484Z
lever	https://jobs.lever.co/octopus	1	2026-09-28T07:01:15.555Z
lever	https://jobs.lever.co/oda	1	2026-09-28T07:01:15.623Z
lever	https://jobs.lever.co/odysaviation	1	2026-09-28T07:01:15.770Z
lever	https://jobs.lever.co/offerpop	1	2026-09-28T07:01:15.839Z
lever	https://jobs.lever.co/omni-network	1	2026-09-28T07:01:16.513Z
lever	https://jobs.lever.co/onaroll	1	2026-09-28T07:01:18.198Z
lever	https://jobs.lever.co/ondeck	1	2026-09-28T07:01:18.265Z
lever	https://jobs.lever.co/ondofinance	1	2026-09-28T07:01:18.330Z
lever	https://jobs.lever.co/oneconcern	1	2026-09-28T07:01:18.333Z
lever	https://jobs.lever.co/onefinance	1	2026-09-28T07:01:18.464Z
lever	https://jobs.lever.co/onefootball	1	2026-09-28T07:01:18.458Z
lever	https://jobs.lever.co/onehouse	1	2026-09-28T07:01:19.820Z
lever	https://jobs.lever.co/onesignal	1	2026-09-28T07:01:19.097Z
lever	https://jobs.lever.co/oneteam	1	2026-09-28T07:01:19.239Z
lever	https://jobs.lever.co/onfido	1	2026-09-28T07:01:19.308Z
lever	https://jobs.lever.co/ontic	1	2026-09-28T07:01:19.383Z
lever	https://jobs.lever.co/onuniverse	1	2026-09-28T07:01:19.451Z
lever	https://jobs.lever.co/onupkeep	1	2026-09-28T07:01:19.520Z
lever	https://jobs.lever.co/opala	1	2026-09-28T07:01:19.685Z
lever	https://jobs.lever.co/opaque-systems	1	2026-09-28T07:01:19.756Z
lever	https://jobs.lever.co/opcity	1	2026-09-28T07:01:19.751Z
lever	https://jobs.lever.co/openai	1	2026-09-28T07:01:19.819Z
lever	https://jobs.lever.co/opencare	1	2026-09-28T07:01:19.822Z
lever	https://jobs.lever.co/opendoor	1	2026-09-28T07:01:19.904Z
lever	https://jobs.lever.co/openfarminc	1	2026-09-28T07:01:19.888Z
lever	https://jobs.lever.co/opengov	1	2026-09-28T07:01:20.318Z
lever	https://jobs.lever.co/openinvest	1	2026-09-28T07:01:19.971Z
lever	https://jobs.lever.co/openlogix	1	2026-09-28T07:01:29.252Z
lever	https://jobs.lever.co/openpayd	1	2026-09-28T07:01:20.042Z
lever	https://jobs.lever.co/openphone	1	2026-09-28T07:01:20.109Z
lever	https://jobs.lever.co/opensauced	1	2026-09-28T07:01:20.422Z
lever	https://jobs.lever.co/opensea	1	2026-09-28T07:01:20.436Z
lever	https://jobs.lever.co/openstore	1	2026-09-28T07:01:20.491Z
lever	https://jobs.lever.co/openteam	1	2026-09-28T07:01:20.507Z
lever	https://jobs.lever.co/operator	1	2026-09-28T07:01:20.611Z
lever	https://jobs.lever.co/ophelia	1	2026-09-28T07:01:20.680Z
lever	https://jobs.lever.co/opinov8	1	2026-09-28T07:01:20.749Z
lever	https://jobs.lever.co/optimism	1	2026-09-28T07:01:33.018Z
lever	https://jobs.lever.co/optimusride	1	2026-09-28T07:01:20.814Z
lever	https://jobs.lever.co/optiv-2	1	2026-09-28T07:01:21.295Z
lever	https://jobs.lever.co/opus1	1	2026-09-28T07:01:21.377Z
lever	https://jobs.lever.co/orbillion	1	2026-09-28T07:01:33.023Z
lever	https://jobs.lever.co/orbitalinsight	1	2026-09-28T07:01:21.591Z
lever	https://jobs.lever.co/orcamobility	1	2026-09-28T07:01:23.098Z
lever	https://jobs.lever.co/orkes	1	2026-09-28T07:01:23.373Z
lever	https://jobs.lever.co/orum	1	2026-09-28T07:01:23.441Z
lever	https://jobs.lever.co/osmind	1	2026-09-28T07:01:23.618Z
lever	https://jobs.lever.co/osnational	1	2026-09-28T07:01:23.621Z
lever	https://jobs.lever.co/oso	1	2026-09-28T07:01:23.759Z
lever	https://jobs.lever.co/osomprivacy	1	2026-09-28T07:01:23.687Z
lever	https://jobs.lever.co/ouster	1	2026-09-28T07:01:25.377Z
lever	https://jobs.lever.co/outrider	1	2026-09-28T07:01:25.722Z
lever	https://jobs.lever.co/outschool	1	2026-09-28T07:01:25.790Z
lever	https://jobs.lever.co/overbit	1	2026-09-28T07:01:26.185Z
lever	https://jobs.lever.co/overbond	1	2026-09-28T07:01:26.253Z
lever	https://jobs.lever.co/overmoon	1	2026-09-28T07:01:26.319Z
lever	https://jobs.lever.co/owner	1	2026-09-28T07:01:27.261Z
lever	https://jobs.lever.co/oxeonpartners	1	2026-09-28T07:01:26.434Z
lever	https://jobs.lever.co/oxio	1	2026-09-28T07:01:26.500Z
lever	https://jobs.lever.co/oxman	1	2026-09-28T07:01:26.569Z
lever	https://jobs.lever.co/p-1ai	1	2026-09-28T07:01:26.738Z
lever	https://jobs.lever.co/pachyderm	1	2026-09-28T07:01:27.143Z
lever	https://jobs.lever.co/packmatic	1	2026-09-28T07:01:27.424Z
lever	https://jobs.lever.co/pagerduty	1	2026-09-28T07:01:27.643Z
lever	https://jobs.lever.co/pamu	1	2026-09-28T07:01:27.801Z
lever	https://jobs.lever.co/panapartners	1	2026-09-28T07:01:27.908Z
lever	https://jobs.lever.co/panda	1	2026-09-28T07:01:28.623Z
lever	https://jobs.lever.co/panderasystems	1	2026-09-28T07:01:27.976Z
lever	https://jobs.lever.co/pano	1	2026-09-28T07:01:28.042Z
lever	https://jobs.lever.co/panteracapital	1	2026-09-28T07:01:33.785Z
lever	https://jobs.lever.co/panum	1	2026-09-28T07:01:28.691Z
lever	https://jobs.lever.co/papara	1	2026-09-28T07:01:28.759Z
lever	https://jobs.lever.co/papercut	1	2026-09-28T07:01:28.827Z
lever	https://jobs.lever.co/paradoxum-gg	1	2026-09-28T07:01:28.959Z
lever	https://jobs.lever.co/parcellab	1	2026-09-28T07:01:29.299Z
lever	https://jobs.lever.co/pardon	1	2026-09-28T07:01:29.320Z
lever	https://jobs.lever.co/parkplace	1	2026-09-28T07:01:29.371Z
lever	https://jobs.lever.co/parrotsa	1	2026-09-28T07:01:29.460Z
lever	https://jobs.lever.co/parsleyhealth	1	2026-09-28T07:01:29.527Z
lever	https://jobs.lever.co/parspec	1	2026-09-28T07:01:29.563Z
lever	https://jobs.lever.co/participantmedia	1	2026-09-28T07:01:29.596Z
lever	https://jobs.lever.co/partiful	1	2026-09-28T07:01:29.738Z
lever	https://jobs.lever.co/partoo	1	2026-09-28T07:01:29.662Z
lever	https://jobs.lever.co/partyslate	1	2026-09-28T07:01:29.763Z
lever	https://jobs.lever.co/passport	1	2026-09-28T07:01:29.806Z
lever	https://jobs.lever.co/passportshipping	1	2026-09-28T07:01:30.019Z
lever	https://jobs.lever.co/pathrise	1	2026-09-28T07:01:30.263Z
lever	https://jobs.lever.co/patientcolife	1	2026-09-28T07:01:30.331Z
lever	https://jobs.lever.co/pax8	1	2026-09-28T07:01:30.517Z
lever	https://jobs.lever.co/payfit	1	2026-09-28T07:01:31.080Z
lever	https://jobs.lever.co/paymongo	1	2026-09-28T07:01:31.247Z
lever	https://jobs.lever.co/paystack	1	2026-09-28T07:01:31.354Z
lever	https://jobs.lever.co/paytmbank	1	2026-09-28T07:01:31.847Z
lever	https://jobs.lever.co/payzen	1	2026-09-28T07:01:32.245Z
lever	https://jobs.lever.co/pdq	1	2026-09-28T07:01:32.454Z
lever	https://jobs.lever.co/peachfinance	1	2026-09-28T07:01:32.866Z
lever	https://jobs.lever.co/peakdentalservices	1	2026-09-28T07:01:32.531Z
lever	https://jobs.lever.co/peakdesign	1	2026-09-28T07:01:32.629Z
lever	https://jobs.lever.co/peakmetrics	1	2026-09-28T07:01:32.833Z
lever	https://jobs.lever.co/peddie	1	2026-09-28T07:01:32.951Z
lever	https://jobs.lever.co/pelago	1	2026-09-28T07:01:33.013Z
lever	https://jobs.lever.co/pennylane	1	2026-09-28T07:01:33.081Z
lever	https://jobs.lever.co/pento	1	2026-09-28T07:01:33.148Z
lever	https://jobs.lever.co/peoplefun	1	2026-09-28T07:01:33.217Z
lever	https://jobs.lever.co/percipient	1	2026-09-28T07:01:33.421Z
lever	https://jobs.lever.co/percona	1	2026-09-28T07:01:33.423Z
lever	https://jobs.lever.co/persistiq	1	2026-09-28T07:01:33.703Z
lever	https://jobs.lever.co/persona	1	2026-09-28T07:01:33.562Z
lever	https://jobs.lever.co/pestotech	1	2026-09-28T07:01:33.704Z
lever	https://jobs.lever.co/petalcard	1	2026-09-28T07:01:33.654Z
lever	https://jobs.lever.co/petcircle	1	2026-09-28T07:01:33.646Z
lever	https://jobs.lever.co/peteforamerica	1	2026-09-28T07:01:33.717Z
lever	https://jobs.lever.co/petfriendly	1	2026-09-28T07:01:33.721Z
lever	https://jobs.lever.co/petvisor	1	2026-09-28T07:01:33.772Z
lever	https://jobs.lever.co/pex	1	2026-09-28T07:01:33.958Z
lever	https://jobs.lever.co/phaze-technologies	1	2026-09-28T07:01:33.789Z
lever	https://jobs.lever.co/phiatech	1	2026-09-28T07:01:37.163Z
lever	https://jobs.lever.co/phoenixtailings	1	2026-09-28T07:01:35.014Z
lever	https://jobs.lever.co/photoroom	1	2026-09-28T07:01:33.856Z
lever	https://jobs.lever.co/phrasee	1	2026-09-28T07:01:37.292Z
lever	https://jobs.lever.co/pickethomes	1	2026-09-28T07:01:36.319Z
lever	https://jobs.lever.co/picsart	1	2026-09-28T07:01:34.529Z
lever	https://jobs.lever.co/pieinsurance	1	2026-09-28T07:01:34.667Z
lever	https://jobs.lever.co/piepacker	1	2026-09-28T07:01:34.730Z
lever	https://jobs.lever.co/pillow	1	2026-09-28T07:01:35.073Z
lever	https://jobs.lever.co/pinata	1	2026-09-28T07:01:35.077Z
lever	https://jobs.lever.co/pineparkhealth	1	2026-09-28T07:01:35.146Z
lever	https://jobs.lever.co/pingcap	1	2026-09-28T07:01:35.227Z
lever	https://jobs.lever.co/pirouettemedical	1	2026-09-28T07:01:35.936Z
lever	https://jobs.lever.co/pjp	1	2026-09-28T07:01:36.104Z
lever	https://jobs.lever.co/placemeter	1	2026-09-28T07:01:36.258Z
lever	https://jobs.lever.co/placepass	1	2026-09-28T07:01:36.191Z
lever	https://jobs.lever.co/plaid	1	2026-09-28T07:01:36.412Z
lever	https://jobs.lever.co/plailabsinc	1	2026-09-28T07:01:37.128Z
lever	https://jobs.lever.co/planetinnovation	1	2026-09-28T07:01:36.388Z
lever	https://jobs.lever.co/plangrid	1	2026-09-28T07:01:36.482Z
lever	https://jobs.lever.co/planned-2	1	2026-09-28T07:01:36.637Z
lever	https://jobs.lever.co/plastiq	1	2026-09-28T07:01:37.318Z
lever	https://jobs.lever.co/platform-stud	1	2026-09-28T07:01:37.146Z
lever	https://jobs.lever.co/playvs	1	2026-09-28T07:01:37.307Z
lever	https://jobs.lever.co/plazahomemortgage	1	2026-09-28T07:01:37.361Z
lever	https://jobs.lever.co/plooto	1	2026-09-28T07:01:37.508Z
lever	https://jobs.lever.co/plum	1	2026-09-28T07:01:37.511Z
lever	https://jobs.lever.co/pockethealth	1	2026-09-28T07:01:37.891Z
lever	https://jobs.lever.co/pocketworlds	1	2026-09-28T07:01:40.907Z
lever	https://jobs.lever.co/pointonenav	1	2026-09-28T07:01:38.433Z
lever	https://jobs.lever.co/polarsteps	1	2026-09-28T07:01:38.503Z
lever	https://jobs.lever.co/policyfly	1	2026-09-28T07:01:38.558Z
lever	https://jobs.lever.co/pollyex	1	2026-09-28T07:01:38.677Z
lever	https://jobs.lever.co/polygon	1	2026-09-28T07:01:38.756Z
lever	https://jobs.lever.co/polymerlabs	1	2026-09-28T07:01:38.745Z
lever	https://jobs.lever.co/pond5	1	2026-09-28T07:01:38.920Z
lever	https://jobs.lever.co/poplarhomes	1	2026-09-28T07:01:39.121Z
lever	https://jobs.lever.co/popmenu	1	2026-09-28T07:01:38.992Z
lever	https://jobs.lever.co/popsa	1	2026-09-28T07:01:39.076Z
lever	https://jobs.lever.co/portoro	1	2026-09-28T07:01:39.720Z
lever	https://jobs.lever.co/poshtech	1	2026-09-28T07:01:39.858Z
lever	https://jobs.lever.co/possiblefinance	1	2026-09-28T07:01:39.954Z
lever	https://jobs.lever.co/potentialmotors	1	2026-09-28T07:01:40.722Z
lever	https://jobs.lever.co/potloc	1	2026-09-28T07:01:40.678Z
lever	https://jobs.lever.co/ppgt	1	2026-09-28T07:01:41.022Z
lever	https://jobs.lever.co/pplwise	1	2026-09-28T07:01:41.188Z
lever	https://jobs.lever.co/ppnyc	1	2026-09-28T07:01:41.341Z
lever	https://jobs.lever.co/ppslrswmo	1	2026-09-28T07:01:41.563Z
lever	https://jobs.lever.co/practicebetter	1	2026-09-28T07:01:42.159Z
lever	https://jobs.lever.co/preligens	1	2026-09-28T07:01:42.339Z
lever	https://jobs.lever.co/premia	1	2026-09-28T07:01:42.320Z
lever	https://jobs.lever.co/prescriptivedata	1	2026-09-28T07:01:42.364Z
lever	https://jobs.lever.co/prestashop	1	2026-09-28T07:01:42.418Z
lever	https://jobs.lever.co/prestigedevelopment	1	2026-09-28T07:01:42.401Z
lever	https://jobs.lever.co/presto	1	2026-09-28T07:01:42.431Z
lever	https://jobs.lever.co/pretto	1	2026-09-28T07:01:42.481Z
lever	https://jobs.lever.co/prevail	1	2026-09-28T07:01:42.500Z
lever	https://jobs.lever.co/pricebenowitz	1	2026-09-28T07:01:42.519Z
lever	https://jobs.lever.co/pricemoov	1	2026-09-28T07:01:42.560Z
lever	https://jobs.lever.co/primary-2	1	2026-09-28T07:01:42.622Z
lever	https://jobs.lever.co/primaryvc	1	2026-09-28T07:01:42.628Z
lever	https://jobs.lever.co/primechiefofstaff	1	2026-09-28T07:01:42.893Z
lever	https://jobs.lever.co/primemoverslab	1	2026-09-28T07:01:42.688Z
lever	https://jobs.lever.co/printavo	1	2026-09-28T07:01:42.751Z
lever	https://jobs.lever.co/printify	1	2026-09-28T07:01:42.809Z
lever	https://jobs.lever.co/priorities	1	2026-09-28T07:01:42.808Z
lever	https://jobs.lever.co/privacy	1	2026-09-28T07:01:42.877Z
lever	https://jobs.lever.co/processunity	1	2026-09-28T07:01:42.945Z
lever	https://jobs.lever.co/proconconsulting	1	2026-09-28T07:01:42.946Z
